step,train,val,lr,elapsed_sec
0,9.275266,9.274821,0.00000000e+00,8.0
10,9.267711,9.259364,1.50000000e-06,10.4
20,9.247673,9.241963,3.00000000e-06,12.1
30,9.195089,9.183997,4.50000000e-06,13.6
40,9.130795,9.128564,6.00000000e-06,15.0
50,9.045135,9.043648,7.50000000e-06,16.4
60,8.940134,8.929284,9.00000000e-06,17.7
70,8.826941,8.804503,1.05000000e-05,19.0
80,8.680256,8.655092,1.20000000e-05,20.2
90,8.498878,8.505457,1.35000000e-05,21.5
100,8.360550,8.334743,1.50000000e-05,22.7
110,8.158537,8.177814,1.65000000e-05,23.9
120,7.993816,7.951538,1.80000000e-05,25.1
130,7.865531,7.845331,1.95000000e-05,26.3
140,7.694984,7.668593,2.10000000e-05,27.5
150,7.507488,7.505123,2.25000000e-05,28.8
160,7.324939,7.318689,2.40000000e-05,30.0
170,7.172045,7.173999,2.55000000e-05,31.3
180,7.009190,6.989596,2.70000000e-05,32.6
190,6.839411,6.779436,2.85000000e-05,33.9
200,6.677300,6.596017,3.00000000e-05,35.2
210,6.415476,6.476524,3.15000000e-05,36.5
220,6.315889,6.250039,3.30000000e-05,37.8
230,6.053753,6.001523,3.45000000e-05,39.2
240,5.967045,5.991199,3.60000000e-05,40.5
250,5.684004,5.711709,3.75000000e-05,41.8
260,5.663165,5.717861,3.90000000e-05,43.0
270,5.371912,5.459439,4.05000000e-05,44.3
280,5.380799,5.258265,4.20000000e-05,45.6
290,5.202099,5.155316,4.35000000e-05,46.9
300,5.060960,5.108109,4.50000000e-05,48.2
310,4.968914,5.012744,4.65000000e-05,49.5
320,4.791613,4.925396,4.80000000e-05,50.7
330,4.813438,4.800570,4.95000000e-05,52.0
340,4.703248,4.659677,5.10000000e-05,53.2
350,4.669694,4.553749,5.25000000e-05,54.4
360,4.545260,4.581682,5.40000000e-05,55.7
370,4.318885,4.410384,5.55000000e-05,56.9
380,4.380994,4.371040,5.70000000e-05,58.1
390,4.394588,4.220706,5.85000000e-05,59.4
400,4.186777,4.251868,6.00000000e-05,60.6
410,4.282613,4.225624,6.15000000e-05,61.9
420,4.110123,4.166951,6.30000000e-05,63.2
430,3.968222,4.104047,6.45000000e-05,64.4
440,4.105137,4.040768,6.60000000e-05,65.6
450,4.102971,4.068960,6.75000000e-05,66.8
460,3.974608,4.094148,6.90000000e-05,68.0
470,3.957540,3.937930,7.05000000e-05,69.2
480,3.912083,3.840735,7.20000000e-05,70.4
490,3.725030,3.865460,7.35000000e-05,71.6
500,3.833876,3.827413,7.50000000e-05,72.8
510,4.000163,3.774613,7.65000000e-05,74.8
520,3.715924,3.679430,7.80000000e-05,76.5
530,3.736309,3.694785,7.95000000e-05,78.0
540,3.855048,3.703944,8.10000000e-05,79.5
550,3.786618,3.708854,8.25000000e-05,81.0
560,3.556608,3.723997,8.40000000e-05,82.5
570,3.561748,3.665423,8.55000000e-05,84.0
580,3.665417,3.656674,8.70000000e-05,85.4
590,3.594885,3.542920,8.85000000e-05,86.7
600,3.547592,3.658698,9.00000000e-05,88.1
610,3.585140,3.603595,9.15000000e-05,89.4
620,3.601483,3.515464,9.30000000e-05,90.7
630,3.321513,3.492523,9.45000000e-05,92.1
640,3.477469,3.461249,9.60000000e-05,93.4
650,3.571358,3.382727,9.75000000e-05,94.7
660,3.380868,3.376443,9.90000000e-05,96.0
670,3.266762,3.353034,1.00500000e-04,97.3
680,3.382930,3.438601,1.02000000e-04,98.7
690,3.345263,3.527252,1.03500000e-04,100.1
700,3.335605,3.430482,1.05000000e-04,101.4
710,3.380847,3.320143,1.06500000e-04,102.8
720,3.237204,3.375116,1.08000000e-04,104.2
730,3.264910,3.185569,1.09500000e-04,105.6
740,3.290637,3.379600,1.11000000e-04,107.0
750,3.203160,3.312050,1.12500000e-04,108.4
760,3.184533,3.224246,1.14000000e-04,109.8
770,3.282363,3.244518,1.15500000e-04,111.2
780,3.193499,3.188040,1.17000000e-04,112.7
790,3.171006,3.185192,1.18500000e-04,114.1
800,3.209738,3.189708,1.20000000e-04,115.5
810,3.179176,3.291792,1.21500000e-04,116.9
820,3.302825,3.189782,1.23000000e-04,118.4
830,3.098477,3.318128,1.24500000e-04,119.8
840,3.213094,3.101522,1.26000000e-04,121.2
850,3.107157,3.216924,1.27500000e-04,122.7
860,3.085996,3.117079,1.29000000e-04,124.1
870,2.947670,2.964663,1.30500000e-04,125.5
880,2.983552,2.999475,1.32000000e-04,126.9
890,3.060913,2.935234,1.33500000e-04,128.3
900,3.006976,3.072485,1.35000000e-04,129.7
910,3.014615,2.955840,1.36500000e-04,131.1
920,3.114008,3.047961,1.38000000e-04,132.5
930,2.980787,3.145872,1.39500000e-04,133.8
940,3.017086,2.874081,1.41000000e-04,135.2
950,2.963151,2.982837,1.42500000e-04,136.7
960,2.980025,2.955368,1.44000000e-04,138.1
970,3.044518,3.116428,1.45500000e-04,139.4
980,3.007272,3.007588,1.47000000e-04,140.8
990,3.045110,2.940306,1.48500000e-04,142.2
1000,2.981274,2.890221,1.50000000e-04,143.6
1010,2.983834,3.152686,1.51500000e-04,145.6
1020,3.004909,2.946756,1.53000000e-04,147.3
1030,2.835622,2.924680,1.54500000e-04,149.0
1040,2.882337,2.835997,1.56000000e-04,150.6
1050,2.823639,2.963576,1.57500000e-04,152.1
1060,2.955504,2.958582,1.59000000e-04,153.7
1070,2.854236,2.787555,1.60500000e-04,155.2
1080,2.839872,2.982845,1.62000000e-04,156.7
1090,2.893647,2.961354,1.63500000e-04,158.2
1100,2.871916,2.862802,1.65000000e-04,159.6
1110,2.700071,2.844600,1.66500000e-04,161.1
1120,2.943244,2.815345,1.68000000e-04,162.5
1130,2.768873,2.747217,1.69500000e-04,163.9
1140,2.806734,2.859209,1.71000000e-04,165.3
1150,2.865257,2.790126,1.72500000e-04,166.7
1160,2.894838,2.785589,1.74000000e-04,168.0
1170,2.739871,2.777003,1.75500000e-04,169.4
1180,2.804222,2.814383,1.77000000e-04,170.8
1190,2.804886,2.845743,1.78500000e-04,172.1
1200,2.844320,2.836484,1.80000000e-04,173.5
1210,2.848438,2.803324,1.81500000e-04,174.8
1220,2.753747,2.735070,1.83000000e-04,176.2
1230,2.806647,2.770604,1.84500000e-04,177.5
1240,2.743827,2.822865,1.86000000e-04,178.9
1250,2.706028,2.661951,1.87500000e-04,180.3
1260,2.681022,2.715357,1.89000000e-04,181.7
1270,2.676114,2.810530,1.90500000e-04,183.0
1280,2.739481,2.691337,1.92000000e-04,184.4
1290,2.734704,2.647317,1.93500000e-04,185.8
1300,2.803887,2.739638,1.95000000e-04,187.2
1310,2.618707,2.678803,1.96500000e-04,188.6
1320,2.761432,2.726729,1.98000000e-04,190.0
1330,2.714213,2.643342,1.99500000e-04,191.4
1340,2.654022,2.713149,2.01000000e-04,192.8
1350,2.748770,2.728816,2.02500000e-04,194.2
1360,2.754489,2.847800,2.04000000e-04,195.6
1370,2.682604,2.724380,2.05500000e-04,197.0
1380,2.725304,2.666757,2.07000000e-04,198.4
1390,2.672761,2.545065,2.08500000e-04,199.7
1400,2.608397,2.651478,2.10000000e-04,201.1
1410,2.648607,2.654567,2.11500000e-04,202.4
1420,2.743997,2.599399,2.13000000e-04,203.8
1430,2.712429,2.556473,2.14500000e-04,205.1
1440,2.666412,2.486122,2.16000000e-04,206.5
1450,2.676910,2.675363,2.17500000e-04,207.8
1460,2.692118,2.616714,2.19000000e-04,209.2
1470,2.658362,2.659210,2.20500000e-04,210.6
1480,2.527371,2.668440,2.22000000e-04,212.0
1490,2.590700,2.673375,2.23500000e-04,213.4
1500,2.685002,2.598813,2.25000000e-04,214.7
1510,2.529827,2.441770,2.26500000e-04,216.7
1520,2.586396,2.488364,2.28000000e-04,218.3
1530,2.622401,2.488027,2.29500000e-04,219.8
1540,2.625955,2.601806,2.31000000e-04,221.3
1550,2.515756,2.585332,2.32500000e-04,222.7
1560,2.518679,2.764034,2.34000000e-04,224.2
1570,2.532334,2.469700,2.35500000e-04,225.6
1580,2.572763,2.543418,2.37000000e-04,227.0
1590,2.477869,2.582519,2.38500000e-04,228.4
1600,2.673727,2.769052,2.40000000e-04,229.7
1610,2.472002,2.451548,2.41500000e-04,231.1
1620,2.631892,2.616568,2.43000000e-04,232.4
1630,2.478960,2.617064,2.44500000e-04,233.7
1640,2.494269,2.581961,2.46000000e-04,235.0
1650,2.528122,2.542691,2.47500000e-04,236.2
1660,2.609818,2.527557,2.49000000e-04,237.5
1670,2.571428,2.656788,2.50500000e-04,238.7
1680,2.513561,2.548939,2.52000000e-04,240.0
1690,2.496919,2.615475,2.53500000e-04,241.3
1700,2.526628,2.580678,2.55000000e-04,242.6
1710,2.549804,2.441179,2.56500000e-04,244.0
1720,2.518481,2.644105,2.58000000e-04,245.3
1730,2.596369,2.498258,2.59500000e-04,246.6
1740,2.503162,2.416228,2.61000000e-04,248.0
1750,2.383478,2.454573,2.62500000e-04,249.4
1760,2.609809,2.458595,2.64000000e-04,250.8
1770,2.475173,2.495307,2.65500000e-04,252.1
1780,2.494565,2.497851,2.67000000e-04,253.5
1790,2.430772,2.478378,2.68500000e-04,254.8
1800,2.379228,2.444077,2.70000000e-04,256.1
1810,2.461349,2.479033,2.71500000e-04,257.4
1820,2.474664,2.283300,2.73000000e-04,258.7
1830,2.419257,2.284405,2.74500000e-04,260.0
1840,2.642046,2.317042,2.76000000e-04,261.2
1850,2.437066,2.646064,2.77500000e-04,262.5
1860,2.517506,2.611864,2.79000000e-04,263.8
1870,2.432636,2.470294,2.80500000e-04,265.1
1880,2.422197,2.433255,2.82000000e-04,266.4
1890,2.397063,2.460906,2.83500000e-04,267.8
1900,2.413949,2.529478,2.85000000e-04,269.0
1910,2.374318,2.368384,2.86500000e-04,270.3
1920,2.326139,2.470114,2.88000000e-04,271.5
1930,2.392656,2.405283,2.89500000e-04,272.7
1940,2.322098,2.441616,2.91000000e-04,273.9
1950,2.475407,2.440312,2.92500000e-04,275.0
1960,2.377322,2.465781,2.94000000e-04,276.2
1970,2.431846,2.395452,2.95500000e-04,277.3
1980,2.411820,2.530687,2.97000000e-04,278.5
1990,2.419119,2.472615,2.98500000e-04,279.6
2000,2.329428,2.326885,3.00000000e-04,280.8
2010,2.441828,2.483180,2.99999998e-04,282.7
2020,2.325263,2.344608,2.99999991e-04,284.2
2030,2.481224,2.348691,2.99999979e-04,285.6
2040,2.236784,2.441094,2.99999962e-04,286.9
2050,2.329338,2.366108,2.99999941e-04,288.3
2060,2.419894,2.460136,2.99999915e-04,289.9
2070,2.372004,2.321793,2.99999884e-04,291.4
2080,2.273048,2.380320,2.99999849e-04,292.9
2090,2.345245,2.417727,2.99999809e-04,294.3
2100,2.447753,2.564471,2.99999764e-04,295.6
2110,2.397571,2.540330,2.99999714e-04,296.9
2120,2.342870,2.415648,2.99999660e-04,298.2
2130,2.343303,2.370178,2.99999601e-04,299.4
2140,2.315279,2.410552,2.99999537e-04,300.7
2150,2.293624,2.506492,2.99999469e-04,301.9
2160,2.278102,2.453904,2.99999396e-04,303.1
2170,2.236526,2.368979,2.99999318e-04,304.3
2180,2.447293,2.375619,2.99999235e-04,305.4
2190,2.272047,2.387138,2.99999148e-04,306.6
2200,2.298313,2.245643,2.99999056e-04,307.8
2210,2.303543,2.333874,2.99998959e-04,309.0
2220,2.331695,2.380097,2.99998858e-04,310.2
2230,2.334805,2.313657,2.99998751e-04,311.3
2240,2.327879,2.374313,2.99998640e-04,312.6
2250,2.323944,2.228786,2.99998525e-04,313.8
2260,2.446821,2.265334,2.99998404e-04,315.0
2270,2.419177,2.350560,2.99998279e-04,316.3
2280,2.461753,2.450675,2.99998149e-04,317.5
2290,2.208492,2.245242,2.99998015e-04,318.7
2300,2.463157,2.271836,2.99997876e-04,319.9
2310,2.293809,2.385390,2.99997732e-04,321.1
2320,2.159137,2.246552,2.99997583e-04,322.3
2330,2.232606,2.338121,2.99997430e-04,323.4
2340,2.321627,2.378740,2.99997271e-04,324.6
2350,2.349675,2.209472,2.99997109e-04,325.9
2360,2.314442,2.290679,2.99996941e-04,327.1
2370,2.175776,2.310803,2.99996769e-04,328.3
2380,2.297026,2.285685,2.99996592e-04,329.6
2390,2.304953,2.215221,2.99996410e-04,330.9
2400,2.294712,2.329226,2.99996223e-04,332.2
2410,2.257292,2.221713,2.99996032e-04,333.5
2420,2.316041,2.155154,2.99995836e-04,334.8
2430,2.189854,2.199318,2.99995636e-04,336.0
2440,2.265018,2.330660,2.99995430e-04,337.4
2450,2.246695,2.177687,2.99995220e-04,338.7
2460,2.206711,2.140907,2.99995005e-04,340.1
2470,2.212680,2.239408,2.99994786e-04,341.4
2480,2.273772,2.181300,2.99994562e-04,342.6
2490,2.241029,2.326191,2.99994333e-04,343.9
2500,2.235302,2.388793,2.99994099e-04,345.1
2510,2.433293,2.119110,2.99993861e-04,347.1
2520,2.215127,2.214478,2.99993618e-04,348.6
2530,2.281018,2.225532,2.99993370e-04,350.1
2540,2.266865,2.345428,2.99993117e-04,351.5
2550,2.177952,2.220697,2.99992860e-04,352.9
2560,2.235413,2.331489,2.99992598e-04,354.3
2570,2.169012,2.241428,2.99992331e-04,355.7
2580,2.354925,2.286681,2.99992060e-04,357.0
2590,2.148572,2.230077,2.99991784e-04,358.3
2600,2.424841,2.191866,2.99991503e-04,359.6
2610,2.200863,2.134780,2.99991217e-04,360.9
2620,2.070194,2.215509,2.99990927e-04,362.2
2630,2.230428,2.185129,2.99990632e-04,363.6
2640,2.176200,2.271673,2.99990332e-04,364.9
2650,2.166697,2.242618,2.99990027e-04,366.2
2660,2.117869,2.200929,2.99989718e-04,367.5
2670,2.204732,2.326010,2.99989404e-04,368.8
2680,2.156388,2.185888,2.99989086e-04,370.1
2690,2.100670,2.191754,2.99988762e-04,371.5
2700,2.306551,2.185700,2.99988434e-04,372.8
2710,2.188709,2.198819,2.99988101e-04,374.2
2720,2.258337,2.166764,2.99987764e-04,375.5
2730,2.179700,2.158458,2.99987422e-04,376.9
2740,2.262086,2.204098,2.99987075e-04,378.3
2750,2.122910,2.157849,2.99986723e-04,379.7
2760,2.190902,2.186209,2.99986367e-04,381.1
2770,2.149730,2.066154,2.99986005e-04,382.5
2780,2.178591,2.216946,2.99985640e-04,383.9
2790,2.160865,2.153501,2.99985269e-04,385.3
2800,2.198646,2.240113,2.99984894e-04,386.7
2810,2.180287,2.113406,2.99984514e-04,388.1
2820,2.071738,2.170422,2.99984129e-04,389.5
2830,2.156601,2.087582,2.99983740e-04,390.8
2840,2.185734,2.170403,2.99983345e-04,392.2
2850,2.317186,2.214724,2.99982946e-04,393.6
2860,2.105813,2.121538,2.99982543e-04,395.0
2870,2.257567,2.124643,2.99982135e-04,396.4
2880,2.117599,2.156047,2.99981722e-04,397.8
2890,2.045307,2.132716,2.99981304e-04,399.2
2900,2.278618,2.218069,2.99980881e-04,400.5
2910,2.269226,2.273685,2.99980454e-04,401.8
2920,2.098855,2.200538,2.99980022e-04,403.1
2930,2.119331,2.173505,2.99979585e-04,404.4
2940,2.072470,2.127504,2.99979144e-04,405.7
2950,2.042673,2.052529,2.99978698e-04,407.0
2960,2.173143,2.095150,2.99978247e-04,408.2
2970,1.984595,2.372663,2.99977792e-04,409.5
2980,2.082778,2.104610,2.99977331e-04,410.8
2990,2.102207,2.103554,2.99976866e-04,412.1
3000,2.241479,2.136819,2.99976397e-04,413.4
3010,2.070768,2.176185,2.99975922e-04,415.3
3020,2.007699,2.066609,2.99975443e-04,416.8
3030,2.112810,2.058022,2.99974959e-04,418.2
3040,2.062801,2.090310,2.99974471e-04,419.6
3050,2.138760,2.143945,2.99973977e-04,420.9
3060,2.250459,2.219247,2.99973479e-04,422.1
3070,2.123821,2.073709,2.99972977e-04,423.3
3080,2.161824,2.119750,2.99972469e-04,424.5
3090,2.099402,1.959506,2.99971957e-04,425.7
3100,2.103966,2.132284,2.99971440e-04,426.9
3110,2.150515,2.080883,2.99970919e-04,428.1
3120,1.993982,2.122198,2.99970392e-04,429.2
3130,2.179986,2.158486,2.99969861e-04,430.4
3140,2.060534,2.075276,2.99969325e-04,431.5
3150,2.065634,2.212182,2.99968785e-04,432.7
3160,2.041414,2.155369,2.99968240e-04,433.8
3170,2.155191,2.107647,2.99967690e-04,435.0
3180,2.095166,2.157470,2.99967135e-04,436.1
3190,2.000592,2.188210,2.99966576e-04,437.3
3200,2.008551,2.058732,2.99966012e-04,438.4
3210,2.127112,1.976742,2.99965443e-04,439.6
3220,2.072696,2.013056,2.99964869e-04,440.7
3230,1.992170,2.007885,2.99964291e-04,441.9
3240,2.072758,2.057122,2.99963708e-04,443.1
3250,1.988929,2.134086,2.99963120e-04,444.2
3260,2.028382,2.060782,2.99962528e-04,445.3
3270,2.059666,2.101055,2.99961931e-04,446.5
3280,2.039047,2.019711,2.99961329e-04,447.6
3290,2.188689,2.046454,2.99960723e-04,448.8
3300,2.030005,1.962713,2.99960111e-04,449.9
3310,2.178461,2.021534,2.99959495e-04,451.1
3320,2.090902,2.161927,2.99958875e-04,452.3
3330,2.115941,2.067312,2.99958249e-04,453.4
3340,2.089450,2.094860,2.99957619e-04,454.6
3350,2.093897,2.133299,2.99956984e-04,455.7
3360,1.972903,2.045001,2.99956344e-04,456.8
3370,2.023401,2.010982,2.99955700e-04,458.0
3380,2.252299,2.052450,2.99955051e-04,459.2
3390,2.037430,2.046282,2.99954397e-04,460.4
3400,2.014260,2.104540,2.99953739e-04,461.6
3410,1.991954,2.141560,2.99953076e-04,462.8
3420,1.947681,2.089850,2.99952408e-04,464.0
3430,1.917423,2.152816,2.99951735e-04,465.1
3440,2.035841,2.039963,2.99951058e-04,466.3
3450,2.037824,2.146577,2.99950376e-04,467.5
3460,2.033293,1.973381,2.99949689e-04,468.6
3470,1.982317,2.074222,2.99948997e-04,469.8
3480,2.080590,2.101002,2.99948301e-04,470.9
3490,1.984628,2.093037,2.99947600e-04,472.1
3500,2.035262,2.056379,2.99946895e-04,473.2
3510,2.039432,2.131239,2.99946184e-04,475.4
3520,2.128698,2.041263,2.99945469e-04,477.1
3530,1.997224,2.005232,2.99944749e-04,478.6
3540,2.034035,2.019772,2.99944025e-04,480.0
3550,1.948966,2.028366,2.99943295e-04,481.3
3560,2.081064,2.010353,2.99942561e-04,482.6
3570,2.102644,1.903098,2.99941823e-04,483.9
3580,2.049880,1.982216,2.99941079e-04,485.1
3590,2.036275,1.981707,2.99940331e-04,486.4
3600,2.007444,1.886686,2.99939578e-04,487.6
3610,2.092595,1.980642,2.99938821e-04,488.8
3620,2.100693,1.922573,2.99938058e-04,490.0
3630,1.938742,1.986890,2.99937291e-04,491.2
3640,2.031950,2.041423,2.99936520e-04,492.4
3650,2.119800,1.970883,2.99935743e-04,493.6
3660,2.114142,2.018195,2.99934962e-04,494.7
3670,2.044159,2.225383,2.99934176e-04,495.9
3680,2.076021,2.122882,2.99933386e-04,497.1
3690,2.030143,2.001841,2.99932590e-04,498.4
3700,1.979553,1.808947,2.99931790e-04,499.6
3710,1.867036,2.017928,2.99930986e-04,500.9
3720,2.056609,1.960731,2.99930176e-04,502.3
3730,2.025936,1.997795,2.99929362e-04,503.6
3740,2.004490,2.040090,2.99928543e-04,505.0
3750,2.081387,2.129554,2.99927719e-04,506.3
3760,1.911388,2.129777,2.99926891e-04,507.6
3770,2.008246,1.950896,2.99926058e-04,509.0
3780,1.937195,1.913726,2.99925220e-04,510.3
3790,2.075315,2.009659,2.99924378e-04,511.7
3800,1.916288,2.015859,2.99923530e-04,513.0
3810,2.074827,2.144994,2.99922678e-04,514.4
3820,1.849722,1.930266,2.99921822e-04,515.7
3830,1.946474,1.997327,2.99920960e-04,517.0
3840,2.179161,2.101893,2.99920094e-04,518.4
3850,2.103528,2.050274,2.99919223e-04,519.7
3860,2.064520,2.048208,2.99918348e-04,521.0
3870,1.996099,1.985006,2.99917468e-04,522.2
3880,2.002051,1.944325,2.99916583e-04,523.5
3890,1.883493,1.739259,2.99915693e-04,524.8
3900,1.975293,2.001189,2.99914799e-04,526.1
3910,2.027689,1.977228,2.99913900e-04,527.4
3920,1.984407,1.995896,2.99912996e-04,528.7
3930,2.092401,1.989547,2.99912087e-04,530.1
3940,1.961184,2.007591,2.99911174e-04,531.4
3950,1.897306,2.060064,2.99910256e-04,532.7
3960,2.059682,2.075757,2.99909333e-04,534.0
3970,1.980885,1.828399,2.99908406e-04,535.3
3980,2.023004,1.911495,2.99907474e-04,536.7
3990,2.030157,1.940010,2.99906537e-04,538.0
4000,1.977803,1.899901,2.99905595e-04,539.4
4010,1.929822,2.049435,2.99904649e-04,541.3
4020,1.904337,2.143676,2.99903698e-04,542.9
4030,2.012192,2.157138,2.99902742e-04,544.5
4040,1.812739,2.109930,2.99901782e-04,546.0
4050,1.932608,2.203123,2.99900816e-04,547.5
4060,1.955608,2.005414,2.99899847e-04,548.9
4070,1.864000,1.917004,2.99898872e-04,550.3
4080,2.106266,1.853672,2.99897893e-04,551.7
4090,1.949919,1.947940,2.99896909e-04,553.1
4100,1.983417,1.904076,2.99895920e-04,554.4
4110,1.945370,1.961024,2.99894926e-04,555.7
4120,1.987426,2.021538,2.99893928e-04,557.0
4130,1.828114,2.006779,2.99892925e-04,558.3
4140,1.943875,1.968286,2.99891918e-04,559.6
4150,1.992589,2.020540,2.99890905e-04,560.9
4160,1.993892,2.023405,2.99889888e-04,562.2
4170,1.997576,1.797077,2.99888867e-04,563.5
4180,1.838608,1.994891,2.99887840e-04,564.8
4190,1.894296,1.976003,2.99886809e-04,566.1
4200,1.918067,2.099032,2.99885773e-04,567.5
4210,1.863581,1.960092,2.99884732e-04,568.8
4220,1.907969,1.992912,2.99883687e-04,570.1
4230,1.835660,1.980378,2.99882637e-04,571.4
4240,2.061250,1.971233,2.99881582e-04,572.6
4250,2.022628,1.968067,2.99880523e-04,573.9
4260,1.932321,2.010309,2.99879458e-04,575.2
4270,1.978559,1.981469,2.99878389e-04,576.6
4280,2.035731,1.979869,2.99877316e-04,577.9
4290,1.892298,1.902965,2.99876237e-04,579.2
4300,1.915952,1.962227,2.99875154e-04,580.6
4310,1.933983,2.023443,2.99874066e-04,582.0
4320,1.860669,1.843076,2.99872974e-04,583.3
4330,1.862199,1.846465,2.99871877e-04,584.7
4340,1.842333,2.139885,2.99870775e-04,586.1
4350,1.985758,1.973543,2.99869668e-04,587.5
4360,1.878996,1.905626,2.99868557e-04,588.9
4370,1.851734,1.888325,2.99867441e-04,590.3
4380,1.860053,1.940357,2.99866320e-04,591.7
4390,2.022706,1.988705,2.99865194e-04,593.1
4400,1.964779,1.974442,2.99864064e-04,594.5
4410,1.751002,1.887580,2.99862929e-04,595.9
4420,1.933473,2.094098,2.99861789e-04,597.4
4430,1.981266,1.984628,2.99860645e-04,598.8
4440,1.881944,1.845257,2.99859496e-04,600.3
4450,1.929170,1.938971,2.99858342e-04,601.8
4460,1.950421,1.959165,2.99857183e-04,603.3
4470,1.974811,1.803823,2.99856020e-04,604.7
4480,1.948991,1.859435,2.99854852e-04,606.2
4490,1.950460,1.935165,2.99853679e-04,607.6
4500,1.952847,1.958496,2.99852502e-04,609.1
4510,1.968855,1.944460,2.99851320e-04,611.1
4520,1.891536,1.867751,2.99850133e-04,612.7
4530,2.075368,1.911456,2.99848942e-04,614.3
4540,1.837308,1.918710,2.99847745e-04,615.9
4550,1.875746,2.037473,2.99846544e-04,617.5
4560,1.979120,1.892578,2.99845339e-04,619.0
4570,2.074401,1.998713,2.99844128e-04,620.5
4580,1.886462,1.896570,2.99842913e-04,622.1
4590,2.142585,2.023647,2.99841693e-04,623.6
4600,1.996077,1.840711,2.99840469e-04,625.0
4610,2.000838,1.821278,2.99839239e-04,626.5
4620,1.868406,1.884762,2.99838005e-04,628.0
4630,1.914559,2.004109,2.99836767e-04,629.4
4640,1.947578,1.874921,2.99835523e-04,630.9
4650,1.748715,1.987480,2.99834275e-04,632.4
4660,1.884450,1.943110,2.99833022e-04,633.8
4670,1.901748,1.936688,2.99831765e-04,635.2
4680,1.999276,1.996523,2.99830502e-04,636.6
4690,2.008210,1.862182,2.99829235e-04,638.0
4700,1.905712,1.971053,2.99827964e-04,639.4
4710,1.913009,1.818231,2.99826687e-04,640.9
4720,1.930237,1.868872,2.99825406e-04,642.3
4730,1.960263,2.021210,2.99824120e-04,643.7
4740,1.950498,1.921255,2.99822830e-04,645.1
4750,1.913141,1.863453,2.99821534e-04,646.5
4760,1.895117,1.986989,2.99820234e-04,647.9
4770,2.023911,1.917649,2.99818930e-04,649.2
4780,1.971953,1.886515,2.99817620e-04,650.5
4790,1.783230,1.902574,2.99816306e-04,651.8
4800,2.006838,1.942857,2.99814987e-04,653.1
4810,1.900331,1.965119,2.99813664e-04,654.4
4820,1.884421,2.003475,2.99812335e-04,655.7
4830,1.835130,1.905515,2.99811002e-04,657.0
4840,1.895118,1.854524,2.99809665e-04,658.3
4850,1.879754,1.955362,2.99808322e-04,659.6
4860,1.874060,2.043225,2.99806975e-04,660.9
4870,1.858715,1.932736,2.99805623e-04,662.3
4880,1.875056,1.841617,2.99804267e-04,663.6
4890,1.862446,1.997720,2.99802905e-04,664.9
4900,2.026920,1.832360,2.99801539e-04,666.3
4910,2.087098,1.998623,2.99800169e-04,667.7
4920,1.918495,2.021195,2.99798793e-04,669.1
4930,1.872808,1.914615,2.99797413e-04,670.5
4940,1.935467,1.938967,2.99796028e-04,671.9
4950,1.981907,1.958372,2.99794639e-04,673.3
4960,1.960321,1.944316,2.99793244e-04,674.7
4970,1.978032,1.888037,2.99791845e-04,676.0
4980,1.971793,1.844834,2.99790442e-04,677.4
4990,2.011280,1.858905,2.99789033e-04,678.9
5000,1.940017,1.947753,2.99787620e-04,680.2
5010,1.814436,1.875965,2.99786202e-04,682.2
5020,1.927477,1.930887,2.99784780e-04,683.9
5030,1.992410,1.815503,2.99783352e-04,685.5
5040,1.784365,1.850914,2.99781920e-04,687.0
5050,1.826786,1.936953,2.99780484e-04,688.5
5060,1.870698,1.952879,2.99779042e-04,690.1
5070,1.940914,1.825023,2.99777596e-04,691.5
5080,1.826626,1.880686,2.99776145e-04,693.0
5090,1.934050,1.909007,2.99774690e-04,694.4
5100,1.949619,1.891211,2.99773229e-04,695.9
5110,1.842435,1.840642,2.99771764e-04,697.3
5120,1.769176,1.889420,2.99770295e-04,698.7
5130,1.935740,1.873639,2.99768820e-04,700.1
5140,1.868137,1.752904,2.99767341e-04,701.5
5150,1.884419,1.893561,2.99765857e-04,702.8
5160,1.718913,1.764940,2.99764369e-04,704.1
5170,1.869062,2.015872,2.99762876e-04,705.4
5180,2.045361,1.805067,2.99761378e-04,706.7
5190,1.948391,1.805796,2.99759875e-04,707.9
5200,1.764890,1.874071,2.99758368e-04,709.2
5210,1.931207,1.864079,2.99756855e-04,710.4
5220,1.925716,1.846050,2.99755339e-04,711.7
5230,1.871373,1.920613,2.99753817e-04,712.9
5240,1.927706,1.962422,2.99752291e-04,714.2
5250,1.837415,1.890989,2.99750760e-04,715.4
5260,1.675621,1.919976,2.99749224e-04,716.7
5270,1.820627,1.760666,2.99747684e-04,717.9
5280,1.964635,1.940113,2.99746139e-04,719.2
5290,1.830266,1.800594,2.99744589e-04,720.4
5300,1.968831,1.763308,2.99743034e-04,721.7
5310,1.827307,1.789811,2.99741475e-04,723.0
5320,1.920018,1.813073,2.99739911e-04,724.2
5330,2.017997,1.861955,2.99738343e-04,725.5
5340,1.814633,1.934125,2.99736769e-04,726.8
5350,1.836446,1.955537,2.99735191e-04,728.1
5360,2.022994,1.883434,2.99733608e-04,729.4
5370,1.844120,1.827143,2.99732021e-04,730.7
5380,1.876795,1.870882,2.99730429e-04,732.0
5390,1.843652,1.832313,2.99728832e-04,733.3
5400,1.908693,1.849955,2.99727230e-04,734.6
5410,1.906695,1.921130,2.99725624e-04,735.9
5420,1.836698,1.804340,2.99724013e-04,737.2
5430,1.932366,1.722602,2.99722397e-04,738.4
5440,1.950340,1.959082,2.99720776e-04,739.7
5450,1.894686,1.875068,2.99719151e-04,741.0
5460,1.823781,1.884992,2.99717521e-04,742.3
5470,1.785631,1.935618,2.99715887e-04,743.5
5480,1.763586,1.936457,2.99714247e-04,744.8
5490,2.008625,1.932718,2.99712603e-04,746.1
5500,1.864482,1.872530,2.99710955e-04,747.4
5510,1.723453,1.799553,2.99709301e-04,749.3
5520,1.909013,1.851548,2.99707643e-04,751.0
5530,1.902988,1.877708,2.99705980e-04,752.5
5540,1.800057,1.960605,2.99704313e-04,754.0
5550,1.851510,1.946606,2.99702640e-04,755.5
5560,1.830910,1.824211,2.99700963e-04,756.9
5570,1.868882,1.926980,2.99699282e-04,758.4
5580,1.743862,1.924596,2.99697595e-04,759.8
5590,1.939586,1.826243,2.99695904e-04,761.1
5600,1.777169,1.756052,2.99694208e-04,762.5
5610,1.824859,1.925703,2.99692508e-04,763.8
5620,1.871042,1.960773,2.99690802e-04,765.1
5630,1.929099,1.846430,2.99689092e-04,766.4
5640,1.921741,1.819268,2.99687378e-04,767.7
5650,1.838364,1.904133,2.99685658e-04,769.0
5660,1.950414,1.771076,2.99683934e-04,770.3
5670,1.824078,1.773706,2.99682205e-04,771.6
5680,1.829986,1.752478,2.99680472e-04,772.9
5690,1.702134,1.905564,2.99678734e-04,774.1
5700,1.858042,1.905586,2.99676991e-04,775.4
5710,1.832545,1.968310,2.99675243e-04,776.7
5720,1.813548,1.861270,2.99673491e-04,778.0
5730,1.791251,1.764052,2.99671734e-04,779.3
5740,1.737514,1.867456,2.99669972e-04,780.6
5750,1.845645,1.794412,2.99668205e-04,781.9
5760,1.686590,1.874680,2.99666434e-04,783.2
5770,1.844548,1.784266,2.99664658e-04,784.5
5780,1.797535,1.841438,2.99662878e-04,785.7
5790,1.882793,1.848215,2.99661092e-04,787.0
5800,1.730605,1.758809,2.99659302e-04,788.3
5810,1.887137,1.898915,2.99657507e-04,789.5
5820,1.823138,1.898602,2.99655708e-04,790.8
5830,1.897218,1.886665,2.99653904e-04,792.0
5840,1.786260,1.861237,2.99652095e-04,793.3
5850,1.837003,1.887643,2.99650281e-04,794.6
5860,1.838507,1.769373,2.99648463e-04,795.9
5870,1.768594,1.930410,2.99646640e-04,797.2
5880,1.803496,1.740573,2.99644812e-04,798.5
5890,1.895003,1.755716,2.99642980e-04,799.7
5900,1.837234,1.849379,2.99641143e-04,801.0
5910,1.772388,1.774157,2.99639301e-04,802.3
5920,1.791577,1.724715,2.99637454e-04,803.6
5930,1.916628,1.968827,2.99635603e-04,804.9
5940,1.821528,1.772529,2.99633747e-04,806.1
5950,1.865952,1.819674,2.99631887e-04,807.4
5960,1.886052,1.841877,2.99630021e-04,808.7
5970,1.864076,1.757804,2.99628151e-04,809.9
5980,1.886314,1.824877,2.99626276e-04,811.2
5990,1.733393,1.829036,2.99624397e-04,812.5
6000,1.733329,1.902899,2.99622513e-04,813.7
6010,1.728541,1.884442,2.99620624e-04,815.7
6020,1.811978,1.976969,2.99618730e-04,817.4
6030,1.623321,1.810736,2.99616832e-04,819.0
6040,1.732113,1.906881,2.99614929e-04,820.6
6050,1.865927,1.944839,2.99613021e-04,822.1
6060,1.774999,1.831055,2.99611109e-04,823.6
6070,1.734079,1.733121,2.99609191e-04,825.1
6080,1.804683,1.842314,2.99607270e-04,826.7
6090,1.804118,1.817593,2.99605343e-04,828.1
6100,1.869192,1.999685,2.99603412e-04,829.6
6110,1.852175,1.734415,2.99601476e-04,831.0
6120,1.816277,1.820994,2.99599535e-04,832.5
6130,1.759964,1.744784,2.99597590e-04,833.9
6140,1.845037,1.780097,2.99595640e-04,835.3
6150,1.797000,1.866153,2.99593685e-04,836.7
6160,1.838498,1.750556,2.99591725e-04,838.2
6170,1.837813,1.927622,2.99589761e-04,839.6
6180,1.955399,1.784961,2.99587792e-04,841.0
6190,1.932944,1.882781,2.99585818e-04,842.5
6200,1.903510,1.857136,2.99583840e-04,844.0
6210,1.890547,1.753122,2.99581857e-04,845.4
6220,1.802005,1.762861,2.99579869e-04,846.9
6230,1.799903,1.834165,2.99577877e-04,848.4
6240,1.796542,1.790616,2.99575880e-04,849.9
6250,1.766573,1.843765,2.99573878e-04,851.3
6260,1.811165,1.856343,2.99571871e-04,852.8
6270,1.896029,1.832045,2.99569860e-04,854.2
6280,1.817712,1.793761,2.99567844e-04,855.6
6290,1.798071,1.784064,2.99565823e-04,857.0
6300,1.900200,1.803192,2.99563798e-04,858.5
6310,1.812842,1.871043,2.99561768e-04,859.9
6320,1.818649,1.841563,2.99559733e-04,861.4
6330,1.889206,1.825679,2.99557693e-04,862.8
6340,1.958255,1.942653,2.99555649e-04,864.2
6350,1.891019,1.776608,2.99553600e-04,865.6
6360,1.836464,1.946031,2.99551547e-04,867.1
6370,1.906823,1.880330,2.99549488e-04,868.5
6380,1.847221,1.915899,2.99547425e-04,870.0
6390,1.668238,1.832648,2.99545357e-04,871.4
6400,1.801689,1.751751,2.99543285e-04,872.9
6410,1.832653,1.757466,2.99541208e-04,874.3
6420,1.857968,1.718219,2.99539126e-04,875.7
6430,1.903237,1.739583,2.99537039e-04,877.1
6440,1.741258,1.706246,2.99534948e-04,878.5
6450,1.800026,1.876288,2.99532852e-04,879.9
6460,1.782307,1.875897,2.99530751e-04,881.2
6470,1.774475,1.838614,2.99528646e-04,882.6
6480,1.813445,1.648707,2.99526536e-04,884.0
6490,1.772453,1.747260,2.99524421e-04,885.3
6500,1.721626,1.728537,2.99522302e-04,886.7
6510,1.815999,1.855955,2.99520178e-04,888.7
6520,1.749861,1.802141,2.99518049e-04,890.3
6530,1.960457,1.907963,2.99515915e-04,892.0
6540,1.795366,1.780812,2.99513777e-04,893.5
6550,1.733034,1.809243,2.99511634e-04,895.0
6560,1.766806,1.856240,2.99509486e-04,896.4
6570,1.876348,1.770017,2.99507334e-04,897.8
6580,1.869343,1.688286,2.99505176e-04,899.2
6590,1.827800,1.785612,2.99503015e-04,900.6
6600,1.810148,1.926343,2.99500848e-04,901.9
6610,1.827065,1.707723,2.99498677e-04,903.3
6620,1.831291,1.822834,2.99496501e-04,904.7
6630,1.827356,1.828752,2.99494320e-04,906.1
6640,1.739306,1.797994,2.99492135e-04,907.5
6650,1.717446,1.841561,2.99489945e-04,908.9
6660,1.788490,1.835138,2.99487750e-04,910.3
6670,1.811044,1.920221,2.99485551e-04,911.7
6680,1.757089,1.777361,2.99483346e-04,913.0
6690,1.864029,1.810232,2.99481138e-04,914.4
6700,1.806400,1.849068,2.99478924e-04,915.8
6710,1.763904,1.761248,2.99476706e-04,917.1
6720,1.769205,1.787901,2.99474483e-04,918.5
6730,1.821942,1.752964,2.99472255e-04,919.9
6740,1.829093,1.791546,2.99470023e-04,921.2
6750,1.791534,1.898722,2.99467786e-04,922.6
6760,1.584323,1.732578,2.99465544e-04,924.0
6770,1.825520,1.960045,2.99463297e-04,925.3
6780,1.828362,1.800185,2.99461046e-04,926.6
6790,1.717760,1.784074,2.99458790e-04,928.0
6800,1.762643,1.876828,2.99456530e-04,929.3
6810,1.843624,1.675062,2.99454264e-04,930.6
6820,1.826771,1.764369,2.99451994e-04,932.0
6830,2.013659,1.765581,2.99449720e-04,933.3
6840,1.891202,1.830390,2.99447440e-04,934.6
6850,1.761557,1.689481,2.99445156e-04,936.0
6860,1.837964,1.870192,2.99442867e-04,937.3
6870,1.943866,1.742440,2.99440574e-04,938.6
6880,1.868327,1.846655,2.99438276e-04,940.0
6890,1.745908,1.771221,2.99435973e-04,941.3
6900,1.712275,1.754565,2.99433665e-04,942.6
6910,1.838706,1.821604,2.99431353e-04,943.8
6920,1.807772,1.814746,2.99429036e-04,945.1
6930,1.742107,1.807991,2.99426714e-04,946.4
6940,1.940907,1.894725,2.99424388e-04,947.7
6950,1.768769,1.878470,2.99422057e-04,948.9
6960,1.733451,1.730695,2.99419721e-04,950.2
6970,1.923904,1.835009,2.99417380e-04,951.4
6980,1.923505,1.799994,2.99415035e-04,952.6
6990,1.865994,1.717263,2.99412685e-04,953.9
7000,1.785303,1.767252,2.99410331e-04,955.1
7010,1.766114,1.839891,2.99407971e-04,957.1
7020,1.724682,1.645432,2.99405607e-04,958.7
7030,1.805703,1.742775,2.99403239e-04,960.3
7040,1.757394,1.830089,2.99400865e-04,961.8
7050,1.824117,1.886233,2.99398487e-04,963.2
7060,1.746232,1.832792,2.99396104e-04,964.7
7070,1.779983,1.850594,2.99393717e-04,966.1
7080,1.728176,1.809986,2.99391325e-04,967.5
7090,1.725025,1.917346,2.99388928e-04,968.9
7100,1.855121,1.693911,2.99386526e-04,970.3
7110,1.758385,1.724016,2.99384120e-04,971.6
7120,1.806355,1.821266,2.99381709e-04,973.0
7130,1.880669,1.895029,2.99379293e-04,974.3
7140,1.778127,1.817626,2.99376873e-04,975.7
7150,1.886605,1.818166,2.99374448e-04,977.0
7160,1.846082,1.716252,2.99372018e-04,978.3
7170,1.849082,1.698932,2.99369583e-04,979.6
7180,1.761070,1.729154,2.99367144e-04,980.9
7190,1.726920,1.888707,2.99364700e-04,982.2
7200,1.649275,1.710190,2.99362252e-04,983.5
7210,1.959809,1.636753,2.99359798e-04,984.8
7220,1.741315,1.697349,2.99357340e-04,986.1
7230,1.753279,1.771648,2.99354878e-04,987.4
7240,1.781211,1.731153,2.99352410e-04,988.7
7250,1.790927,1.837003,2.99349938e-04,990.0
7260,1.855189,1.744505,2.99347461e-04,991.2
7270,1.838377,1.736584,2.99344980e-04,992.5
7280,1.892123,1.747015,2.99342494e-04,993.7
7290,1.900240,1.699150,2.99340003e-04,995.0
7300,1.791766,1.711726,2.99337507e-04,996.2
7310,1.772865,1.805690,2.99335007e-04,997.5
7320,1.860163,1.745832,2.99332502e-04,998.8
7330,1.702420,1.860033,2.99329992e-04,1000.1
7340,1.839541,1.768564,2.99327478e-04,1001.4
7350,1.775430,1.838092,2.99324959e-04,1002.7
7360,1.751070,1.785074,2.99322435e-04,1004.0
7370,1.763658,1.861070,2.99319907e-04,1005.3
7380,1.726902,1.762249,2.99317373e-04,1006.6
7390,1.797645,1.737709,2.99314836e-04,1007.9
7400,1.710193,1.802125,2.99312293e-04,1009.2
7410,1.806195,1.828546,2.99309746e-04,1010.4
7420,1.719112,1.843650,2.99307194e-04,1011.7
7430,1.755419,1.659717,2.99304637e-04,1013.0
7440,1.735861,1.785775,2.99302076e-04,1014.3
7450,1.699476,1.756673,2.99299510e-04,1015.6
7460,1.715114,1.698622,2.99296939e-04,1016.8
7470,1.866134,1.723250,2.99294364e-04,1018.1
7480,1.792017,1.834224,2.99291784e-04,1019.4
7490,1.799732,1.839747,2.99289199e-04,1020.6
7500,1.791815,1.753834,2.99286609e-04,1021.9
7510,1.888235,1.828868,2.99284015e-04,1023.8
7520,1.733067,1.801646,2.99281416e-04,1025.5
7530,1.821468,1.913733,2.99278813e-04,1027.0
7540,1.705502,1.936523,2.99276204e-04,1028.5
7550,1.831162,1.893906,2.99273591e-04,1030.0
7560,1.657038,1.789245,2.99270974e-04,1031.4
7570,1.891779,1.745855,2.99268351e-04,1032.8
7580,1.831841,1.820199,2.99265724e-04,1034.2
7590,1.733686,1.750309,2.99263092e-04,1035.5
7600,1.744915,1.658676,2.99260456e-04,1036.9
7610,1.939781,1.771628,2.99257815e-04,1038.2
7620,1.791109,1.806211,2.99255169e-04,1039.6
7630,1.726428,1.816590,2.99252518e-04,1040.9
7640,1.667975,1.691818,2.99249863e-04,1042.3
7650,1.645194,1.769337,2.99247203e-04,1043.6
7660,1.687382,1.888635,2.99244538e-04,1044.9
7670,1.709567,1.865774,2.99241869e-04,1046.2
7680,1.776678,1.771588,2.99239195e-04,1047.5
7690,1.738947,1.810870,2.99236516e-04,1048.8
7700,1.865168,1.726201,2.99233833e-04,1050.1
7710,1.827323,1.695894,2.99231145e-04,1051.3
7720,1.672704,1.747963,2.99228452e-04,1052.6
7730,1.677642,1.714980,2.99225755e-04,1053.9
7740,1.727769,1.642540,2.99223052e-04,1055.1
7750,1.803436,1.819655,2.99220346e-04,1056.5
7760,1.830262,1.726797,2.99217634e-04,1057.8
7770,1.739885,1.687766,2.99214918e-04,1059.2
7780,1.721620,1.791420,2.99212197e-04,1060.6
7790,1.787089,1.835698,2.99209471e-04,1062.0
7800,1.725442,1.760902,2.99206741e-04,1063.4
7810,1.726639,1.731819,2.99204006e-04,1064.7
7820,1.769586,1.884813,2.99201266e-04,1066.1
7830,1.741809,1.744729,2.99198522e-04,1067.5
7840,1.822941,1.580514,2.99195772e-04,1068.9
7850,1.824261,1.766145,2.99193019e-04,1070.2
7860,1.813678,1.778038,2.99190260e-04,1071.6
7870,1.821406,1.716911,2.99187497e-04,1073.0
7880,1.688872,1.722317,2.99184729e-04,1074.4
7890,1.877963,1.736389,2.99181956e-04,1075.9
7900,1.589732,1.798690,2.99179179e-04,1077.3
7910,1.807308,1.758873,2.99176397e-04,1078.7
7920,1.715356,1.836736,2.99173611e-04,1080.2
7930,1.705746,1.765928,2.99170819e-04,1081.6
7940,1.726322,1.702408,2.99168023e-04,1083.1
7950,1.795826,1.730282,2.99165222e-04,1084.5
7960,1.718093,1.824419,2.99162417e-04,1086.0
7970,1.777884,1.788147,2.99159607e-04,1087.4
7980,1.706811,1.788553,2.99156792e-04,1088.9
7990,1.779386,1.789347,2.99153973e-04,1090.3
8000,1.689748,1.783678,2.99151148e-04,1091.8
8010,1.822731,1.712703,2.99148319e-04,1093.8
8020,1.736320,1.631365,2.99145486e-04,1095.4
8030,1.807675,1.806865,2.99142648e-04,1097.1
8040,1.780423,1.781415,2.99139805e-04,1098.6
8050,1.823156,1.755082,2.99136957e-04,1100.2
8060,1.734335,1.769487,2.99134105e-04,1101.7
8070,1.733618,1.687848,2.99131248e-04,1103.2
8080,1.811594,1.699435,2.99128386e-04,1104.7
8090,1.713944,1.769967,2.99125520e-04,1106.2
8100,1.706954,1.736997,2.99122648e-04,1107.6
8110,1.655627,1.663985,2.99119773e-04,1109.1
8120,1.726526,1.842488,2.99116892e-04,1110.5
8130,1.853028,1.829880,2.99114007e-04,1112.0
8140,1.861516,1.784643,2.99111117e-04,1113.4
8150,1.797571,1.657127,2.99108223e-04,1114.9
8160,1.842316,1.672764,2.99105323e-04,1116.3
8170,1.778201,1.715576,2.99102419e-04,1117.7
8180,1.734730,1.791461,2.99099511e-04,1119.2
8190,1.704311,1.714284,2.99096598e-04,1120.6
8200,1.688795,1.689307,2.99093680e-04,1122.0
8210,1.695841,1.775370,2.99090757e-04,1123.4
8220,1.745742,1.772118,2.99087829e-04,1124.7
8230,1.792578,1.679994,2.99084897e-04,1126.1
8240,1.768595,1.731494,2.99081961e-04,1127.5
8250,1.798841,1.834596,2.99079019e-04,1128.8
8260,1.735700,1.690024,2.99076073e-04,1130.2
8270,1.842440,1.819586,2.99073122e-04,1131.6
8280,1.756705,1.772873,2.99070167e-04,1133.0
8290,1.670330,1.839553,2.99067207e-04,1134.3
8300,1.828919,1.790516,2.99064242e-04,1135.5
8310,1.731079,1.772934,2.99061272e-04,1136.8
8320,1.763830,1.674217,2.99058298e-04,1138.0
8330,1.653935,1.687210,2.99055319e-04,1139.3
8340,1.786821,1.612987,2.99052335e-04,1140.5
8350,1.728037,1.757420,2.99049347e-04,1141.8
8360,1.707531,1.755552,2.99046354e-04,1143.0
8370,1.774706,1.672148,2.99043356e-04,1144.4
8380,1.803011,1.764981,2.99040354e-04,1145.6
8390,1.838887,1.711217,2.99037347e-04,1146.9
8400,1.744527,1.717594,2.99034335e-04,1148.2
8410,1.693151,1.676515,2.99031319e-04,1149.5
8420,1.626233,1.689404,2.99028297e-04,1150.8
8430,1.686773,1.708264,2.99025272e-04,1152.2
8440,1.655135,1.701178,2.99022241e-04,1153.5
8450,1.723894,1.802794,2.99019206e-04,1154.8
8460,1.827896,1.792241,2.99016166e-04,1156.1
8470,1.696373,1.852223,2.99013122e-04,1157.4
8480,1.724293,1.827257,2.99010072e-04,1158.7
8490,1.733903,1.786929,2.99007018e-04,1160.0
8500,1.772765,1.833874,2.99003960e-04,1161.3
8510,1.611827,1.631181,2.99000896e-04,1163.2
8520,1.781956,1.814860,2.98997828e-04,1164.9
8530,1.791783,1.672975,2.98994756e-04,1166.4
8540,1.742366,1.629475,2.98991678e-04,1167.9
8550,1.770854,1.704660,2.98988596e-04,1169.3
8560,1.846822,1.789163,2.98985510e-04,1170.7
8570,1.720253,1.740197,2.98982418e-04,1172.2
8580,1.669920,1.905534,2.98979322e-04,1173.6
8590,1.791619,1.766881,2.98976221e-04,1175.0
8600,1.799184,1.772162,2.98973116e-04,1176.4
8610,1.766613,1.741620,2.98970006e-04,1177.9
8620,1.705986,1.654209,2.98966891e-04,1179.3
8630,1.757482,1.672631,2.98963771e-04,1180.7
8640,1.659727,1.737821,2.98960647e-04,1182.1
8650,1.738967,1.757775,2.98957518e-04,1183.4
8660,1.802149,1.802900,2.98954385e-04,1184.8
8670,1.653241,1.756588,2.98951246e-04,1186.2
8680,1.693754,1.819489,2.98948103e-04,1187.5
8690,1.647581,1.651459,2.98944956e-04,1188.8
8700,1.726150,1.747505,2.98941803e-04,1190.2
8710,1.669446,1.699084,2.98938646e-04,1191.5
8720,1.748461,1.750490,2.98935485e-04,1192.9
8730,1.746179,1.740968,2.98932318e-04,1194.2
8740,1.673320,1.694633,2.98929147e-04,1195.5
8750,1.692485,1.771776,2.98925972e-04,1196.8
8760,1.743211,1.694973,2.98922791e-04,1198.2
8770,1.611399,1.891925,2.98919606e-04,1199.5
8780,1.665523,1.675930,2.98916416e-04,1200.7
8790,1.765526,1.612616,2.98913222e-04,1202.0
8800,1.755138,1.785598,2.98910023e-04,1203.3
8810,1.841543,1.663228,2.98906819e-04,1204.6
8820,1.642686,1.872258,2.98903610e-04,1205.9
8830,1.804326,1.768628,2.98900397e-04,1207.2
8840,1.715253,1.834401,2.98897179e-04,1208.5
8850,1.730763,1.800028,2.98893957e-04,1209.8
8860,1.683567,1.732491,2.98890729e-04,1211.1
8870,1.739464,1.723475,2.98887497e-04,1212.4
8880,1.764198,1.819988,2.98884261e-04,1213.8
8890,1.829384,1.768286,2.98881019e-04,1215.1
8900,1.716060,1.666211,2.98877774e-04,1216.4
8910,1.787278,1.749530,2.98874523e-04,1217.7
8920,1.723788,1.733791,2.98871268e-04,1219.0
8930,1.736681,1.780488,2.98868007e-04,1220.4
8940,1.748466,1.780855,2.98864743e-04,1221.7
8950,1.695644,1.759116,2.98861473e-04,1223.0
8960,1.805380,1.747154,2.98858199e-04,1224.3
8970,1.643332,1.831385,2.98854921e-04,1225.6
8980,1.617206,1.706016,2.98851637e-04,1226.9
8990,1.658260,1.812447,2.98848349e-04,1228.2
9000,1.829854,1.621301,2.98845056e-04,1229.4
9010,1.778815,1.723697,2.98841759e-04,1231.3
9020,1.688438,1.747157,2.98838457e-04,1232.8
9030,1.699122,1.874346,2.98835150e-04,1234.3
9040,1.725156,1.700816,2.98831838e-04,1235.8
9050,1.754219,1.723943,2.98828522e-04,1237.2
9060,1.840992,1.743206,2.98825201e-04,1238.6
9070,1.805437,1.792552,2.98821876e-04,1239.9
9080,1.740284,1.761378,2.98818546e-04,1241.3
9090,1.719949,1.680496,2.98815211e-04,1242.6
9100,1.708711,1.751379,2.98811871e-04,1243.9
9110,1.869546,1.748969,2.98808527e-04,1245.2
9120,1.772068,1.806499,2.98805178e-04,1246.6
9130,1.731775,1.674839,2.98801824e-04,1247.9
9140,1.672161,1.763148,2.98798466e-04,1249.2
9150,1.724280,1.673192,2.98795103e-04,1250.5
9160,1.648893,1.758717,2.98791735e-04,1251.8
9170,1.635215,1.717591,2.98788363e-04,1253.1
9180,1.692622,1.660432,2.98784986e-04,1254.4
9190,1.698909,1.840622,2.98781604e-04,1255.6
9200,1.648393,1.643254,2.98778218e-04,1256.9
9210,1.783632,1.853780,2.98774827e-04,1258.1
9220,1.741481,1.859826,2.98771431e-04,1259.4
9230,1.806109,1.799767,2.98768031e-04,1260.7
9240,1.789168,1.874655,2.98764626e-04,1262.0
9250,1.664724,1.721460,2.98761216e-04,1263.2
9260,1.830553,1.642611,2.98757801e-04,1264.5
9270,1.802431,1.765054,2.98754382e-04,1265.8
9280,1.617839,1.688676,2.98750958e-04,1267.0
9290,1.742555,1.826153,2.98747530e-04,1268.3
9300,1.758024,1.657716,2.98744097e-04,1269.5
9310,1.716277,1.648814,2.98740659e-04,1270.8
9320,1.701466,1.686698,2.98737217e-04,1272.1
9330,1.629298,1.680601,2.98733769e-04,1273.3
9340,1.698865,1.782267,2.98730317e-04,1274.6
9350,1.659721,1.752272,2.98726861e-04,1275.9
9360,1.698664,1.756681,2.98723400e-04,1277.1
9370,1.769862,1.708467,2.98719934e-04,1278.4
9380,1.757145,1.640495,2.98716463e-04,1279.6
9390,1.646780,1.752620,2.98712988e-04,1280.9
9400,1.739954,1.620756,2.98709508e-04,1282.1
9410,1.642606,1.771111,2.98706024e-04,1283.4
9420,1.795592,1.680983,2.98702534e-04,1284.7
9430,1.657660,1.868316,2.98699040e-04,1285.9
9440,1.851434,1.766570,2.98695542e-04,1287.2
9450,1.640437,1.709714,2.98692038e-04,1288.5
9460,1.739496,1.725859,2.98688531e-04,1289.7
9470,1.750316,1.747171,2.98685018e-04,1291.0
9480,1.768337,1.702829,2.98681501e-04,1292.2
9490,1.734284,1.735380,2.98677979e-04,1293.5
9500,1.658659,1.753979,2.98674452e-04,1294.7
9510,1.684914,1.673901,2.98670921e-04,1296.7
9520,1.673596,1.761408,2.98667385e-04,1298.4
9530,1.633996,1.738003,2.98663844e-04,1300.0
9540,1.790275,1.622631,2.98660299e-04,1301.6
9550,1.808765,1.696344,2.98656748e-04,1303.2
9560,1.723438,1.679650,2.98653194e-04,1304.7
9570,1.625360,1.687268,2.98649634e-04,1306.1
9580,1.852103,1.592721,2.98646070e-04,1307.6
9590,1.738915,1.760323,2.98642502e-04,1309.0
9600,1.782189,1.693556,2.98638928e-04,1310.4
9610,1.810002,1.749526,2.98635350e-04,1311.8
9620,1.708713,1.738255,2.98631767e-04,1313.2
9630,1.875473,1.865461,2.98628180e-04,1314.5
9640,1.641963,1.685424,2.98624588e-04,1316.0
9650,1.677110,1.706102,2.98620991e-04,1317.4
9660,1.754562,1.616184,2.98617390e-04,1318.8
9670,1.656964,1.818851,2.98613784e-04,1320.2
9680,1.590005,1.693394,2.98610173e-04,1321.5
9690,1.680148,1.831564,2.98606557e-04,1322.9
9700,1.725570,1.732351,2.98602937e-04,1324.3
9710,1.661114,1.728972,2.98599312e-04,1325.7
9720,1.733484,1.676165,2.98595683e-04,1327.0
9730,1.726427,1.849169,2.98592049e-04,1328.4
9740,1.648352,1.769960,2.98588410e-04,1329.8
9750,1.778303,1.794487,2.98584767e-04,1331.2
9760,1.720902,1.701377,2.98581118e-04,1332.5
9770,1.750835,1.720235,2.98577466e-04,1333.9
9780,1.746912,1.747399,2.98573808e-04,1335.2
9790,1.567180,1.721715,2.98570146e-04,1336.6
9800,1.737702,1.615919,2.98566479e-04,1338.0
9810,1.602203,1.823292,2.98562808e-04,1339.4
9820,1.682533,1.725430,2.98559131e-04,1340.8
9830,1.726437,1.756117,2.98555450e-04,1342.2
9840,1.647951,1.647216,2.98551765e-04,1343.6
9850,1.624162,1.759389,2.98548075e-04,1345.0
9860,1.661095,1.688359,2.98544380e-04,1346.4
9870,1.643022,1.788236,2.98540680e-04,1347.9
9880,1.709181,1.669623,2.98536976e-04,1349.3
9890,1.654127,1.665550,2.98533267e-04,1350.8
9900,1.718399,1.643493,2.98529554e-04,1352.2
9910,1.709645,1.705595,2.98525836e-04,1353.7
9920,1.677788,1.731276,2.98522113e-04,1355.1
9930,1.820048,1.668029,2.98518385e-04,1356.5
9940,1.660524,1.645349,2.98514653e-04,1357.9
9950,1.575288,1.656149,2.98510916e-04,1359.3
9960,1.677678,1.622154,2.98507174e-04,1360.7
9970,1.660982,1.843549,2.98503428e-04,1362.0
9980,1.684689,1.748649,2.98499677e-04,1363.5
9990,1.705282,1.701474,2.98495922e-04,1364.9
10000,1.618340,1.660136,2.98492162e-04,1366.3
10010,1.763823,1.739478,2.98488397e-04,1368.2
10020,1.664820,1.814870,2.98484627e-04,1369.9
10030,1.710030,1.681431,2.98480853e-04,1371.5
10040,1.772622,1.884814,2.98477074e-04,1372.9
10050,1.947936,1.594183,2.98473290e-04,1374.4
10060,1.672567,1.703849,2.98469502e-04,1375.9
10070,1.708145,1.749867,2.98465709e-04,1377.4
10080,1.633562,1.652094,2.98461912e-04,1379.2
10090,1.630780,1.705657,2.98458109e-04,1381.0
10100,1.653891,1.762636,2.98454303e-04,1383.1
10110,1.810625,1.580024,2.98450491e-04,1385.0
10120,1.649706,1.675599,2.98446675e-04,1386.8
10130,1.678289,1.645194,2.98442854e-04,1388.4
10140,1.704949,1.681035,2.98439028e-04,1389.9
10150,1.771644,1.707371,2.98435198e-04,1391.3
10160,1.706359,1.668320,2.98431363e-04,1392.7
10170,1.638329,1.695407,2.98427524e-04,1394.1
10180,1.848105,1.577616,2.98423679e-04,1395.5
10190,1.674634,1.703158,2.98419830e-04,1396.9
10200,1.655979,1.694344,2.98415977e-04,1398.2
10210,1.568151,1.745489,2.98412119e-04,1399.5
10220,1.678979,1.717765,2.98408256e-04,1400.9
10230,1.672781,1.573843,2.98404388e-04,1402.2
10240,1.670983,1.880132,2.98400516e-04,1403.5
10250,1.563165,1.722553,2.98396639e-04,1404.8
10260,1.770335,1.729644,2.98392757e-04,1406.1
10270,1.675077,1.757235,2.98388871e-04,1407.4
10280,1.616917,1.755692,2.98384980e-04,1408.8
10290,1.699813,1.667268,2.98381085e-04,1410.1
10300,1.643483,1.714159,2.98377185e-04,1411.5
10310,1.737919,1.631071,2.98373280e-04,1412.8
10320,1.626060,1.667340,2.98369370e-04,1414.1
10330,1.794423,1.551769,2.98365456e-04,1415.4
10340,1.825551,1.679339,2.98361537e-04,1416.8
10350,1.705938,1.706306,2.98357614e-04,1418.1
10360,1.676493,1.686445,2.98353685e-04,1419.4
10370,1.644837,1.913589,2.98349753e-04,1420.7
10380,1.701947,1.717579,2.98345815e-04,1422.1
10390,1.755630,1.730329,2.98341873e-04,1423.4
10400,1.637706,1.704577,2.98337926e-04,1424.7
10410,1.819602,1.625081,2.98333974e-04,1426.1
10420,1.669914,1.819467,2.98330018e-04,1427.4
10430,1.693255,1.703400,2.98326057e-04,1428.7
10440,1.675509,1.620367,2.98322092e-04,1430.1
10450,1.737781,1.590971,2.98318122e-04,1431.4
10460,1.552082,1.706703,2.98314147e-04,1432.7
10470,1.684082,1.579083,2.98310168e-04,1434.0
10480,1.761963,1.595933,2.98306183e-04,1435.4
10490,1.670517,1.735758,2.98302195e-04,1436.7
10500,1.765491,1.651616,2.98298201e-04,1438.0
10510,1.620906,1.673916,2.98294203e-04,1440.0
10520,1.630541,1.643965,2.98290200e-04,1441.6
10530,1.680520,1.684536,2.98286193e-04,1443.2
10540,1.670369,1.692216,2.98282181e-04,1444.7
10550,1.672994,1.586207,2.98278164e-04,1446.2
10560,1.694548,1.664727,2.98274142e-04,1447.6
10570,1.667531,1.674490,2.98270116e-04,1449.1
10580,1.668594,1.763942,2.98266086e-04,1450.4
10590,1.705859,1.657635,2.98262050e-04,1451.8
10600,1.692282,1.767770,2.98258010e-04,1453.2
10610,1.739094,1.658259,2.98253965e-04,1454.8
10620,1.765830,1.617918,2.98249916e-04,1456.3
10630,1.694248,1.768702,2.98245862e-04,1457.7
10640,1.540160,1.698689,2.98241803e-04,1459.3
10650,1.757555,1.731641,2.98237740e-04,1460.8
10660,1.646179,1.672790,2.98233672e-04,1462.3
10670,1.616299,1.733779,2.98229599e-04,1463.7
10680,1.658530,1.648776,2.98225522e-04,1465.0
10690,1.783632,1.738433,2.98221440e-04,1466.4
10700,1.629365,1.632996,2.98217353e-04,1467.7
10710,1.695820,1.773493,2.98213262e-04,1469.0
10720,1.663218,1.698048,2.98209166e-04,1470.4
10730,1.735915,1.773841,2.98205065e-04,1471.7
10740,1.676589,1.677539,2.98200960e-04,1473.0
10750,1.573343,1.577965,2.98196850e-04,1474.6
10760,1.690835,1.687040,2.98192735e-04,1476.3
10770,1.687392,1.685878,2.98188616e-04,1478.0
10780,1.679627,1.743469,2.98184492e-04,1479.5
10790,1.714315,1.756930,2.98180363e-04,1481.1
10800,1.674133,1.677304,2.98176230e-04,1482.6
10810,1.648756,1.690246,2.98172092e-04,1484.3
10820,1.736597,1.689759,2.98167950e-04,1486.2
10830,1.732197,1.657343,2.98163803e-04,1488.0
10840,1.748077,1.552787,2.98159651e-04,1489.8
10850,1.704809,1.684899,2.98155494e-04,1491.8
10860,1.627867,1.628552,2.98151333e-04,1493.9
10870,1.648245,1.742001,2.98147167e-04,1495.9
10880,1.570758,1.653909,2.98142997e-04,1497.2
10890,1.879054,1.724483,2.98138821e-04,1498.6
10900,1.621008,1.739619,2.98134642e-04,1500.6
10910,1.721560,1.644498,2.98130457e-04,1502.6
10920,1.737061,1.644279,2.98126268e-04,1504.6
10930,1.767091,1.590852,2.98122074e-04,1506.6
10940,1.666259,1.657509,2.98117876e-04,1508.5
10950,1.777374,1.643483,2.98113673e-04,1510.4
10960,1.691199,1.653092,2.98109465e-04,1512.3
10970,1.583303,1.763604,2.98105253e-04,1514.1
10980,1.607260,1.572238,2.98101036e-04,1515.9
10990,1.722754,1.699484,2.98096814e-04,1517.7
11000,1.586778,1.735804,2.98092587e-04,1519.5
11010,1.681129,1.651803,2.98088356e-04,1522.2
11020,1.709934,1.606255,2.98084121e-04,1523.9
11030,1.673795,1.692265,2.98079881e-04,1525.5
11040,1.668593,1.792790,2.98075636e-04,1527.1
11050,1.597046,1.770765,2.98071386e-04,1528.6
11060,1.606591,1.649786,2.98067132e-04,1530.1
11070,1.607776,1.567662,2.98062873e-04,1531.6
11080,1.654048,1.680272,2.98058609e-04,1533.1
11090,1.633969,1.709046,2.98054341e-04,1534.6
11100,1.709065,1.668068,2.98050068e-04,1536.1
11110,1.593418,1.675299,2.98045790e-04,1537.7
11120,1.562792,1.643976,2.98041508e-04,1539.3
11130,1.636510,1.773003,2.98037221e-04,1540.8
11140,1.728878,1.753706,2.98032930e-04,1542.4
11150,1.654387,1.678441,2.98028634e-04,1544.0
11160,1.698905,1.713711,2.98024333e-04,1545.6
11170,1.628424,1.704635,2.98020027e-04,1547.3
11180,1.635360,1.680790,2.98015717e-04,1548.8
11190,1.647257,1.645374,2.98011403e-04,1550.5
11200,1.605226,1.587051,2.98007083e-04,1552.1
11210,1.660982,1.676587,2.98002759e-04,1553.6
11220,1.779021,1.644871,2.97998430e-04,1555.2
11230,1.652855,1.716508,2.97994097e-04,1556.8
11240,1.585349,1.769890,2.97989759e-04,1558.5
11250,1.738537,1.663695,2.97985416e-04,1560.2
11260,1.738063,1.634013,2.97981069e-04,1561.9
11270,1.575555,1.707374,2.97976717e-04,1563.5
11280,1.650499,1.731538,2.97972360e-04,1565.2
11290,1.681171,1.706889,2.97967999e-04,1566.7
11300,1.636594,1.835346,2.97963633e-04,1568.4
11310,1.770725,1.693730,2.97959263e-04,1570.0
11320,1.611029,1.679520,2.97954888e-04,1571.6
11330,1.663311,1.660270,2.97950508e-04,1573.1
11340,1.737199,1.554110,2.97946123e-04,1574.6
11350,1.717910,1.722458,2.97941734e-04,1576.1
11360,1.638171,1.542772,2.97937340e-04,1577.7
11370,1.728202,1.761179,2.97932942e-04,1579.3
11380,1.647709,1.675643,2.97928539e-04,1580.9
11390,1.828372,1.624627,2.97924131e-04,1582.5
11400,1.710145,1.708601,2.97919718e-04,1584.2
11410,1.766150,1.689367,2.97915301e-04,1586.0
11420,1.624934,1.610868,2.97910880e-04,1587.9
11430,1.713586,1.631067,2.97906453e-04,1589.6
11440,1.669193,1.615674,2.97902022e-04,1591.3
11450,1.648201,1.752439,2.97897587e-04,1593.0
11460,1.651806,1.622845,2.97893146e-04,1594.7
11470,1.754473,1.723461,2.97888701e-04,1596.2
11480,1.751574,1.670125,2.97884252e-04,1597.8
11490,1.637113,1.682645,2.97879798e-04,1599.3
11500,1.619906,1.743497,2.97875339e-04,1600.8
11510,1.593182,1.746414,2.97870875e-04,1602.8
11520,1.613663,1.733217,2.97866407e-04,1604.5
11530,1.658868,1.634839,2.97861934e-04,1606.1
11540,1.794670,1.674615,2.97857457e-04,1607.7
11550,1.595028,1.680021,2.97852975e-04,1609.3
11560,1.680691,1.697058,2.97848488e-04,1610.8
11570,1.700314,1.659515,2.97843997e-04,1612.4
11580,1.760000,1.495146,2.97839500e-04,1613.9
11590,1.794445,1.640837,2.97835000e-04,1615.4
11600,1.782156,1.664085,2.97830494e-04,1616.9
11610,1.658750,1.682121,2.97825984e-04,1618.5
11620,1.729667,1.654654,2.97821470e-04,1620.0
11630,1.743125,1.752400,2.97816951e-04,1621.6
11640,1.680225,1.645080,2.97812427e-04,1623.1
11650,1.680262,1.706283,2.97807898e-04,1624.6
11660,1.650320,1.577483,2.97803365e-04,1626.1
11670,1.710650,1.651800,2.97798827e-04,1627.6
11680,1.636715,1.555882,2.97794285e-04,1629.2
11690,1.572703,1.681337,2.97789737e-04,1630.8
11700,1.656223,1.675965,2.97785186e-04,1632.4
11710,1.713553,1.727759,2.97780629e-04,1633.9
11720,1.617634,1.701256,2.97776068e-04,1635.4
11730,1.664557,1.655638,2.97771502e-04,1636.9
11740,1.743017,1.634567,2.97766932e-04,1638.4
11750,1.568463,1.744408,2.97762357e-04,1639.9
11760,1.704153,1.737961,2.97757777e-04,1641.3
11770,1.650543,1.688146,2.97753193e-04,1642.8
11780,1.736927,1.720170,2.97748604e-04,1644.3
11790,1.596680,1.656370,2.97744011e-04,1645.7
11800,1.751075,1.684926,2.97739413e-04,1647.2
11810,1.574904,1.697148,2.97734810e-04,1648.7
11820,1.637360,1.695890,2.97730202e-04,1650.3
11830,1.707776,1.672855,2.97725590e-04,1651.8
11840,1.729970,1.664925,2.97720973e-04,1653.2
11850,1.657287,1.666948,2.97716352e-04,1654.6
11860,1.776509,1.614690,2.97711726e-04,1656.0
11870,1.581171,1.766672,2.97707095e-04,1657.4
11880,1.733516,1.766574,2.97702460e-04,1658.9
11890,1.641741,1.655423,2.97697820e-04,1660.3
11900,1.643224,1.638450,2.97693175e-04,1661.8
11910,1.620981,1.697804,2.97688526e-04,1663.2
11920,1.642779,1.632791,2.97683872e-04,1664.7
11930,1.727237,1.605103,2.97679214e-04,1666.2
11940,1.694206,1.677032,2.97674550e-04,1667.7
11950,1.641409,1.787138,2.97669883e-04,1669.2
11960,1.634655,1.670088,2.97665210e-04,1670.6
11970,1.693108,1.699732,2.97660533e-04,1672.0
11980,1.634168,1.605464,2.97655851e-04,1673.4
11990,1.851987,1.596181,2.97651165e-04,1674.8
12000,1.669844,1.748041,2.97646474e-04,1676.1
12010,1.715441,1.720867,2.97641778e-04,1678.1
12020,1.707718,1.683884,2.97637078e-04,1679.8
12030,1.625670,1.766342,2.97632373e-04,1681.4
12040,1.739769,1.739765,2.97627663e-04,1683.0
12050,1.625886,1.639845,2.97622949e-04,1684.5
12060,1.671871,1.622675,2.97618230e-04,1686.0
12070,1.717070,1.772939,2.97613507e-04,1687.5
12080,1.760890,1.685165,2.97608779e-04,1689.0
12090,1.724972,1.674089,2.97604046e-04,1690.4
12100,1.602795,1.694242,2.97599309e-04,1691.9
12110,1.649193,1.807940,2.97594567e-04,1693.3
12120,1.615660,1.834543,2.97589820e-04,1694.7
12130,1.622045,1.651208,2.97585069e-04,1696.1
12140,1.549953,1.715905,2.97580313e-04,1697.4
12150,1.707095,1.673114,2.97575552e-04,1698.8
12160,1.662877,1.614964,2.97570787e-04,1700.1
12170,1.527637,1.710102,2.97566017e-04,1701.5
12180,1.736657,1.635201,2.97561243e-04,1702.8
12190,1.634249,1.640104,2.97556464e-04,1704.2
12200,1.772497,1.556970,2.97551680e-04,1705.5
12210,1.662717,1.668193,2.97546891e-04,1706.9
12220,1.658525,1.704956,2.97542098e-04,1708.2
12230,1.656460,1.724697,2.97537301e-04,1709.6
12240,1.666940,1.554889,2.97532499e-04,1710.9
12250,1.646285,1.644093,2.97527692e-04,1712.3
12260,1.670842,1.718556,2.97522880e-04,1713.6
12270,1.558989,1.655912,2.97518064e-04,1714.9
12280,1.776813,1.703654,2.97513243e-04,1716.3
12290,1.683182,1.664326,2.97508418e-04,1717.7
12300,1.666923,1.648291,2.97503587e-04,1719.1
12310,1.669095,1.630673,2.97498753e-04,1720.5
12320,1.591036,1.786085,2.97493913e-04,1721.9
12330,1.646470,1.628139,2.97489069e-04,1723.2
12340,1.708439,1.675400,2.97484221e-04,1724.6
12350,1.648053,1.752822,2.97479368e-04,1725.9
12360,1.659739,1.646822,2.97474510e-04,1727.3
12370,1.570881,1.608307,2.97469647e-04,1728.7
12380,1.626058,1.597834,2.97464780e-04,1730.1
12390,1.582792,1.774686,2.97459908e-04,1731.5
12400,1.655225,1.710058,2.97455032e-04,1732.9
12410,1.733970,1.658317,2.97450151e-04,1734.3
12420,1.605954,1.624938,2.97445265e-04,1735.7
12430,1.688475,1.586824,2.97440375e-04,1737.1
12440,1.724988,1.644428,2.97435480e-04,1738.5
12450,1.632797,1.707886,2.97430580e-04,1740.0
12460,1.630363,1.706841,2.97425676e-04,1741.4
12470,1.589827,1.654749,2.97420767e-04,1742.9
12480,1.761780,1.644072,2.97415854e-04,1744.3
12490,1.542639,1.709916,2.97410936e-04,1745.7
12500,1.694076,1.613963,2.97406013e-04,1747.1
12510,1.685062,1.688482,2.97401085e-04,1749.1
12520,1.568440,1.611016,2.97396154e-04,1750.8
12530,1.622680,1.631801,2.97391217e-04,1752.3
12540,1.658742,1.731055,2.97386276e-04,1753.9
12550,1.583229,1.641009,2.97381330e-04,1755.4
12560,1.675225,1.792049,2.97376379e-04,1756.8
12570,1.778852,1.663885,2.97371424e-04,1758.2
12580,1.703937,1.667880,2.97366464e-04,1759.6
12590,1.479935,1.738596,2.97361500e-04,1761.0
12600,1.567962,1.700520,2.97356531e-04,1762.4
12610,1.723631,1.689636,2.97351557e-04,1763.7
12620,1.635494,1.576443,2.97346579e-04,1765.1
12630,1.534134,1.832235,2.97341596e-04,1766.4
12640,1.632154,1.886027,2.97336609e-04,1767.7
12650,1.557460,1.628433,2.97331616e-04,1769.1
12660,1.635570,1.662150,2.97326620e-04,1770.4
12670,1.674687,1.662934,2.97321618e-04,1771.7
12680,1.674992,1.631982,2.97316612e-04,1773.0
12690,1.647418,1.599517,2.97311601e-04,1774.4
12700,1.638608,1.696823,2.97306586e-04,1775.7
12710,1.595027,1.703611,2.97301566e-04,1777.1
12720,1.574923,1.727192,2.97296542e-04,1778.5
12730,1.649779,1.648365,2.97291513e-04,1779.9
12740,1.583570,1.745353,2.97286479e-04,1781.3
12750,1.718219,1.696418,2.97281440e-04,1782.7
12760,1.863911,1.664500,2.97276397e-04,1784.1
12770,1.710300,1.634810,2.97271350e-04,1785.5
12780,1.726351,1.608569,2.97266297e-04,1787.0
12790,1.756465,1.652672,2.97261240e-04,1788.5
12800,1.749422,1.680379,2.97256179e-04,1789.9
12810,1.646866,1.627681,2.97251113e-04,1791.4
12820,1.608974,1.751782,2.97246042e-04,1792.9
12830,1.697438,1.621404,2.97240966e-04,1794.4
12840,1.548808,1.723000,2.97235886e-04,1795.8
12850,1.699096,1.670593,2.97230802e-04,1797.2
12860,1.751927,1.681962,2.97225712e-04,1798.6
12870,1.609948,1.661805,2.97220618e-04,1800.1
12880,1.651666,1.715200,2.97215520e-04,1801.4
12890,1.624480,1.571722,2.97210417e-04,1802.8
12900,1.746479,1.625323,2.97205309e-04,1804.2
12910,1.666810,1.565312,2.97200196e-04,1805.7
12920,1.710155,1.815185,2.97195079e-04,1807.1
12930,1.502663,1.561145,2.97189958e-04,1808.5
12940,1.633799,1.704584,2.97184831e-04,1810.0
12950,1.715153,1.709017,2.97179701e-04,1811.4
12960,1.630386,1.694666,2.97174565e-04,1812.9
12970,1.661949,1.714834,2.97169425e-04,1814.5
12980,1.633272,1.680923,2.97164280e-04,1816.0
12990,1.563225,1.593710,2.97159131e-04,1817.5
13000,1.730124,1.705838,2.97153977e-04,1819.0
13010,1.640144,1.630321,2.97148818e-04,1821.0
13020,1.560942,1.630035,2.97143655e-04,1822.7
13030,1.605746,1.690626,2.97138487e-04,1824.3
13040,1.740283,1.670329,2.97133314e-04,1825.9
13050,1.770403,1.680899,2.97128137e-04,1827.5
13060,1.701274,1.697220,2.97122956e-04,1829.1
13070,1.607551,1.573413,2.97117769e-04,1830.7
13080,1.563239,1.687853,2.97112578e-04,1832.3
13090,1.718664,1.867699,2.97107383e-04,1833.8
13100,1.714918,1.690495,2.97102182e-04,1835.3
13110,1.675694,1.616077,2.97096978e-04,1836.7
13120,1.719414,1.639053,2.97091768e-04,1838.2
13130,1.552060,1.731617,2.97086554e-04,1839.7
13140,1.661644,1.644965,2.97081335e-04,1841.2
13150,1.674687,1.516703,2.97076112e-04,1842.6
13160,1.570816,1.621300,2.97070884e-04,1843.9
13170,1.751723,1.656258,2.97065651e-04,1845.3
13180,1.679837,1.653147,2.97060414e-04,1846.7
13190,1.694427,1.659093,2.97055173e-04,1848.1
13200,1.688196,1.682013,2.97049926e-04,1849.4
13210,1.572424,1.629552,2.97044675e-04,1850.8
13220,1.688287,1.614883,2.97039419e-04,1852.2
13230,1.678323,1.689011,2.97034159e-04,1853.6
13240,1.603643,1.695306,2.97028894e-04,1855.0
13250,1.698633,1.648935,2.97023625e-04,1856.3
13260,1.673408,1.522279,2.97018351e-04,1857.5
13270,1.639812,1.613786,2.97013072e-04,1858.8
13280,1.593527,1.675320,2.97007789e-04,1860.1
13290,1.542446,1.619585,2.97002501e-04,1861.5
13300,1.648608,1.667227,2.96997208e-04,1862.8
13310,1.783590,1.627978,2.96991911e-04,1864.2
13320,1.632426,1.712156,2.96986609e-04,1865.6
13330,1.582286,1.692406,2.96981303e-04,1867.1
13340,1.517732,1.643187,2.96975992e-04,1868.6
13350,1.749641,1.592737,2.96970676e-04,1870.0
13360,1.737817,1.683640,2.96965356e-04,1871.5
13370,1.585299,1.715821,2.96960031e-04,1872.9
13380,1.629540,1.681733,2.96954701e-04,1874.4
13390,1.632936,1.678086,2.96949367e-04,1875.8
13400,1.746192,1.638865,2.96944028e-04,1877.2
13410,1.614845,1.640190,2.96938685e-04,1878.6
13420,1.649618,1.726809,2.96933337e-04,1880.0
13430,1.567131,1.781270,2.96927985e-04,1881.4
13440,1.643520,1.672653,2.96922627e-04,1882.7
13450,1.626459,1.740164,2.96917266e-04,1884.1
13460,1.621941,1.557338,2.96911899e-04,1885.5
13470,1.633629,1.746707,2.96906528e-04,1886.9
13480,1.748349,1.737699,2.96901153e-04,1888.2
13490,1.526309,1.596373,2.96895772e-04,1889.7
13500,1.623320,1.635410,2.96890387e-04,1891.1
13510,1.679982,1.580471,2.96884998e-04,1893.1
13520,1.492741,1.730875,2.96879604e-04,1894.8
13530,1.734877,1.627210,2.96874205e-04,1896.5
13540,1.735956,1.651094,2.96868802e-04,1898.1
13550,1.687416,1.768911,2.96863394e-04,1899.6
13560,1.646127,1.762940,2.96857981e-04,1901.1
13570,1.532660,1.633821,2.96852564e-04,1902.6
13580,1.626271,1.662303,2.96847143e-04,1904.2
13590,1.775787,1.610543,2.96841716e-04,1905.8
13600,1.813119,1.577018,2.96836285e-04,1907.3
13610,1.577573,1.753779,2.96830850e-04,1908.8
13620,1.609156,1.707152,2.96825409e-04,1910.2
13630,1.696416,1.557436,2.96819965e-04,1911.6
13640,1.673990,1.629453,2.96814515e-04,1913.0
13650,1.664474,1.583222,2.96809061e-04,1914.4
13660,1.694726,1.666283,2.96803603e-04,1915.7
13670,1.643699,1.594879,2.96798139e-04,1917.1
13680,1.642964,1.652372,2.96792672e-04,1918.4
13690,1.722238,1.611086,2.96787199e-04,1919.7
13700,1.600541,1.656716,2.96781722e-04,1921.1
13710,1.781175,1.639822,2.96776240e-04,1922.4
13720,1.626222,1.535951,2.96770754e-04,1923.7
13730,1.660283,1.588062,2.96765263e-04,1925.1
13740,1.703432,1.697523,2.96759768e-04,1926.4
13750,1.569378,1.563293,2.96754268e-04,1927.7
13760,1.605105,1.588196,2.96748763e-04,1928.9
13770,1.623262,1.724249,2.96743254e-04,1930.2
13780,1.643866,1.607842,2.96737740e-04,1931.5
13790,1.647046,1.693688,2.96732221e-04,1932.8
13800,1.597976,1.559464,2.96726698e-04,1934.1
13810,1.555610,1.631943,2.96721170e-04,1935.3
13820,1.603379,1.602083,2.96715638e-04,1936.6
13830,1.683026,1.672907,2.96710101e-04,1937.9
13840,1.616054,1.629668,2.96704559e-04,1939.2
13850,1.530714,1.616313,2.96699013e-04,1940.5
13860,1.688499,1.702556,2.96693462e-04,1941.9
13870,1.604920,1.651911,2.96687907e-04,1943.2
13880,1.690953,1.546129,2.96682347e-04,1944.5
13890,1.600761,1.664778,2.96676782e-04,1945.8
13900,1.679487,1.639250,2.96671213e-04,1947.1
13910,1.624650,1.589886,2.96665639e-04,1948.4
13920,1.671017,1.526028,2.96660061e-04,1949.7
13930,1.637668,1.635540,2.96654478e-04,1951.0
13940,1.609176,1.666683,2.96648890e-04,1952.3
13950,1.634900,1.621964,2.96643298e-04,1953.6
13960,1.557676,1.658292,2.96637701e-04,1954.9
13970,1.611273,1.687470,2.96632100e-04,1956.2
13980,1.522488,1.513407,2.96626494e-04,1957.5
13990,1.710416,1.693821,2.96620883e-04,1958.8
14000,1.620533,1.582274,2.96615268e-04,1960.1
14010,1.639910,1.563005,2.96609648e-04,1962.0
14020,1.651987,1.759431,2.96604024e-04,1963.7
14030,1.613808,1.614467,2.96598395e-04,1965.3
14040,1.539478,1.700274,2.96592761e-04,1966.8
14050,1.610415,1.680421,2.96587123e-04,1968.3
14060,1.603541,1.513291,2.96581480e-04,1969.8
14070,1.579428,1.664143,2.96575833e-04,1971.2
14080,1.627992,1.584374,2.96570181e-04,1972.7
14090,1.597033,1.668616,2.96564524e-04,1974.1
14100,1.673784,1.657822,2.96558863e-04,1975.4
14110,1.735312,1.646964,2.96553197e-04,1976.8
14120,1.636922,1.705516,2.96547526e-04,1978.1
14130,1.647124,1.610619,2.96541851e-04,1979.4
14140,1.614342,1.621086,2.96536172e-04,1980.7
14150,1.714547,1.587936,2.96530488e-04,1982.0
14160,1.655872,1.618896,2.96524799e-04,1983.3
14170,1.638499,1.567518,2.96519105e-04,1984.7
14180,1.668908,1.584287,2.96513407e-04,1986.0
14190,1.677153,1.711011,2.96507705e-04,1987.3
14200,1.610923,1.705195,2.96501997e-04,1988.6
14210,1.594390,1.555357,2.96496286e-04,1989.9
14220,1.636509,1.764323,2.96490569e-04,1991.2
14230,1.665936,1.601236,2.96484848e-04,1992.5
14240,1.664177,1.676579,2.96479122e-04,1993.8
14250,1.618335,1.549306,2.96473392e-04,1995.1
14260,1.645779,1.621030,2.96467657e-04,1996.4
14270,1.608433,1.602936,2.96461918e-04,1997.7
14280,1.552524,1.582752,2.96456174e-04,1998.9
14290,1.684930,1.610301,2.96450425e-04,2000.2
14300,1.644230,1.582051,2.96444672e-04,2001.5
14310,1.724339,1.655000,2.96438914e-04,2002.8
14320,1.575011,1.758517,2.96433152e-04,2004.0
14330,1.731451,1.744479,2.96427385e-04,2005.3
14340,1.692314,1.530277,2.96421613e-04,2006.6
14350,1.630642,1.664914,2.96415837e-04,2007.9
14360,1.628200,1.681276,2.96410056e-04,2009.2
14370,1.577294,1.647359,2.96404271e-04,2010.4
14380,1.671446,1.580167,2.96398481e-04,2011.7
14390,1.708130,1.659438,2.96392686e-04,2012.9
14400,1.672168,1.689694,2.96386887e-04,2014.2
14410,1.682908,1.651676,2.96381083e-04,2015.5
14420,1.651714,1.609622,2.96375275e-04,2016.8
14430,1.590474,1.693693,2.96369462e-04,2018.1
14440,1.518761,1.629914,2.96363645e-04,2019.5
14450,1.573245,1.561922,2.96357822e-04,2020.8
14460,1.616815,1.640332,2.96351996e-04,2022.2
14470,1.493918,1.693896,2.96346164e-04,2023.6
14480,1.631973,1.643507,2.96340328e-04,2024.9
14490,1.585470,1.641928,2.96334488e-04,2026.3
14500,1.635059,1.661011,2.96328643e-04,2027.7
14510,1.729538,1.621649,2.96322793e-04,2029.6
14520,1.552059,1.648519,2.96316939e-04,2031.3
14530,1.577757,1.581258,2.96311080e-04,2033.0
14540,1.711100,1.620510,2.96305217e-04,2034.6
14550,1.600324,1.566796,2.96299348e-04,2036.3
14560,1.541771,1.641618,2.96293476e-04,2037.8
14570,1.594530,1.767644,2.96287599e-04,2039.3
14580,1.703836,1.748051,2.96281717e-04,2040.8
14590,1.763135,1.820678,2.96275830e-04,2042.3
14600,1.546409,1.669315,2.96269939e-04,2043.7
14610,1.617594,1.658838,2.96264044e-04,2045.2
14620,1.526356,1.603240,2.96258143e-04,2046.6
14630,1.603901,1.707071,2.96252239e-04,2048.1
14640,1.593722,1.543230,2.96246329e-04,2049.6
14650,1.600587,1.614179,2.96240415e-04,2051.2
14660,1.597328,1.686612,2.96234497e-04,2052.7
14670,1.657029,1.665256,2.96228574e-04,2054.2
14680,1.597465,1.714764,2.96222646e-04,2055.7
14690,1.671017,1.673692,2.96216714e-04,2057.2
14700,1.570457,1.642280,2.96210777e-04,2058.8
14710,1.578581,1.633781,2.96204835e-04,2060.3
14720,1.666977,1.543344,2.96198889e-04,2061.8
14730,1.580985,1.717589,2.96192938e-04,2063.3
14740,1.600285,1.646712,2.96186983e-04,2064.8
14750,1.703249,1.652419,2.96181023e-04,2066.3
14760,1.675105,1.694594,2.96175059e-04,2067.8
14770,1.566218,1.788578,2.96169090e-04,2069.3
14780,1.564374,1.693864,2.96163116e-04,2070.8
14790,1.678477,1.695471,2.96157138e-04,2072.3
14800,1.532513,1.594624,2.96151155e-04,2073.9
14810,1.596695,1.630555,2.96145168e-04,2075.4
14820,1.654827,1.708954,2.96139176e-04,2076.9
14830,1.611832,1.685138,2.96133179e-04,2078.3
14840,1.588264,1.572152,2.96127178e-04,2079.8
14850,1.642486,1.651859,2.96121172e-04,2081.3
14860,1.628308,1.623988,2.96115162e-04,2082.8
14870,1.619761,1.578046,2.96109147e-04,2084.3
14880,1.766833,1.609401,2.96103128e-04,2085.7
14890,1.683890,1.685007,2.96097104e-04,2087.1
14900,1.617317,1.581787,2.96091075e-04,2088.6
14910,1.667956,1.625252,2.96085042e-04,2090.0
14920,1.694419,1.553543,2.96079004e-04,2091.3
14930,1.609079,1.646031,2.96072962e-04,2092.7
14940,1.553832,1.599259,2.96066915e-04,2094.1
14950,1.559075,1.617909,2.96060863e-04,2095.5
14960,1.619155,1.600620,2.96054807e-04,2096.9
14970,1.534475,1.560079,2.96048746e-04,2098.3
14980,1.647844,1.618159,2.96042681e-04,2099.7
14990,1.731245,1.643483,2.96036611e-04,2101.1
15000,1.740193,1.554032,2.96030537e-04,2102.5
15010,1.660960,1.560165,2.96024458e-04,2104.4
15020,1.632546,1.517774,2.96018374e-04,2106.1
15030,1.676488,1.639145,2.96012286e-04,2107.7
15040,1.606742,1.601384,2.96006193e-04,2109.2
15050,1.609749,1.666218,2.96000096e-04,2110.7
15060,1.690045,1.679923,2.95993994e-04,2112.3
15070,1.753820,1.676289,2.95987887e-04,2113.7
15080,1.538010,1.534898,2.95981776e-04,2115.2
15090,1.608190,1.620521,2.95975660e-04,2116.6
15100,1.628800,1.577988,2.95969540e-04,2118.1
15110,1.737134,1.764413,2.95963415e-04,2119.6
15120,1.593895,1.602998,2.95957286e-04,2121.1
15130,1.557984,1.611122,2.95951152e-04,2122.6
15140,1.662581,1.576929,2.95945013e-04,2124.1
15150,1.648710,1.627126,2.95938870e-04,2125.6
15160,1.759676,1.543509,2.95932722e-04,2127.1
15170,1.656003,1.635483,2.95926570e-04,2128.5
15180,1.587896,1.627087,2.95920413e-04,2130.0
15190,1.665705,1.669642,2.95914251e-04,2131.4
15200,1.632973,1.652151,2.95908085e-04,2132.9
15210,1.776225,1.726382,2.95901915e-04,2134.3
15220,1.558170,1.752931,2.95895739e-04,2135.8
15230,1.568482,1.622267,2.95889560e-04,2137.2
15240,1.722054,1.574718,2.95883375e-04,2138.5
15250,1.646914,1.715676,2.95877186e-04,2139.9
15260,1.748730,1.649719,2.95870993e-04,2141.2
15270,1.648795,1.694350,2.95864795e-04,2142.5
15280,1.623936,1.525644,2.95858592e-04,2143.9
15290,1.586228,1.653780,2.95852385e-04,2145.2
15300,1.532486,1.471927,2.95846173e-04,2146.5
15310,1.694176,1.691509,2.95839956e-04,2147.8
15320,1.628510,1.560531,2.95833735e-04,2149.1
15330,1.673207,1.676175,2.95827510e-04,2150.4
15340,1.535991,1.697615,2.95821280e-04,2151.7
15350,1.557166,1.596092,2.95815045e-04,2153.0
15360,1.580707,1.663758,2.95808806e-04,2154.3
15370,1.619991,1.652055,2.95802562e-04,2155.6
15380,1.758673,1.714533,2.95796313e-04,2156.9
15390,1.607575,1.686066,2.95790060e-04,2158.2
15400,1.682827,1.645657,2.95783803e-04,2159.5
15410,1.561001,1.620104,2.95777541e-04,2160.7
15420,1.738824,1.577040,2.95771274e-04,2162.0
15430,1.646094,1.631968,2.95765003e-04,2163.3
15440,1.625741,1.605612,2.95758727e-04,2164.6
15450,1.644249,1.583461,2.95752446e-04,2165.9
15460,1.534374,1.614747,2.95746161e-04,2167.1
15470,1.614450,1.522529,2.95739872e-04,2168.4
15480,1.684446,1.669726,2.95733578e-04,2169.7
15490,1.600866,1.558996,2.95727279e-04,2170.9
15500,1.563429,1.688979,2.95720975e-04,2172.2
15510,1.641756,1.620217,2.95714668e-04,2174.2
15520,1.518593,1.555318,2.95708355e-04,2175.8
15530,1.617881,1.607468,2.95702038e-04,2177.3
15540,1.657580,1.571617,2.95695717e-04,2178.8
15550,1.615270,1.682899,2.95689390e-04,2180.2
15560,1.754809,1.564670,2.95683060e-04,2181.6
15570,1.643182,1.683585,2.95676724e-04,2182.9
15580,1.529453,1.645767,2.95670384e-04,2184.3
15590,1.711359,1.587427,2.95664040e-04,2185.6
15600,1.625264,1.507642,2.95657691e-04,2187.0
15610,1.520537,1.663085,2.95651337e-04,2188.3
15620,1.619708,1.500853,2.95644979e-04,2189.7
15630,1.652687,1.542937,2.95638617e-04,2191.0
15640,1.629801,1.587330,2.95632249e-04,2192.4
15650,1.553219,1.616277,2.95625877e-04,2193.9
15660,1.566370,1.618176,2.95619501e-04,2195.4
15670,1.705021,1.648488,2.95613120e-04,2197.1
15680,1.562421,1.600569,2.95606735e-04,2198.8
15690,1.617764,1.655025,2.95600344e-04,2200.4
15700,1.517713,1.634421,2.95593950e-04,2201.9
15710,1.575640,1.747711,2.95587550e-04,2203.5
15720,1.626770,1.562142,2.95581147e-04,2205.0
15730,1.605585,1.603416,2.95574738e-04,2206.6
15740,1.553808,1.540036,2.95568325e-04,2208.2
15750,1.670194,1.585351,2.95561908e-04,2209.7
15760,1.702362,1.699103,2.95555486e-04,2211.1
15770,1.702266,1.671848,2.95549059e-04,2212.6
15780,1.616788,1.631078,2.95542628e-04,2214.0
15790,1.672838,1.643559,2.95536192e-04,2215.4
15800,1.725428,1.581417,2.95529752e-04,2216.8
15810,1.572677,1.542851,2.95523307e-04,2218.2
15820,1.632211,1.718780,2.95516857e-04,2219.5
15830,1.505796,1.615774,2.95510403e-04,2220.8
15840,1.625587,1.775740,2.95503945e-04,2222.2
15850,1.751095,1.492123,2.95497482e-04,2223.5
15860,1.620201,1.568254,2.95491014e-04,2224.9
15870,1.526305,1.644850,2.95484541e-04,2226.2
15880,1.678390,1.659430,2.95478065e-04,2227.5
15890,1.605944,1.547164,2.95471583e-04,2228.9
15900,1.551623,1.578089,2.95465097e-04,2230.2
15910,1.516219,1.563062,2.95458607e-04,2231.5
15920,1.657797,1.604768,2.95452112e-04,2232.8
15930,1.685219,1.642190,2.95445612e-04,2234.2
15940,1.672094,1.664321,2.95439108e-04,2235.5
15950,1.672285,1.743727,2.95432599e-04,2236.8
15960,1.474185,1.560137,2.95426086e-04,2238.1
15970,1.612157,1.619591,2.95419568e-04,2239.4
15980,1.664128,1.649886,2.95413045e-04,2240.7
15990,1.603050,1.704919,2.95406518e-04,2242.0
16000,1.573298,1.604478,2.95399987e-04,2243.4
16010,1.572783,1.533747,2.95393450e-04,2245.4
16020,1.653000,1.736291,2.95386910e-04,2247.1
16030,1.612179,1.642089,2.95380364e-04,2248.7
16040,1.581628,1.609807,2.95373815e-04,2250.2
16050,1.607923,1.497561,2.95367260e-04,2251.7
16060,1.549770,1.557826,2.95360701e-04,2253.2
16070,1.550896,1.658893,2.95354138e-04,2254.7
16080,1.581130,1.599951,2.95347570e-04,2256.1
16090,1.601936,1.588051,2.95340997e-04,2257.5
16100,1.596828,1.680028,2.95334420e-04,2259.0
16110,1.608673,1.651477,2.95327838e-04,2260.4
16120,1.582241,1.628222,2.95321252e-04,2261.8
16130,1.632158,1.538131,2.95314661e-04,2263.2
16140,1.537819,1.603703,2.95308066e-04,2264.6
16150,1.493562,1.517619,2.95301466e-04,2266.0
16160,1.672351,1.672632,2.95294861e-04,2267.4
16170,1.627246,1.580834,2.95288252e-04,2268.8
16180,1.613932,1.521581,2.95281638e-04,2270.3
16190,1.706285,1.661650,2.95275020e-04,2271.7
16200,1.632518,1.624138,2.95268397e-04,2273.2
16210,1.661953,1.711114,2.95261770e-04,2274.6
16220,1.583602,1.589165,2.95255138e-04,2276.1
16230,1.605697,1.620580,2.95248502e-04,2277.6
16240,1.640425,1.532415,2.95241861e-04,2279.0
16250,1.544443,1.640300,2.95235215e-04,2280.5
16260,1.667773,1.597473,2.95228565e-04,2282.0
16270,1.559533,1.754895,2.95221911e-04,2283.4
16280,1.633790,1.696184,2.95215251e-04,2284.9
16290,1.541347,1.609278,2.95208588e-04,2286.3
16300,1.566030,1.541716,2.95201919e-04,2287.8
16310,1.673038,1.650962,2.95195247e-04,2289.3
16320,1.570549,1.622795,2.95188569e-04,2290.7
16330,1.676830,1.537622,2.95181887e-04,2292.1
16340,1.612729,1.717390,2.95175201e-04,2293.5
16350,1.783660,1.645468,2.95168510e-04,2294.9
16360,1.616077,1.563805,2.95161814e-04,2296.2
16370,1.542546,1.683179,2.95155114e-04,2297.6
16380,1.683702,1.573248,2.95148409e-04,2298.9
16390,1.621422,1.513096,2.95141700e-04,2300.3
16400,1.607220,1.635373,2.95134986e-04,2301.7
16410,1.530941,1.533617,2.95128268e-04,2303.1
16420,1.575138,1.602729,2.95121545e-04,2304.5
16430,1.641332,1.623821,2.95114817e-04,2305.9
16440,1.663879,1.621529,2.95108085e-04,2307.3
16450,1.640771,1.636328,2.95101349e-04,2308.6
16460,1.635622,1.546692,2.95094608e-04,2310.0
16470,1.572327,1.684877,2.95087862e-04,2311.5
16480,1.528252,1.585198,2.95081112e-04,2312.9
16490,1.604957,1.609122,2.95074357e-04,2314.4
16500,1.573038,1.601289,2.95067598e-04,2315.8
16510,1.679307,1.645983,2.95060834e-04,2317.8
16520,1.641864,1.608850,2.95054066e-04,2319.5
16530,1.580970,1.767346,2.95047293e-04,2321.1
16540,1.519947,1.724119,2.95040515e-04,2322.6
16550,1.714156,1.661618,2.95033733e-04,2324.1
16560,1.754276,1.733697,2.95026947e-04,2325.6
16570,1.699600,1.705559,2.95020155e-04,2327.0
16580,1.668047,1.682663,2.95013360e-04,2328.4
16590,1.452965,1.603923,2.95006559e-04,2329.8
16600,1.574831,1.634501,2.94999755e-04,2331.1
16610,1.599527,1.546939,2.94992945e-04,2332.5
16620,1.584030,1.574083,2.94986131e-04,2333.8
16630,1.594043,1.683851,2.94979313e-04,2335.1
16640,1.734775,1.670120,2.94972490e-04,2336.4
16650,1.704237,1.523277,2.94965663e-04,2337.8
16660,1.571673,1.593515,2.94958831e-04,2339.1
16670,1.562925,1.504838,2.94951994e-04,2340.4
16680,1.535297,1.594474,2.94945153e-04,2341.7
16690,1.479204,1.581556,2.94938307e-04,2343.0
16700,1.588910,1.502405,2.94931457e-04,2344.3
16710,1.576103,1.664778,2.94924602e-04,2345.6
16720,1.626524,1.706473,2.94917743e-04,2347.0
16730,1.588302,1.582492,2.94910879e-04,2348.4
16740,1.534596,1.619685,2.94904011e-04,2349.7
16750,1.678947,1.491982,2.94897138e-04,2351.0
16760,1.547930,1.554710,2.94890260e-04,2352.4
16770,1.586058,1.590868,2.94883378e-04,2353.8
16780,1.598763,1.667247,2.94876492e-04,2355.1
16790,1.657282,1.639082,2.94869600e-04,2356.5
16800,1.619289,1.636819,2.94862705e-04,2357.8
16810,1.556957,1.560663,2.94855805e-04,2359.1
16820,1.690228,1.567665,2.94848900e-04,2360.5
16830,1.671720,1.597086,2.94841991e-04,2361.9
16840,1.662872,1.600721,2.94835077e-04,2363.2
16850,1.683810,1.604207,2.94828158e-04,2364.6
16860,1.556489,1.417232,2.94821236e-04,2365.9
16870,1.532598,1.600561,2.94814308e-04,2367.2
16880,1.625430,1.534174,2.94807376e-04,2368.5
16890,1.726190,1.648420,2.94800440e-04,2369.7
16900,1.536259,1.709463,2.94793499e-04,2371.0
16910,1.539591,1.626106,2.94786553e-04,2372.3
16920,1.650051,1.638827,2.94779603e-04,2373.6
16930,1.668049,1.610494,2.94772648e-04,2374.8
16940,1.633053,1.650358,2.94765689e-04,2376.1
16950,1.593735,1.660438,2.94758725e-04,2377.4
16960,1.490474,1.604333,2.94751757e-04,2378.7
16970,1.561681,1.630896,2.94744784e-04,2380.0
16980,1.565276,1.603608,2.94737807e-04,2381.3
16990,1.547458,1.644948,2.94730825e-04,2382.6
17000,1.560501,1.605973,2.94723838e-04,2383.9
17010,1.563331,1.569641,2.94716847e-04,2385.8
17020,1.710415,1.567026,2.94709852e-04,2387.4
17030,1.581431,1.656576,2.94702852e-04,2388.8
17040,1.531235,1.695285,2.94695847e-04,2390.3
17050,1.604135,1.587508,2.94688838e-04,2391.7
17060,1.589375,1.626682,2.94681825e-04,2393.1
17070,1.538820,1.618785,2.94674806e-04,2394.4
17080,1.711292,1.723506,2.94667784e-04,2395.8
17090,1.604417,1.563645,2.94660757e-04,2397.1
17100,1.767015,1.692914,2.94653725e-04,2398.4
17110,1.483955,1.755832,2.94646688e-04,2399.7
17120,1.644864,1.614554,2.94639648e-04,2401.0
17130,1.633533,1.583834,2.94632602e-04,2402.3
17140,1.597917,1.584775,2.94625552e-04,2403.6
17150,1.598547,1.622797,2.94618498e-04,2404.9
17160,1.555301,1.617353,2.94611439e-04,2406.2
17170,1.599893,1.802323,2.94604375e-04,2407.5
17180,1.576747,1.486901,2.94597307e-04,2408.8
17190,1.566062,1.629364,2.94590235e-04,2410.1
17200,1.617498,1.631626,2.94583158e-04,2411.4
17210,1.580709,1.650387,2.94576076e-04,2412.6
17220,1.535096,1.582242,2.94568990e-04,2413.9
17230,1.613994,1.588078,2.94561899e-04,2415.2
17240,1.630050,1.554242,2.94554804e-04,2416.4
17250,1.506584,1.601000,2.94547704e-04,2417.6
17260,1.602622,1.718124,2.94540600e-04,2418.9
17270,1.578382,1.694571,2.94533491e-04,2420.2
17280,1.616714,1.626782,2.94526378e-04,2421.5
17290,1.492542,1.542277,2.94519260e-04,2422.9
17300,1.572343,1.788170,2.94512137e-04,2424.3
17310,1.651651,1.604243,2.94505010e-04,2425.7
17320,1.699453,1.695836,2.94497879e-04,2427.0
17330,1.598606,1.711507,2.94490743e-04,2428.3
17340,1.498166,1.684196,2.94483602e-04,2429.6
17350,1.589467,1.521900,2.94476457e-04,2430.9
17360,1.637148,1.604834,2.94469308e-04,2432.2
17370,1.695733,1.533485,2.94462154e-04,2433.5
17380,1.600147,1.656300,2.94454995e-04,2434.7
17390,1.660094,1.472179,2.94447832e-04,2436.0
17400,1.576343,1.564599,2.94440664e-04,2437.3
17410,1.551703,1.627725,2.94433492e-04,2438.6
17420,1.503943,1.689072,2.94426315e-04,2439.9
17430,1.636415,1.646460,2.94419134e-04,2441.2
17440,1.491033,1.636779,2.94411948e-04,2442.6
17450,1.566294,1.623847,2.94404758e-04,2444.0
17460,1.654971,1.737077,2.94397563e-04,2445.3
17470,1.617202,1.663321,2.94390364e-04,2446.7
17480,1.656427,1.693041,2.94383160e-04,2448.0
17490,1.585122,1.624891,2.94375951e-04,2449.3
17500,1.705144,1.498481,2.94368738e-04,2450.6
17510,1.577578,1.571590,2.94361521e-04,2452.5
17520,1.632020,1.590274,2.94354299e-04,2454.1
17530,1.546240,1.561369,2.94347072e-04,2455.7
17540,1.527831,1.618948,2.94339841e-04,2457.2
17550,1.562109,1.631241,2.94332606e-04,2458.6
17560,1.497785,1.615743,2.94325366e-04,2460.0
17570,1.591000,1.628604,2.94318121e-04,2461.4
17580,1.640482,1.630752,2.94310872e-04,2462.8
17590,1.692138,1.498471,2.94303618e-04,2464.2
17600,1.675021,1.611934,2.94296360e-04,2465.5
17610,1.675723,1.728579,2.94289098e-04,2466.8
17620,1.565919,1.563716,2.94281830e-04,2468.2
17630,1.585007,1.603630,2.94274559e-04,2469.5
17640,1.542466,1.602568,2.94267282e-04,2470.8
17650,1.629024,1.598976,2.94260002e-04,2472.1
17660,1.654826,1.632459,2.94252716e-04,2473.4
17670,1.467147,1.569689,2.94245426e-04,2474.7
17680,1.612039,1.581495,2.94238132e-04,2476.0
17690,1.508065,1.691585,2.94230833e-04,2477.3
17700,1.478661,1.573558,2.94223530e-04,2478.6
17710,1.626637,1.697150,2.94216222e-04,2479.9
17720,1.624556,1.619632,2.94208910e-04,2481.2
17730,1.702314,1.728376,2.94201593e-04,2482.5
17740,1.553837,1.597102,2.94194271e-04,2483.7
17750,1.683908,1.529722,2.94186945e-04,2485.0
17760,1.672892,1.664451,2.94179615e-04,2486.3
17770,1.505604,1.525133,2.94172280e-04,2487.6
17780,1.611090,1.632385,2.94164940e-04,2488.9
17790,1.562527,1.714421,2.94157596e-04,2490.2
17800,1.652392,1.594405,2.94150248e-04,2491.4
17810,1.598940,1.606797,2.94142895e-04,2492.7
17820,1.539588,1.640046,2.94135537e-04,2494.0
17830,1.636421,1.580335,2.94128175e-04,2495.3
17840,1.481963,1.653500,2.94120808e-04,2496.6
17850,1.550247,1.755105,2.94113437e-04,2497.9
17860,1.651885,1.561414,2.94106062e-04,2499.3
17870,1.546088,1.631629,2.94098682e-04,2500.6
17880,1.710370,1.543724,2.94091297e-04,2502.0
17890,1.555431,1.669780,2.94083908e-04,2503.4
17900,1.647596,1.675318,2.94076514e-04,2504.7
17910,1.599101,1.620862,2.94069116e-04,2506.1
17920,1.561941,1.463042,2.94061713e-04,2507.5
17930,1.546540,1.566613,2.94054306e-04,2508.9
17940,1.547376,1.653282,2.94046894e-04,2510.2
17950,1.599647,1.586011,2.94039478e-04,2511.6
17960,1.703745,1.605667,2.94032057e-04,2512.9
17970,1.539804,1.553368,2.94024632e-04,2514.3
17980,1.701809,1.648290,2.94017202e-04,2515.6
17990,1.625888,1.577733,2.94009768e-04,2517.0
18000,1.580794,1.683121,2.94002329e-04,2518.3
18010,1.553816,1.508886,2.93994885e-04,2520.3
18020,1.595074,1.577786,2.93987438e-04,2522.0
18030,1.610582,1.509363,2.93979985e-04,2523.6
18040,1.488041,1.515289,2.93972528e-04,2525.1
18050,1.569297,1.704602,2.93965067e-04,2526.5
18060,1.646736,1.638460,2.93957601e-04,2527.9
18070,1.577791,1.543294,2.93950131e-04,2529.3
18080,1.711133,1.512958,2.93942656e-04,2530.7
18090,1.659034,1.669071,2.93935176e-04,2532.1
18100,1.639328,1.612477,2.93927693e-04,2533.5
18110,1.563614,1.625835,2.93920204e-04,2534.9
18120,1.568020,1.786061,2.93912711e-04,2536.3
18130,1.612055,1.645803,2.93905214e-04,2537.7
18140,1.580127,1.622419,2.93897712e-04,2539.2
18150,1.631437,1.578405,2.93890205e-04,2540.6
18160,1.584248,1.549820,2.93882694e-04,2542.1
18170,1.510543,1.704808,2.93875179e-04,2543.5
18180,1.616497,1.701046,2.93867659e-04,2544.9
18190,1.532373,1.625333,2.93860134e-04,2546.3
18200,1.685737,1.618338,2.93852605e-04,2547.7
18210,1.563345,1.574376,2.93845072e-04,2549.1
18220,1.521617,1.461954,2.93837534e-04,2550.5
18230,1.571858,1.649455,2.93829991e-04,2551.9
18240,1.583213,1.692492,2.93822444e-04,2553.3
18250,1.652810,1.628298,2.93814893e-04,2554.7
18260,1.512514,1.540496,2.93807337e-04,2556.0
18270,1.553306,1.563864,2.93799776e-04,2557.4
18280,1.593367,1.663802,2.93792211e-04,2558.7
18290,1.582184,1.603458,2.93784642e-04,2560.0
18300,1.498982,1.593661,2.93777068e-04,2561.4
18310,1.563014,1.487964,2.93769489e-04,2562.7
18320,1.609702,1.582254,2.93761906e-04,2564.0
18330,1.513949,1.626241,2.93754319e-04,2565.4
18340,1.487572,1.698727,2.93746726e-04,2566.7
18350,1.627748,1.575038,2.93739130e-04,2568.1
18360,1.546261,1.619971,2.93731529e-04,2569.4
18370,1.654820,1.630340,2.93723923e-04,2570.7
18380,1.651513,1.601693,2.93716313e-04,2572.1
18390,1.486399,1.501463,2.93708699e-04,2573.4
18400,1.654059,1.547679,2.93701080e-04,2574.7
18410,1.669978,1.599271,2.93693456e-04,2576.0
18420,1.601982,1.530529,2.93685828e-04,2577.3
18430,1.686275,1.567782,2.93678195e-04,2578.6
18440,1.730898,1.644213,2.93670558e-04,2579.9
18450,1.577324,1.597046,2.93662917e-04,2581.2
18460,1.664372,1.588170,2.93655271e-04,2582.4
18470,1.655508,1.584376,2.93647620e-04,2583.7
18480,1.570241,1.697731,2.93639965e-04,2585.0
18490,1.478046,1.522448,2.93632306e-04,2586.3
18500,1.597006,1.584657,2.93624642e-04,2587.6
18510,1.594977,1.645579,2.93616973e-04,2589.5
18520,1.683578,1.631545,2.93609300e-04,2591.1
18530,1.520825,1.561153,2.93601622e-04,2592.7
18540,1.654170,1.624071,2.93593940e-04,2594.2
18550,1.589406,1.605583,2.93586254e-04,2595.6
18560,1.639329,1.584834,2.93578563e-04,2597.0
18570,1.621855,1.623988,2.93570867e-04,2598.5
18580,1.593902,1.594709,2.93563167e-04,2599.8
18590,1.497557,1.662149,2.93555463e-04,2601.2
18600,1.493014,1.650757,2.93547754e-04,2602.6
18610,1.596077,1.570591,2.93540040e-04,2604.0
18620,1.581552,1.657528,2.93532322e-04,2605.4
18630,1.652332,1.685608,2.93524600e-04,2606.7
18640,1.634063,1.601151,2.93516873e-04,2608.1
18650,1.584155,1.651286,2.93509141e-04,2609.5
18660,1.473391,1.750400,2.93501405e-04,2610.9
18670,1.700533,1.568898,2.93493665e-04,2612.3
18680,1.722053,1.516194,2.93485920e-04,2613.7
18690,1.578171,1.649855,2.93478170e-04,2615.1
18700,1.494478,1.633076,2.93470416e-04,2616.5
18710,1.718561,1.702947,2.93462658e-04,2617.8
18720,1.519707,1.507341,2.93454895e-04,2619.2
18730,1.533133,1.713983,2.93447127e-04,2620.5
18740,1.602205,1.662865,2.93439356e-04,2621.7
18750,1.581947,1.493529,2.93431579e-04,2623.0
18760,1.628428,1.507766,2.93423798e-04,2624.3
18770,1.593646,1.621399,2.93416013e-04,2625.6
18780,1.619801,1.558780,2.93408223e-04,2626.9
18790,1.607040,1.474198,2.93400429e-04,2628.2
18800,1.610377,1.597182,2.93392630e-04,2629.6
18810,1.556767,1.655972,2.93384826e-04,2630.9
18820,1.473769,1.666234,2.93377018e-04,2632.2
18830,1.608372,1.562194,2.93369206e-04,2633.5
18840,1.556882,1.548419,2.93361389e-04,2634.8
18850,1.646793,1.576329,2.93353568e-04,2636.1
18860,1.625801,1.591683,2.93345742e-04,2637.3
18870,1.432396,1.625670,2.93337912e-04,2638.6
18880,1.517192,1.643809,2.93330077e-04,2639.9
18890,1.591587,1.578571,2.93322238e-04,2641.2
18900,1.628950,1.604710,2.93314394e-04,2642.4
18910,1.527433,1.563411,2.93306546e-04,2643.7
18920,1.595026,1.604491,2.93298693e-04,2644.9
18930,1.674762,1.561691,2.93290836e-04,2646.2
18940,1.485955,1.646267,2.93282974e-04,2647.4
18950,1.555405,1.687110,2.93275108e-04,2648.7
18960,1.467354,1.485859,2.93267237e-04,2649.9
18970,1.518603,1.584100,2.93259362e-04,2651.2
18980,1.614635,1.568241,2.93251483e-04,2652.4
18990,1.498923,1.636289,2.93243598e-04,2653.7
19000,1.563922,1.604545,2.93235710e-04,2654.9
19010,1.713905,1.493558,2.93227817e-04,2656.8
19020,1.543215,1.510861,2.93219919e-04,2658.4
19030,1.548339,1.481199,2.93212017e-04,2660.0
19040,1.632095,1.564020,2.93204111e-04,2661.5
19050,1.632392,1.589332,2.93196199e-04,2662.9
19060,1.518260,1.521102,2.93188284e-04,2664.4
19070,1.599756,1.647677,2.93180364e-04,2665.8
19080,1.626009,1.656585,2.93172439e-04,2667.3
19090,1.625281,1.561464,2.93164511e-04,2668.7
19100,1.547129,1.611272,2.93156577e-04,2670.0
19110,1.552359,1.523543,2.93148639e-04,2671.4
19120,1.650107,1.633011,2.93140697e-04,2672.8
19130,1.452943,1.597790,2.93132750e-04,2674.3
19140,1.555790,1.556728,2.93124798e-04,2675.7
19150,1.522742,1.648644,2.93116843e-04,2677.1
19160,1.615638,1.611523,2.93108882e-04,2678.4
19170,1.725245,1.733428,2.93100918e-04,2679.8
19180,1.643535,1.578171,2.93092948e-04,2681.1
19190,1.510515,1.624218,2.93084974e-04,2682.5
19200,1.574473,1.589798,2.93076996e-04,2683.8
19210,1.570459,1.624809,2.93069013e-04,2685.1
19220,1.525739,1.773570,2.93061026e-04,2686.4
19230,1.565783,1.565435,2.93053035e-04,2687.7
19240,1.563419,1.619025,2.93045038e-04,2689.0
19250,1.627282,1.524414,2.93037038e-04,2690.3
19260,1.561892,1.587722,2.93029033e-04,2691.6
19270,1.662057,1.475750,2.93021023e-04,2692.9
19280,1.623261,1.622071,2.93013009e-04,2694.2
19290,1.583679,1.553396,2.93004990e-04,2695.6
19300,1.500964,1.635465,2.92996967e-04,2696.9
19310,1.564821,1.600102,2.92988940e-04,2698.2
19320,1.526794,1.497832,2.92980908e-04,2699.5
19330,1.519711,1.613070,2.92972872e-04,2700.8
19340,1.511296,1.604145,2.92964831e-04,2702.1
19350,1.539958,1.712521,2.92956785e-04,2703.4
19360,1.499670,1.623174,2.92948735e-04,2704.8
19370,1.635295,1.585357,2.92940681e-04,2706.1
19380,1.580420,1.603800,2.92932622e-04,2707.4
19390,1.578803,1.660232,2.92924559e-04,2708.7
19400,1.627030,1.581052,2.92916491e-04,2710.0
19410,1.612314,1.757937,2.92908419e-04,2711.3
19420,1.527460,1.663567,2.92900342e-04,2712.6
19430,1.527924,1.579871,2.92892261e-04,2713.9
19440,1.553419,1.507796,2.92884175e-04,2715.3
19450,1.583904,1.719574,2.92876085e-04,2716.6
19460,1.550804,1.673203,2.92867991e-04,2718.0
19470,1.596299,1.588135,2.92859892e-04,2719.3
19480,1.620694,1.641532,2.92851788e-04,2720.6
19490,1.684520,1.531005,2.92843680e-04,2721.9
19500,1.677212,1.595098,2.92835567e-04,2723.2
19510,1.543297,1.477239,2.92827451e-04,2725.2
19520,1.543979,1.630226,2.92819329e-04,2726.9
19530,1.803254,1.507719,2.92811203e-04,2728.4
19540,1.612981,1.661247,2.92803073e-04,2729.9
19550,1.468323,1.564181,2.92794938e-04,2731.4
19560,1.498831,1.573073,2.92786799e-04,2732.8
19570,1.590015,1.533603,2.92778655e-04,2734.3
19580,1.544718,1.627009,2.92770507e-04,2735.7
19590,1.631769,1.638627,2.92762354e-04,2737.1
19600,1.494411,1.622404,2.92754197e-04,2738.5
19610,1.648232,1.660903,2.92746035e-04,2740.0
19620,1.598636,1.615497,2.92737869e-04,2741.4
19630,1.587424,1.498279,2.92729698e-04,2742.9
19640,1.567528,1.567252,2.92721523e-04,2744.3
19650,1.413589,1.637705,2.92713344e-04,2745.8
19660,1.539082,1.574311,2.92705160e-04,2747.3
19670,1.520899,1.618947,2.92696972e-04,2748.7
19680,1.440632,1.545966,2.92688779e-04,2750.2
19690,1.574978,1.565100,2.92680581e-04,2751.6
19700,1.503903,1.545998,2.92672379e-04,2753.0
19710,1.543732,1.564240,2.92664173e-04,2754.5
19720,1.590034,1.622363,2.92655962e-04,2755.9
19730,1.685731,1.516361,2.92647747e-04,2757.4
19740,1.458405,1.489911,2.92639527e-04,2758.8
19750,1.525378,1.663429,2.92631303e-04,2760.2
19760,1.563418,1.647186,2.92623075e-04,2761.6
19770,1.510700,1.604759,2.92614842e-04,2762.9
19780,1.557407,1.596441,2.92606604e-04,2764.3
19790,1.581695,1.533823,2.92598362e-04,2765.8
19800,1.633375,1.493640,2.92590116e-04,2767.1
19810,1.537462,1.560918,2.92581865e-04,2768.5
19820,1.586726,1.636371,2.92573609e-04,2769.9
19830,1.465439,1.438344,2.92565349e-04,2771.4
19840,1.606485,1.596984,2.92557085e-04,2772.7
19850,1.547129,1.610817,2.92548816e-04,2774.1
19860,1.530383,1.503271,2.92540543e-04,2775.5
19870,1.553061,1.631869,2.92532265e-04,2777.0
19880,1.569823,1.618945,2.92523983e-04,2778.4
19890,1.601612,1.692751,2.92515697e-04,2779.9
19900,1.513225,1.573501,2.92507406e-04,2781.3
19910,1.596379,1.564522,2.92499110e-04,2782.8
19920,1.671027,1.593878,2.92490810e-04,2784.3
19930,1.642376,1.580421,2.92482506e-04,2785.8
19940,1.649993,1.508213,2.92474197e-04,2787.2
19950,1.584431,1.708516,2.92465883e-04,2788.7
19960,1.558980,1.540414,2.92457565e-04,2790.2
19970,1.564759,1.582400,2.92449243e-04,2791.6
19980,1.570435,1.429916,2.92440916e-04,2793.1
19990,1.574636,1.510428,2.92432585e-04,2794.6
20000,1.610137,1.642769,2.92424250e-04,2796.1
20010,1.653149,1.665486,2.92415909e-04,2798.0
20020,1.615927,1.569075,2.92407565e-04,2799.7
20030,1.581244,1.569329,2.92399216e-04,2801.2
20040,1.634586,1.506292,2.92390862e-04,2802.7
20050,1.638399,1.681568,2.92382505e-04,2804.2
20060,1.654240,1.586719,2.92374142e-04,2805.7
20070,1.674128,1.542212,2.92365775e-04,2807.1
20080,1.491437,1.578260,2.92357404e-04,2808.5
20090,1.634628,1.598460,2.92349028e-04,2809.9
20100,1.655232,1.609410,2.92340648e-04,2811.2
20110,1.484996,1.539195,2.92332263e-04,2812.5
20120,1.591797,1.536086,2.92323874e-04,2813.9
20130,1.623675,1.570551,2.92315481e-04,2815.2
20140,1.621133,1.571769,2.92307083e-04,2816.5
20150,1.489943,1.550808,2.92298680e-04,2817.8
20160,1.471745,1.521858,2.92290273e-04,2819.1
20170,1.677505,1.559570,2.92281862e-04,2820.4
20180,1.580166,1.584338,2.92273446e-04,2821.7
20190,1.571333,1.616524,2.92265026e-04,2823.1
20200,1.569165,1.617393,2.92256601e-04,2824.4
20210,1.651699,1.602762,2.92248172e-04,2825.7
20220,1.613598,1.549037,2.92239739e-04,2827.0
20230,1.464823,1.569210,2.92231300e-04,2828.4
20240,1.632904,1.587959,2.92222858e-04,2829.7
20250,1.575104,1.570735,2.92214411e-04,2831.0
20260,1.645112,1.570562,2.92205960e-04,2832.4
20270,1.655469,1.555782,2.92197504e-04,2833.7
20280,1.526003,1.614076,2.92189043e-04,2835.0
20290,1.642484,1.587393,2.92180579e-04,2836.4
20300,1.581309,1.580415,2.92172110e-04,2837.8
20310,1.597269,1.471314,2.92163636e-04,2839.2
20320,1.539063,1.672882,2.92155158e-04,2840.5
20330,1.485219,1.573127,2.92146675e-04,2841.9
20340,1.614406,1.713007,2.92138188e-04,2843.2
20350,1.604453,1.666929,2.92129697e-04,2844.6
20360,1.506307,1.547171,2.92121201e-04,2846.0
20370,1.540776,1.581201,2.92112701e-04,2847.4
20380,1.627637,1.555023,2.92104196e-04,2848.8
20390,1.611933,1.623927,2.92095687e-04,2850.2
20400,1.539263,1.537882,2.92087173e-04,2851.5
20410,1.583345,1.564766,2.92078655e-04,2852.8
20420,1.582248,1.555487,2.92070132e-04,2854.1
20430,1.722864,1.530943,2.92061605e-04,2855.4
20440,1.709154,1.610039,2.92053074e-04,2856.7
20450,1.689664,1.555025,2.92044538e-04,2858.0
20460,1.526086,1.600426,2.92035998e-04,2859.2
20470,1.586421,1.665651,2.92027453e-04,2860.5
20480,1.612575,1.591834,2.92018904e-04,2861.7
20490,1.536350,1.512304,2.92010350e-04,2863.0
20500,1.517380,1.499857,2.92001792e-04,2864.3
20510,1.675743,1.580524,2.91993230e-04,2866.2
20520,1.573023,1.588208,2.91984663e-04,2867.8
20530,1.645736,1.552632,2.91976091e-04,2869.3
20540,1.597888,1.652899,2.91967515e-04,2870.7
20550,1.571020,1.592560,2.91958935e-04,2872.1
20560,1.620991,1.610886,2.91950350e-04,2873.4
20570,1.455044,1.658720,2.91941761e-04,2874.8
20580,1.813923,1.520285,2.91933168e-04,2876.1
20590,1.586935,1.545826,2.91924570e-04,2877.4
20600,1.538944,1.492184,2.91915967e-04,2878.7
20610,1.539572,1.611459,2.91907360e-04,2880.0
20620,1.566973,1.632508,2.91898749e-04,2881.2
20630,1.598954,1.506226,2.91890133e-04,2882.4
20640,1.590667,1.555007,2.91881513e-04,2883.7
20650,1.667722,1.570220,2.91872888e-04,2884.9
20660,1.597630,1.486472,2.91864259e-04,2886.1
20670,1.516356,1.653314,2.91855625e-04,2887.4
20680,1.501567,1.600009,2.91846987e-04,2888.6
20690,1.630126,1.637968,2.91838345e-04,2889.9
20700,1.532176,1.571861,2.91829698e-04,2891.1
20710,1.565827,1.553241,2.91821047e-04,2892.4
20720,1.617842,1.659898,2.91812391e-04,2893.7
20730,1.593209,1.568193,2.91803731e-04,2895.0
20740,1.617394,1.615439,2.91795067e-04,2896.3
20750,1.584052,1.498997,2.91786397e-04,2897.5
20760,1.571794,1.608888,2.91777724e-04,2898.8
20770,1.629750,1.505904,2.91769046e-04,2900.0
20780,1.606151,1.612372,2.91760364e-04,2901.2
20790,1.611722,1.557737,2.91751677e-04,2902.5
20800,1.556956,1.558686,2.91742986e-04,2903.8
20810,1.539252,1.579673,2.91734290e-04,2905.0
20820,1.529220,1.600975,2.91725590e-04,2906.3
20830,1.619959,1.584373,2.91716886e-04,2907.5
20840,1.512414,1.475798,2.91708177e-04,2908.8
20850,1.670648,1.648951,2.91699464e-04,2910.0
20860,1.437636,1.641931,2.91690746e-04,2911.3
20870,1.689882,1.716004,2.91682024e-04,2912.5
20880,1.576984,1.689140,2.91673297e-04,2913.8
20890,1.612543,1.596535,2.91664566e-04,2915.1
20900,1.522931,1.594924,2.91655830e-04,2916.4
20910,1.738013,1.512422,2.91647090e-04,2917.8
20920,1.595780,1.598987,2.91638346e-04,2919.1
20930,1.544403,1.536589,2.91629597e-04,2920.4
20940,1.536080,1.505859,2.91620844e-04,2921.6
20950,1.652215,1.637573,2.91612086e-04,2922.9
20960,1.547184,1.560698,2.91603324e-04,2924.2
20970,1.574013,1.663888,2.91594558e-04,2925.5
20980,1.518509,1.579605,2.91585787e-04,2926.8
20990,1.421151,1.679054,2.91577012e-04,2928.1
21000,1.538507,1.626339,2.91568232e-04,2929.4
21010,1.544902,1.566967,2.91559448e-04,2931.3
21020,1.502888,1.624485,2.91550659e-04,2933.0
21030,1.602342,1.540673,2.91541866e-04,2934.6
21040,1.565603,1.591310,2.91533069e-04,2936.1
21050,1.481529,1.528710,2.91524267e-04,2937.6
21060,1.607967,1.518252,2.91515460e-04,2939.0
21070,1.614732,1.593346,2.91506650e-04,2940.4
21080,1.619863,1.554787,2.91497834e-04,2941.7
21090,1.629183,1.562130,2.91489015e-04,2943.1
21100,1.589335,1.519402,2.91480191e-04,2944.4
21110,1.571303,1.667709,2.91471362e-04,2945.7
21120,1.504262,1.556719,2.91462530e-04,2947.0
21130,1.556676,1.647723,2.91453692e-04,2948.3
21140,1.518531,1.648769,2.91444851e-04,2949.6
21150,1.706966,1.586963,2.91436004e-04,2950.9
21160,1.649210,1.720721,2.91427154e-04,2952.1
21170,1.512625,1.628354,2.91418299e-04,2953.4
21180,1.710220,1.645880,2.91409440e-04,2954.7
21190,1.527807,1.680223,2.91400576e-04,2956.0
21200,1.604491,1.468895,2.91391708e-04,2957.3
21210,1.637510,1.582802,2.91382835e-04,2958.6
21220,1.579069,1.512569,2.91373958e-04,2959.9
21230,1.661865,1.609476,2.91365076e-04,2961.2
21240,1.615418,1.596063,2.91356190e-04,2962.5
21250,1.566739,1.539446,2.91347300e-04,2963.8
21260,1.569605,1.432639,2.91338405e-04,2965.1
21270,1.543792,1.669285,2.91329506e-04,2966.4
21280,1.496867,1.621765,2.91320603e-04,2967.7
21290,1.422740,1.640569,2.91311695e-04,2969.0
21300,1.522989,1.541604,2.91302782e-04,2970.3
21310,1.549640,1.508204,2.91293865e-04,2971.7
21320,1.528009,1.515504,2.91284944e-04,2973.0
21330,1.609549,1.666442,2.91276019e-04,2974.3
21340,1.658077,1.652146,2.91267088e-04,2975.6
21350,1.542218,1.578494,2.91258154e-04,2977.0
21360,1.577957,1.503495,2.91249215e-04,2978.3
21370,1.598826,1.589597,2.91240272e-04,2979.7
21380,1.550785,1.485465,2.91231324e-04,2981.1
21390,1.574104,1.598688,2.91222372e-04,2982.5
21400,1.524012,1.516987,2.91213415e-04,2983.9
21410,1.596560,1.542433,2.91204454e-04,2985.3
21420,1.489471,1.596102,2.91195489e-04,2986.7
21430,1.672026,1.600105,2.91186519e-04,2988.1
21440,1.623435,1.508616,2.91177545e-04,2989.5
21450,1.556690,1.461800,2.91168566e-04,2990.9
21460,1.523019,1.551542,2.91159583e-04,2992.3
21470,1.479328,1.623815,2.91150596e-04,2993.7
21480,1.588536,1.540747,2.91141604e-04,2995.1
21490,1.477331,1.708807,2.91132608e-04,2996.4
21500,1.649760,1.469053,2.91123607e-04,2997.8
21510,1.430955,1.594359,2.91114602e-04,2999.8
21520,1.510525,1.493228,2.91105592e-04,3001.5
21530,1.539495,1.600859,2.91096578e-04,3003.1
21540,1.512945,1.610060,2.91087560e-04,3004.6
21550,1.635537,1.504061,2.91078537e-04,3006.2
21560,1.619393,1.495311,2.91069510e-04,3007.7
21570,1.634277,1.623005,2.91060479e-04,3009.2
21580,1.479697,1.563487,2.91051443e-04,3010.6
21590,1.679880,1.655330,2.91042402e-04,3012.0
21600,1.538440,1.583298,2.91033358e-04,3013.5
21610,1.549836,1.548071,2.91024308e-04,3014.9
21620,1.484025,1.561731,2.91015255e-04,3016.4
21630,1.571306,1.507086,2.91006197e-04,3017.8
21640,1.574613,1.634673,2.90997134e-04,3019.3
21650,1.606392,1.562794,2.90988068e-04,3020.7
21660,1.514581,1.571081,2.90978996e-04,3022.1
21670,1.484376,1.605901,2.90969921e-04,3023.5
21680,1.569305,1.437316,2.90960841e-04,3024.9
21690,1.714170,1.564795,2.90951756e-04,3026.3
21700,1.482583,1.584026,2.90942667e-04,3027.8
21710,1.552971,1.558738,2.90933574e-04,3029.2
21720,1.524618,1.614068,2.90924477e-04,3030.5
21730,1.488562,1.603605,2.90915375e-04,3031.9
21740,1.587343,1.635049,2.90906268e-04,3033.3
21750,1.560377,1.572493,2.90897157e-04,3034.7
21760,1.591356,1.677813,2.90888042e-04,3036.1
21770,1.559552,1.671102,2.90878922e-04,3037.4
21780,1.535150,1.584493,2.90869798e-04,3038.8
21790,1.524266,1.506089,2.90860670e-04,3040.2
21800,1.588841,1.592083,2.90851537e-04,3041.5
21810,1.573775,1.690667,2.90842400e-04,3042.9
21820,1.532295,1.513202,2.90833258e-04,3044.2
21830,1.523768,1.612876,2.90824112e-04,3045.6
21840,1.673149,1.595315,2.90814962e-04,3046.9
21850,1.687309,1.487939,2.90805807e-04,3048.3
21860,1.612263,1.628203,2.90796647e-04,3049.7
21870,1.584768,1.581615,2.90787484e-04,3051.1
21880,1.670362,1.591260,2.90778316e-04,3052.4
21890,1.562809,1.668109,2.90769143e-04,3053.8
21900,1.686020,1.542705,2.90759966e-04,3055.2
21910,1.554066,1.595235,2.90750785e-04,3056.5
21920,1.482876,1.599120,2.90741600e-04,3057.8
21930,1.634408,1.557800,2.90732409e-04,3059.1
21940,1.612306,1.499197,2.90723215e-04,3060.5
21950,1.679163,1.451534,2.90714016e-04,3061.8
21960,1.494351,1.497498,2.90704813e-04,3063.1
21970,1.586170,1.612510,2.90695605e-04,3064.4
21980,1.513094,1.573859,2.90686393e-04,3065.7
21990,1.535475,1.635368,2.90677177e-04,3067.1
22000,1.534133,1.685783,2.90667956e-04,3068.4
22010,1.637481,1.566236,2.90658731e-04,3070.4
22020,1.594307,1.614411,2.90649501e-04,3072.0
22030,1.626531,1.652756,2.90640267e-04,3073.6
22040,1.509400,1.483679,2.90631029e-04,3075.1
22050,1.645597,1.585104,2.90621786e-04,3076.6
22060,1.657571,1.607025,2.90612539e-04,3078.1
22070,1.623420,1.514147,2.90603287e-04,3079.6
22080,1.479338,1.514225,2.90594031e-04,3081.0
22090,1.454201,1.716822,2.90584771e-04,3082.4
22100,1.590551,1.528964,2.90575506e-04,3083.7
22110,1.485261,1.636030,2.90566237e-04,3085.1
22120,1.523684,1.542089,2.90556964e-04,3086.5
22130,1.538434,1.637914,2.90547686e-04,3087.8
22140,1.570347,1.575329,2.90538403e-04,3089.2
22150,1.507423,1.595036,2.90529117e-04,3090.6
22160,1.577796,1.521104,2.90519826e-04,3091.9
22170,1.540848,1.500321,2.90510530e-04,3093.3
22180,1.554816,1.560278,2.90501230e-04,3094.6
22190,1.551117,1.476993,2.90491926e-04,3096.0
22200,1.530872,1.544704,2.90482617e-04,3097.3
22210,1.542480,1.498954,2.90473304e-04,3098.7
22220,1.570747,1.557880,2.90463987e-04,3100.1
22230,1.636535,1.566999,2.90454665e-04,3101.4
22240,1.611653,1.473284,2.90445339e-04,3102.8
22250,1.536277,1.555474,2.90436008e-04,3104.1
22260,1.487612,1.553613,2.90426673e-04,3105.4
22270,1.616508,1.494654,2.90417334e-04,3106.7
22280,1.571879,1.448655,2.90407990e-04,3107.9
22290,1.600685,1.571046,2.90398642e-04,3109.2
22300,1.581895,1.575455,2.90389290e-04,3110.5
22310,1.517826,1.562393,2.90379933e-04,3111.7
22320,1.463637,1.669498,2.90370571e-04,3113.0
22330,1.499880,1.545528,2.90361206e-04,3114.3
22340,1.538686,1.668695,2.90351836e-04,3115.5
22350,1.595647,1.504742,2.90342461e-04,3116.8
22360,1.624733,1.609788,2.90333083e-04,3118.1
22370,1.531764,1.539125,2.90323699e-04,3119.4
22380,1.523454,1.511182,2.90314312e-04,3120.6
22390,1.472628,1.513147,2.90304920e-04,3121.9
22400,1.656428,1.503215,2.90295523e-04,3123.2
22410,1.548423,1.596755,2.90286123e-04,3124.4
22420,1.631504,1.556139,2.90276718e-04,3125.7
22430,1.508378,1.602187,2.90267308e-04,3126.9
22440,1.676698,1.460437,2.90257894e-04,3128.2
22450,1.556232,1.570805,2.90248476e-04,3129.4
22460,1.691598,1.601037,2.90239053e-04,3130.7
22470,1.485156,1.584254,2.90229626e-04,3132.0
22480,1.492496,1.586206,2.90220195e-04,3133.3
22490,1.615470,1.626369,2.90210759e-04,3134.6
22500,1.542803,1.752267,2.90201319e-04,3135.9
22510,1.630349,1.645860,2.90191875e-04,3137.9
22520,1.658584,1.731748,2.90182426e-04,3139.6
22530,1.521355,1.569198,2.90172972e-04,3141.1
22540,1.649764,1.558688,2.90163515e-04,3142.6
22550,1.536645,1.710743,2.90154053e-04,3144.0
22560,1.561317,1.566924,2.90144586e-04,3145.4
22570,1.514240,1.598503,2.90135116e-04,3146.8
22580,1.531423,1.471924,2.90125640e-04,3148.1
22590,1.618092,1.670133,2.90116161e-04,3149.5
22600,1.518216,1.591629,2.90106677e-04,3150.9
22610,1.675400,1.597975,2.90097189e-04,3152.2
22620,1.563139,1.472390,2.90087696e-04,3153.6
22630,1.570762,1.468176,2.90078199e-04,3154.9
22640,1.556750,1.546652,2.90068698e-04,3156.2
22650,1.637744,1.547726,2.90059192e-04,3157.5
22660,1.444644,1.561847,2.90049682e-04,3158.9
22670,1.473977,1.543782,2.90040167e-04,3160.2
22680,1.534098,1.612269,2.90030648e-04,3161.5
22690,1.461705,1.566478,2.90021125e-04,3162.8
22700,1.562561,1.530570,2.90011597e-04,3164.1
22710,1.592267,1.581100,2.90002065e-04,3165.4
22720,1.548025,1.523183,2.89992529e-04,3166.7
22730,1.546922,1.655740,2.89982988e-04,3168.0
22740,1.500945,1.616487,2.89973443e-04,3169.4
22750,1.545238,1.536383,2.89963894e-04,3170.7
22760,1.590444,1.605769,2.89954340e-04,3172.0
22770,1.635274,1.630992,2.89944781e-04,3173.3
22780,1.649228,1.538589,2.89935219e-04,3174.7
22790,1.647741,1.524658,2.89925652e-04,3176.0
22800,1.459027,1.754487,2.89916081e-04,3177.3
22810,1.570092,1.579851,2.89906505e-04,3178.6
22820,1.562163,1.551003,2.89896925e-04,3179.9
22830,1.464799,1.629244,2.89887340e-04,3181.2
22840,1.587952,1.615609,2.89877752e-04,3182.5
22850,1.507771,1.543571,2.89868158e-04,3183.8
22860,1.506031,1.642421,2.89858561e-04,3185.1
22870,1.544145,1.710000,2.89848959e-04,3186.4
22880,1.561002,1.431853,2.89839353e-04,3187.8
22890,1.634073,1.594613,2.89829742e-04,3189.1
22900,1.652718,1.624859,2.89820127e-04,3190.4
22910,1.647634,1.609630,2.89810508e-04,3191.7
22920,1.601989,1.588079,2.89800884e-04,3193.0
22930,1.473048,1.676919,2.89791256e-04,3194.2
22940,1.660637,1.685855,2.89781623e-04,3195.5
22950,1.620416,1.564968,2.89771986e-04,3196.8
22960,1.676785,1.612487,2.89762345e-04,3198.1
22970,1.552731,1.578319,2.89752700e-04,3199.4
22980,1.603091,1.546911,2.89743050e-04,3200.6
22990,1.554563,1.560675,2.89733396e-04,3201.9
23000,1.505565,1.702698,2.89723737e-04,3203.2
23010,1.553945,1.546324,2.89714074e-04,3205.1
23020,1.602585,1.578912,2.89704407e-04,3206.8
23030,1.631885,1.633645,2.89694735e-04,3208.3
23040,1.522084,1.644062,2.89685059e-04,3209.8
23050,1.564178,1.646507,2.89675378e-04,3211.2
23060,1.630746,1.638282,2.89665693e-04,3212.6
23070,1.672716,1.642346,2.89656004e-04,3214.0
23080,1.551692,1.652386,2.89646311e-04,3215.4
23090,1.547924,1.474493,2.89636613e-04,3216.8
23100,1.593563,1.579833,2.89626911e-04,3218.2
23110,1.650523,1.568313,2.89617204e-04,3219.6
23120,1.574699,1.537110,2.89607493e-04,3221.0
23130,1.502818,1.681536,2.89597778e-04,3222.5
23140,1.543390,1.559459,2.89588058e-04,3224.0
23150,1.508958,1.560658,2.89578334e-04,3225.4
23160,1.597062,1.598112,2.89568606e-04,3226.9
23170,1.470046,1.550415,2.89558873e-04,3228.3
23180,1.461485,1.444156,2.89549136e-04,3229.8
23190,1.491272,1.599999,2.89539394e-04,3231.2
23200,1.598989,1.535705,2.89529649e-04,3232.7
23210,1.510404,1.448890,2.89519898e-04,3234.1
23220,1.585061,1.502697,2.89510144e-04,3235.5
23230,1.610982,1.493184,2.89500385e-04,3236.9
23240,1.624131,1.603174,2.89490622e-04,3238.3
23250,1.612268,1.529870,2.89480854e-04,3239.6
23260,1.508587,1.631877,2.89471082e-04,3241.0
23270,1.466821,1.633129,2.89461306e-04,3242.4
23280,1.588777,1.506773,2.89451525e-04,3243.9
23290,1.552166,1.585793,2.89441740e-04,3245.3
23300,1.607051,1.499472,2.89431951e-04,3246.6
23310,1.543520,1.530727,2.89422157e-04,3248.0
23320,1.511597,1.436245,2.89412359e-04,3249.4
23330,1.483778,1.526171,2.89402557e-04,3250.7
23340,1.600542,1.525638,2.89392750e-04,3252.1
23350,1.551980,1.577003,2.89382939e-04,3253.4
23360,1.606806,1.554340,2.89373124e-04,3254.8
23370,1.587958,1.574830,2.89363304e-04,3256.1
23380,1.535461,1.698953,2.89353480e-04,3257.5
23390,1.506964,1.525754,2.89343651e-04,3258.9
23400,1.630272,1.608303,2.89333819e-04,3260.3
23410,1.605400,1.467382,2.89323981e-04,3261.7
23420,1.589666,1.516551,2.89314140e-04,3263.1
23430,1.467202,1.740889,2.89304294e-04,3264.5
23440,1.594348,1.561774,2.89294444e-04,3265.9
23450,1.544511,1.456556,2.89284589e-04,3267.3
23460,1.551066,1.539378,2.89274730e-04,3268.7
23470,1.673894,1.545895,2.89264867e-04,3270.2
23480,1.619992,1.513497,2.89254999e-04,3271.5
23490,1.490049,1.663093,2.89245127e-04,3272.9
23500,1.559654,1.601083,2.89235251e-04,3274.3
23510,1.618893,1.524799,2.89225370e-04,3276.3
23520,1.593465,1.537455,2.89215486e-04,3277.9
23530,1.610343,1.464393,2.89205596e-04,3279.5
23540,1.545026,1.546111,2.89195703e-04,3280.9
23550,1.503939,1.634843,2.89185804e-04,3282.4
23560,1.526603,1.547041,2.89175902e-04,3283.8
23570,1.520344,1.530575,2.89165995e-04,3285.1
23580,1.540892,1.575791,2.89156084e-04,3286.5
23590,1.512917,1.496102,2.89146169e-04,3287.9
23600,1.653363,1.541459,2.89136249e-04,3289.2
23610,1.570050,1.559638,2.89126325e-04,3290.5
23620,1.521083,1.563885,2.89116397e-04,3291.8
23630,1.504404,1.580649,2.89106464e-04,3293.1
23640,1.628094,1.578308,2.89096527e-04,3294.4
23650,1.554061,1.530519,2.89086586e-04,3295.8
23660,1.513937,1.730062,2.89076640e-04,3297.1
23670,1.580187,1.438646,2.89066690e-04,3298.5
23680,1.679114,1.579806,2.89056735e-04,3299.8
23690,1.542019,1.602554,2.89046776e-04,3301.1
23700,1.459307,1.572453,2.89036813e-04,3302.4
23710,1.573832,1.594846,2.89026846e-04,3303.6
23720,1.557556,1.569230,2.89016874e-04,3304.9
23730,1.622418,1.527343,2.89006898e-04,3306.1
23740,1.552799,1.515055,2.88996918e-04,3307.4
23750,1.552113,1.543801,2.88986933e-04,3308.6
23760,1.517930,1.539785,2.88976944e-04,3309.9
23770,1.563675,1.571907,2.88966950e-04,3311.2
23780,1.597350,1.574253,2.88956952e-04,3312.4
23790,1.637679,1.484553,2.88946950e-04,3313.7
23800,1.617684,1.559312,2.88936944e-04,3315.0
23810,1.532789,1.618081,2.88926933e-04,3316.3
23820,1.638429,1.617748,2.88916918e-04,3317.5
23830,1.574776,1.652252,2.88906898e-04,3318.8
23840,1.481297,1.509379,2.88896874e-04,3320.1
23850,1.410427,1.473294,2.88886846e-04,3321.4
23860,1.492415,1.571511,2.88876814e-04,3322.6
23870,1.541848,1.505337,2.88866777e-04,3323.9
23880,1.590469,1.585312,2.88856736e-04,3325.2
23890,1.549716,1.653232,2.88846690e-04,3326.5
23900,1.529108,1.553572,2.88836641e-04,3327.8
23910,1.792253,1.606384,2.88826587e-04,3329.1
23920,1.667400,1.547158,2.88816528e-04,3330.4
23930,1.568848,1.636580,2.88806465e-04,3331.7
23940,1.543880,1.673091,2.88796398e-04,3333.1
23950,1.550988,1.676657,2.88786327e-04,3334.4
23960,1.629415,1.605769,2.88776251e-04,3335.8
23970,1.556109,1.639740,2.88766171e-04,3337.1
23980,1.576438,1.524512,2.88756086e-04,3338.5
23990,1.498976,1.465585,2.88745998e-04,3339.8
24000,1.510026,1.661755,2.88735905e-04,3341.1
24010,1.631005,1.560676,2.88725807e-04,3343.1
24020,1.577684,1.538681,2.88715705e-04,3344.7
24030,1.531377,1.532087,2.88705599e-04,3346.2
24040,1.562625,1.537397,2.88695489e-04,3347.7
24050,1.602400,1.545789,2.88685374e-04,3349.1
24060,1.524102,1.495789,2.88675255e-04,3350.6
24070,1.464720,1.611120,2.88665132e-04,3352.0
24080,1.554501,1.619013,2.88655004e-04,3353.4
24090,1.446613,1.668065,2.88644872e-04,3354.7
24100,1.523642,1.573208,2.88634736e-04,3356.1
24110,1.633876,1.591835,2.88624595e-04,3357.4
24120,1.456360,1.551222,2.88614450e-04,3358.7
24130,1.526321,1.409011,2.88604301e-04,3360.0
24140,1.663746,1.428644,2.88594147e-04,3361.3
24150,1.531135,1.483928,2.88583989e-04,3362.6
24160,1.419862,1.585635,2.88573827e-04,3363.9
24170,1.555884,1.526444,2.88563660e-04,3365.2
24180,1.549013,1.519403,2.88553489e-04,3366.5
24190,1.508290,1.654031,2.88543314e-04,3367.8
24200,1.485140,1.636701,2.88533135e-04,3369.1
24210,1.697078,1.595336,2.88522951e-04,3370.4
24220,1.655756,1.630895,2.88512763e-04,3371.6
24230,1.539393,1.626799,2.88502570e-04,3372.9
24240,1.567698,1.578165,2.88492373e-04,3374.1
24250,1.525534,1.499219,2.88482172e-04,3375.4
24260,1.546745,1.546255,2.88471967e-04,3376.6
24270,1.563793,1.566032,2.88461757e-04,3377.9
24280,1.586932,1.477132,2.88451543e-04,3379.1
24290,1.579142,1.423623,2.88441324e-04,3380.4
24300,1.581826,1.631175,2.88431102e-04,3381.6
24310,1.676292,1.506152,2.88420874e-04,3382.9
24320,1.610905,1.537691,2.88410643e-04,3384.2
24330,1.429708,1.513714,2.88400407e-04,3385.4
24340,1.434410,1.550185,2.88390167e-04,3386.6
24350,1.518295,1.516045,2.88379923e-04,3387.9
24360,1.569143,1.535692,2.88369674e-04,3389.1
24370,1.600510,1.512694,2.88359422e-04,3390.3
24380,1.666806,1.578221,2.88349164e-04,3391.6
24390,1.649021,1.653243,2.88338903e-04,3392.8
24400,1.554465,1.626907,2.88328637e-04,3394.0
24410,1.560529,1.471874,2.88318367e-04,3395.3
24420,1.498297,1.469009,2.88308092e-04,3396.6
24430,1.501213,1.575120,2.88297813e-04,3397.8
24440,1.577811,1.712875,2.88287530e-04,3399.1
24450,1.544731,1.543820,2.88277243e-04,3400.4
24460,1.522345,1.529296,2.88266951e-04,3401.7
24470,1.590821,1.687098,2.88256655e-04,3403.0
24480,1.443856,1.611517,2.88246354e-04,3404.2
24490,1.560658,1.564465,2.88236050e-04,3405.5
24500,1.563605,1.474204,2.88225741e-04,3406.7
24510,1.540124,1.517647,2.88215427e-04,3408.6
24520,1.492198,1.568346,2.88205110e-04,3410.3
24530,1.595659,1.617596,2.88194788e-04,3411.8
24540,1.488863,1.534390,2.88184462e-04,3413.2
24550,1.578617,1.539933,2.88174131e-04,3414.7
24560,1.608273,1.530841,2.88163796e-04,3416.0
24570,1.490983,1.569106,2.88153457e-04,3417.4
24580,1.618039,1.582686,2.88143114e-04,3418.7
24590,1.527338,1.715118,2.88132766e-04,3420.0
24600,1.632070,1.620016,2.88122414e-04,3421.3
24610,1.529020,1.517631,2.88112058e-04,3422.7
24620,1.481380,1.664255,2.88101697e-04,3424.0
24630,1.560487,1.574637,2.88091332e-04,3425.3
24640,1.565331,1.515288,2.88080963e-04,3426.6
24650,1.647273,1.600435,2.88070589e-04,3427.9
24660,1.530199,1.497293,2.88060211e-04,3429.2
24670,1.625955,1.573365,2.88049829e-04,3430.5
24680,1.535516,1.543410,2.88039442e-04,3431.8
24690,1.483158,1.648558,2.88029052e-04,3433.1
24700,1.602923,1.665833,2.88018656e-04,3434.4
24710,1.489423,1.516430,2.88008257e-04,3435.6
24720,1.541191,1.515918,2.87997853e-04,3437.0
24730,1.556228,1.585117,2.87987445e-04,3438.3
24740,1.537674,1.557341,2.87977033e-04,3439.6
24750,1.639611,1.685004,2.87966616e-04,3440.9
24760,1.468588,1.508737,2.87956195e-04,3442.2
24770,1.579886,1.487604,2.87945770e-04,3443.5
24780,1.602372,1.640188,2.87935341e-04,3444.9
24790,1.579345,1.514137,2.87924907e-04,3446.2
24800,1.556699,1.436322,2.87914469e-04,3447.5
24810,1.617192,1.485229,2.87904026e-04,3448.8
24820,1.668921,1.476318,2.87893580e-04,3450.1
24830,1.451028,1.594404,2.87883129e-04,3451.4
24840,1.473787,1.591558,2.87872673e-04,3452.7
24850,1.653130,1.546983,2.87862214e-04,3454.0
24860,1.500363,1.501240,2.87851750e-04,3455.3
24870,1.426139,1.541761,2.87841282e-04,3456.6
24880,1.504282,1.662643,2.87830809e-04,3458.0
24890,1.516807,1.523853,2.87820332e-04,3459.3
24900,1.450032,1.532787,2.87809851e-04,3460.7
24910,1.562679,1.515183,2.87799366e-04,3462.0
24920,1.513040,1.524652,2.87788876e-04,3463.4
24930,1.528834,1.540725,2.87778382e-04,3464.8
24940,1.571058,1.629305,2.87767884e-04,3466.1
24950,1.502642,1.559379,2.87757382e-04,3467.5
24960,1.560942,1.428368,2.87746875e-04,3468.9
24970,1.522914,1.610418,2.87736364e-04,3470.3
24980,1.538629,1.623468,2.87725848e-04,3471.7
24990,1.534177,1.592869,2.87715328e-04,3473.1
25000,1.464823,1.552722,2.87704804e-04,3474.4
25010,1.397184,1.667845,2.87694276e-04,3476.4
25020,1.478669,1.511628,2.87683744e-04,3478.1
25030,1.645422,1.563318,2.87673207e-04,3479.7
25040,1.570861,1.587231,2.87662666e-04,3481.3
25050,1.600881,1.576658,2.87652120e-04,3482.8
25060,1.572848,1.510771,2.87641570e-04,3484.3
25070,1.575952,1.554399,2.87631016e-04,3485.8
25080,1.627535,1.587083,2.87620458e-04,3487.3
25090,1.509262,1.551926,2.87609895e-04,3488.8
25100,1.579863,1.667128,2.87599328e-04,3490.2
25110,1.537677,1.545121,2.87588757e-04,3491.6
25120,1.615211,1.536869,2.87578182e-04,3493.0
25130,1.537612,1.511554,2.87567602e-04,3494.4
25140,1.633816,1.514332,2.87557018e-04,3495.8
25150,1.620627,1.530367,2.87546430e-04,3497.3
25160,1.621699,1.670917,2.87535837e-04,3498.8
25170,1.557891,1.611846,2.87525240e-04,3500.3
25180,1.508888,1.567307,2.87514639e-04,3501.7
25190,1.442753,1.568003,2.87504034e-04,3503.2
25200,1.535146,1.527348,2.87493424e-04,3504.6
25210,1.559463,1.496730,2.87482810e-04,3506.1
25220,1.548374,1.656385,2.87472191e-04,3507.7
25230,1.634624,1.504925,2.87461569e-04,3509.3
25240,1.574614,1.632471,2.87450942e-04,3510.9
25250,1.556803,1.577645,2.87440311e-04,3512.5
25260,1.576594,1.602087,2.87429675e-04,3514.1
25270,1.494205,1.533622,2.87419036e-04,3515.6
25280,1.575669,1.526821,2.87408392e-04,3517.3
25290,1.488905,1.640158,2.87397743e-04,3518.8
25300,1.550376,1.458515,2.87387091e-04,3520.1
25310,1.529546,1.603751,2.87376434e-04,3521.5
25320,1.617884,1.576815,2.87365773e-04,3522.9
25330,1.655979,1.579541,2.87355107e-04,3524.3
25340,1.539135,1.688009,2.87344438e-04,3525.8
25350,1.525706,1.608381,2.87333764e-04,3527.5
25360,1.684563,1.459313,2.87323085e-04,3529.5
25370,1.448158,1.568186,2.87312403e-04,3531.6
25380,1.580888,1.493360,2.87301716e-04,3533.4
25390,1.611499,1.568093,2.87291025e-04,3535.2
25400,1.468658,1.625610,2.87280330e-04,3536.9
25410,1.663117,1.587550,2.87269630e-04,3538.6
25420,1.525404,1.509586,2.87258926e-04,3540.1
25430,1.533396,1.575115,2.87248218e-04,3541.6
25440,1.587691,1.448649,2.87237506e-04,3543.1
25450,1.489867,1.566617,2.87226789e-04,3544.5
25460,1.540231,1.600919,2.87216068e-04,3546.0
25470,1.564519,1.572645,2.87205343e-04,3547.4
25480,1.554742,1.516059,2.87194613e-04,3548.7
25490,1.530676,1.567999,2.87183879e-04,3550.1
25500,1.519954,1.692862,2.87173141e-04,3551.4
25510,1.538553,1.439371,2.87162399e-04,3553.4
25520,1.473395,1.500563,2.87151652e-04,3555.0
25530,1.541745,1.488098,2.87140901e-04,3556.5
25540,1.555317,1.565624,2.87130146e-04,3558.0
25550,1.521827,1.559435,2.87119387e-04,3559.4
25560,1.619848,1.493065,2.87108623e-04,3560.9
25570,1.421243,1.521386,2.87097855e-04,3562.2
25580,1.655235,1.476493,2.87087083e-04,3563.5
25590,1.590823,1.622717,2.87076306e-04,3564.9
25600,1.544939,1.455856,2.87065525e-04,3566.3
25610,1.607042,1.487452,2.87054740e-04,3567.7
25620,1.594497,1.645497,2.87043951e-04,3569.2
25630,1.478485,1.558869,2.87033157e-04,3570.6
25640,1.619327,1.528692,2.87022359e-04,3572.0
25650,1.521714,1.556520,2.87011557e-04,3573.5
25660,1.585505,1.627367,2.87000751e-04,3574.9
25670,1.619565,1.482067,2.86989940e-04,3576.4
25680,1.574536,1.578207,2.86979125e-04,3577.8
25690,1.550065,1.495829,2.86968306e-04,3579.4
25700,1.573617,1.657432,2.86957483e-04,3581.0
25710,1.626546,1.481691,2.86946655e-04,3582.6
25720,1.569081,1.537223,2.86935823e-04,3584.2
25730,1.500233,1.530597,2.86924987e-04,3585.9
25740,1.576732,1.463455,2.86914146e-04,3587.4
25750,1.650798,1.601076,2.86903301e-04,3589.0
25760,1.585199,1.587997,2.86892452e-04,3590.5
25770,1.426725,1.525531,2.86881599e-04,3591.9
25780,1.461336,1.559834,2.86870741e-04,3593.4
25790,1.623915,1.579115,2.86859879e-04,3594.8
25800,1.544354,1.482193,2.86849013e-04,3596.2
25810,1.659330,1.468426,2.86838143e-04,3597.6
25820,1.582480,1.521372,2.86827268e-04,3599.0
25830,1.629501,1.471718,2.86816390e-04,3600.4
25840,1.515943,1.538189,2.86805506e-04,3601.7
25850,1.450304,1.500407,2.86794619e-04,3603.1
25860,1.508111,1.513448,2.86783727e-04,3604.4
25870,1.599605,1.601044,2.86772831e-04,3605.7
25880,1.552517,1.657781,2.86761931e-04,3606.9
25890,1.603684,1.645688,2.86751027e-04,3608.2
25900,1.543650,1.505821,2.86740118e-04,3609.5
25910,1.563270,1.536588,2.86729205e-04,3610.7
25920,1.510180,1.596078,2.86718288e-04,3612.0
25930,1.497118,1.512733,2.86707367e-04,3613.3
25940,1.531159,1.638229,2.86696441e-04,3614.6
25950,1.488011,1.570405,2.86685511e-04,3615.9
25960,1.578895,1.449380,2.86674577e-04,3617.2
25970,1.510613,1.525708,2.86663638e-04,3618.5
25980,1.622064,1.518901,2.86652695e-04,3619.8
25990,1.564369,1.619409,2.86641748e-04,3621.1
26000,1.459807,1.484850,2.86630797e-04,3622.4
26010,1.464757,1.549622,2.86619842e-04,3624.4
26020,1.524650,1.609396,2.86608882e-04,3626.0
26030,1.593216,1.526271,2.86597918e-04,3627.7
26040,1.526692,1.574687,2.86586950e-04,3629.2
26050,1.609739,1.625233,2.86575977e-04,3630.7
26060,1.512501,1.495575,2.86565000e-04,3632.2
26070,1.513285,1.519539,2.86554019e-04,3633.6
26080,1.633032,1.524343,2.86543034e-04,3635.0
26090,1.428711,1.458862,2.86532045e-04,3636.4
26100,1.613429,1.518446,2.86521051e-04,3637.8
26110,1.552561,1.507585,2.86510053e-04,3639.1
26120,1.515503,1.509932,2.86499051e-04,3640.5
26130,1.575622,1.641116,2.86488044e-04,3641.8
26140,1.467829,1.564872,2.86477033e-04,3643.1
26150,1.449295,1.611697,2.86466018e-04,3644.3
26160,1.502371,1.518499,2.86454999e-04,3645.6
26170,1.583707,1.600922,2.86443976e-04,3646.9
26180,1.558924,1.555700,2.86432948e-04,3648.2
26190,1.517512,1.622928,2.86421916e-04,3649.5
26200,1.440909,1.528326,2.86410880e-04,3650.8
26210,1.631250,1.537480,2.86399839e-04,3652.1
26220,1.552343,1.564736,2.86388794e-04,3653.4
26230,1.543184,1.680450,2.86377745e-04,3654.7
26240,1.532202,1.452060,2.86366692e-04,3656.0
26250,1.558618,1.565534,2.86355635e-04,3657.2
26260,1.669392,1.512740,2.86344573e-04,3658.5
26270,1.476718,1.541195,2.86333507e-04,3659.8
26280,1.459500,1.468006,2.86322437e-04,3661.0
26290,1.608898,1.548517,2.86311363e-04,3662.3
26300,1.592132,1.579197,2.86300284e-04,3663.5
26310,1.490929,1.684119,2.86289201e-04,3664.8
26320,1.621002,1.442630,2.86278114e-04,3666.0
26330,1.597911,1.592988,2.86267022e-04,3667.3
26340,1.582151,1.526654,2.86255927e-04,3668.6
26350,1.550742,1.604445,2.86244827e-04,3669.9
26360,1.537400,1.308794,2.86233723e-04,3671.2
26370,1.565434,1.543034,2.86222614e-04,3672.5
26380,1.556787,1.622955,2.86211502e-04,3673.8
26390,1.432715,1.665689,2.86200385e-04,3675.1
26400,1.487899,1.581321,2.86189264e-04,3676.4
26410,1.581188,1.593191,2.86178139e-04,3677.7
26420,1.450513,1.363129,2.86167009e-04,3679.0
26430,1.463405,1.551876,2.86155875e-04,3680.3
26440,1.539912,1.561032,2.86144737e-04,3681.6
26450,1.577342,1.495394,2.86133595e-04,3682.9
26460,1.440385,1.480005,2.86122448e-04,3684.2
26470,1.575467,1.523452,2.86111298e-04,3685.5
26480,1.583143,1.526310,2.86100143e-04,3686.8
26490,1.670221,1.605252,2.86088984e-04,3688.0
26500,1.585005,1.573393,2.86077820e-04,3689.3
26510,1.554185,1.611320,2.86066652e-04,3691.3
26520,1.543339,1.511454,2.86055481e-04,3692.9
26530,1.564708,1.523313,2.86044304e-04,3694.5
26540,1.598079,1.481761,2.86033124e-04,3696.1
26550,1.611169,1.662254,2.86021939e-04,3697.6
26560,1.652135,1.486071,2.86010751e-04,3699.1
26570,1.537320,1.578117,2.85999558e-04,3700.5
26580,1.501481,1.663411,2.85988360e-04,3701.9
26590,1.540748,1.558226,2.85977159e-04,3703.4
26600,1.601490,1.627837,2.85965953e-04,3704.7
26610,1.624994,1.544800,2.85954743e-04,3706.1
26620,1.590224,1.608450,2.85943529e-04,3707.5
26630,1.466625,1.625311,2.85932310e-04,3708.9
26640,1.662534,1.556870,2.85921088e-04,3710.3
26650,1.525332,1.461590,2.85909861e-04,3711.7
26660,1.617829,1.590506,2.85898630e-04,3713.0
26670,1.526455,1.517962,2.85887394e-04,3714.4
26680,1.642709,1.494321,2.85876155e-04,3715.7
26690,1.451087,1.614431,2.85864911e-04,3717.0
26700,1.585771,1.494232,2.85853663e-04,3718.4
26710,1.587365,1.580555,2.85842411e-04,3719.7
26720,1.537276,1.526879,2.85831154e-04,3721.1
26730,1.514775,1.604148,2.85819893e-04,3722.4
26740,1.554723,1.552794,2.85808628e-04,3723.8
26750,1.472173,1.528264,2.85797359e-04,3725.2
26760,1.515996,1.597433,2.85786086e-04,3726.6
26770,1.600002,1.478006,2.85774808e-04,3728.0
26780,1.732592,1.594476,2.85763526e-04,3729.4
26790,1.524513,1.682848,2.85752240e-04,3730.8
26800,1.610597,1.474480,2.85740950e-04,3732.2
26810,1.662479,1.491220,2.85729656e-04,3733.6
26820,1.452551,1.617183,2.85718357e-04,3734.9
26830,1.543492,1.470418,2.85707054e-04,3736.3
26840,1.580270,1.575346,2.85695747e-04,3737.7
26850,1.648262,1.527406,2.85684435e-04,3739.0
26860,1.531088,1.633824,2.85673120e-04,3740.4
26870,1.453054,1.586993,2.85661800e-04,3741.8
26880,1.479179,1.546873,2.85650476e-04,3743.1
26890,1.525115,1.509909,2.85639148e-04,3744.5
26900,1.558722,1.492770,2.85627815e-04,3746.0
26910,1.559882,1.367301,2.85616478e-04,3747.3
26920,1.501296,1.538623,2.85605137e-04,3748.7
26930,1.487107,1.492569,2.85593792e-04,3750.1
26940,1.485853,1.452834,2.85582443e-04,3751.5
26950,1.683486,1.594598,2.85571089e-04,3752.9
26960,1.568009,1.575023,2.85559732e-04,3754.3
26970,1.484393,1.513697,2.85548370e-04,3755.6
26980,1.584166,1.521309,2.85537003e-04,3757.0
26990,1.513557,1.606014,2.85525633e-04,3758.3
27000,1.618184,1.640414,2.85514258e-04,3759.6
27010,1.513374,1.459275,2.85502879e-04,3761.5
27020,1.623379,1.595485,2.85491496e-04,3763.2
27030,1.427122,1.500346,2.85480109e-04,3764.8
27040,1.487976,1.495854,2.85468718e-04,3766.3
27050,1.527209,1.539900,2.85457322e-04,3767.8
27060,1.445406,1.505853,2.85445922e-04,3769.3
27070,1.578284,1.526801,2.85434518e-04,3770.8
27080,1.583755,1.526728,2.85423109e-04,3772.2
27090,1.554898,1.509462,2.85411697e-04,3773.6
27100,1.547980,1.627715,2.85400280e-04,3774.9
27110,1.445262,1.511009,2.85388859e-04,3776.3
27120,1.527133,1.583914,2.85377434e-04,3777.7
27130,1.590291,1.495346,2.85366004e-04,3779.1
27140,1.521571,1.500984,2.85354571e-04,3780.4
27150,1.483107,1.528688,2.85343133e-04,3781.7
27160,1.589542,1.455537,2.85331691e-04,3783.1
27170,1.634030,1.449348,2.85320245e-04,3784.4
27180,1.574794,1.483837,2.85308794e-04,3785.7
27190,1.572199,1.500863,2.85297340e-04,3787.1
27200,1.427510,1.617644,2.85285881e-04,3788.4
27210,1.490433,1.571768,2.85274418e-04,3789.8
27220,1.540961,1.689276,2.85262950e-04,3791.1
27230,1.536474,1.512438,2.85251479e-04,3792.5
27240,1.639062,1.631715,2.85240003e-04,3793.8
27250,1.456334,1.691725,2.85228523e-04,3795.2
27260,1.604222,1.608961,2.85217039e-04,3796.5
27270,1.542497,1.488525,2.85205551e-04,3797.8
27280,1.636284,1.571801,2.85194058e-04,3799.1
27290,1.607370,1.557233,2.85182562e-04,3800.4
27300,1.572075,1.591662,2.85171061e-04,3801.8
27310,1.582128,1.638043,2.85159556e-04,3803.1
27320,1.514203,1.464970,2.85148046e-04,3804.4
27330,1.549719,1.522841,2.85136533e-04,3805.8
27340,1.533197,1.562542,2.85125015e-04,3807.1
27350,1.587974,1.567160,2.85113493e-04,3808.4
27360,1.597322,1.556850,2.85101967e-04,3809.7
27370,1.544924,1.545213,2.85090437e-04,3810.9
27380,1.597972,1.549860,2.85078902e-04,3812.2
27390,1.616278,1.513080,2.85067364e-04,3813.5
27400,1.454446,1.489247,2.85055821e-04,3814.7
27410,1.578121,1.449802,2.85044274e-04,3816.0
27420,1.556824,1.590555,2.85032722e-04,3817.3
27430,1.545455,1.588816,2.85021167e-04,3818.6
27440,1.552242,1.541041,2.85009607e-04,3819.9
27450,1.562193,1.508760,2.84998043e-04,3821.1
27460,1.614607,1.548062,2.84986475e-04,3822.4
27470,1.556456,1.605351,2.84974903e-04,3823.7
27480,1.604188,1.494546,2.84963326e-04,3824.9
27490,1.655098,1.606266,2.84951746e-04,3826.2
27500,1.583696,1.539524,2.84940161e-04,3827.5
27510,1.443635,1.507466,2.84928572e-04,3829.4
27520,1.603258,1.604255,2.84916979e-04,3831.0
27530,1.450365,1.531740,2.84905381e-04,3832.5
27540,1.570873,1.490681,2.84893779e-04,3834.0
27550,1.573876,1.559839,2.84882174e-04,3835.4
27560,1.550437,1.522380,2.84870564e-04,3836.8
27570,1.615268,1.598138,2.84858949e-04,3838.2
27580,1.541707,1.538626,2.84847331e-04,3839.5
27590,1.464849,1.624883,2.84835708e-04,3840.9
27600,1.660734,1.562942,2.84824082e-04,3842.2
27610,1.447167,1.450578,2.84812451e-04,3843.5
27620,1.411614,1.511597,2.84800815e-04,3844.9
27630,1.552654,1.627511,2.84789176e-04,3846.2
27640,1.481417,1.498159,2.84777532e-04,3847.5
27650,1.521955,1.488291,2.84765885e-04,3848.9
27660,1.562780,1.554890,2.84754233e-04,3850.2
27670,1.552734,1.565850,2.84742577e-04,3851.5
27680,1.463465,1.457992,2.84730916e-04,3852.8
27690,1.610398,1.352442,2.84719252e-04,3854.1
27700,1.515342,1.665151,2.84707583e-04,3855.4
27710,1.500320,1.552201,2.84695910e-04,3856.7
27720,1.490618,1.569470,2.84684233e-04,3858.0
27730,1.553690,1.576654,2.84672552e-04,3859.2
27740,1.496381,1.587266,2.84660867e-04,3860.5
27750,1.586846,1.458012,2.84649177e-04,3861.8
27760,1.521795,1.644109,2.84637483e-04,3863.1
27770,1.569387,1.567572,2.84625785e-04,3864.4
27780,1.586902,1.575362,2.84614083e-04,3865.7
27790,1.502721,1.646276,2.84602377e-04,3867.0
27800,1.511174,1.513002,2.84590666e-04,3868.3
27810,1.503352,1.508029,2.84578952e-04,3869.6
27820,1.519571,1.639778,2.84567233e-04,3870.9
27830,1.487455,1.472321,2.84555510e-04,3872.2
27840,1.646501,1.478053,2.84543782e-04,3873.5
27850,1.595321,1.465167,2.84532051e-04,3874.8
27860,1.542753,1.629362,2.84520315e-04,3876.1
27870,1.567602,1.512637,2.84508575e-04,3877.4
27880,1.555572,1.604268,2.84496832e-04,3878.7
27890,1.621135,1.467352,2.84485083e-04,3880.0
27900,1.585324,1.611686,2.84473331e-04,3881.2
27910,1.575393,1.515921,2.84461575e-04,3882.5
27920,1.544947,1.433662,2.84449814e-04,3883.7
27930,1.654829,1.482869,2.84438049e-04,3884.9
27940,1.560009,1.607978,2.84426280e-04,3886.1
27950,1.538164,1.604473,2.84414507e-04,3887.3
27960,1.662394,1.455268,2.84402729e-04,3888.5
27970,1.585373,1.528389,2.84390948e-04,3889.7
27980,1.471766,1.451315,2.84379162e-04,3891.0
27990,1.560894,1.507031,2.84367372e-04,3892.3
28000,1.514530,1.499788,2.84355578e-04,3893.5
28010,1.493134,1.570983,2.84343780e-04,3895.5
28020,1.601164,1.521364,2.84331977e-04,3897.2
28030,1.535288,1.579151,2.84320171e-04,3898.8
28040,1.529236,1.539400,2.84308360e-04,3900.3
28050,1.599313,1.574643,2.84296545e-04,3901.9
28060,1.618626,1.567750,2.84284726e-04,3903.3
28070,1.469139,1.512244,2.84272903e-04,3904.8
28080,1.611545,1.537000,2.84261075e-04,3906.2
28090,1.577393,1.446718,2.84249244e-04,3907.5
28100,1.486575,1.580363,2.84237408e-04,3908.9
28110,1.531197,1.542468,2.84225568e-04,3910.2
28120,1.564853,1.490711,2.84213724e-04,3911.6
28130,1.491840,1.487963,2.84201875e-04,3912.9
28140,1.480548,1.578558,2.84190023e-04,3914.2
28150,1.470844,1.539589,2.84178166e-04,3915.5
28160,1.592369,1.508707,2.84166305e-04,3916.7
28170,1.537844,1.568757,2.84154440e-04,3918.0
28180,1.533141,1.626052,2.84142571e-04,3919.3
28190,1.505255,1.521641,2.84130698e-04,3920.5
28200,1.687735,1.622607,2.84118821e-04,3921.8
28210,1.526895,1.548344,2.84106939e-04,3923.1
28220,1.553502,1.501351,2.84095053e-04,3924.4
28230,1.547653,1.587266,2.84083163e-04,3925.7
28240,1.509495,1.571933,2.84071269e-04,3926.9
28250,1.463639,1.446498,2.84059371e-04,3928.2
28260,1.527558,1.475116,2.84047468e-04,3929.5
28270,1.511014,1.689575,2.84035562e-04,3930.8
28280,1.508884,1.646199,2.84023651e-04,3932.1
28290,1.529670,1.580974,2.84011736e-04,3933.3
28300,1.713413,1.652536,2.83999817e-04,3934.6
28310,1.440351,1.599529,2.83987893e-04,3936.0
28320,1.521899,1.554379,2.83975966e-04,3937.3
28330,1.581784,1.504411,2.83964034e-04,3938.6
28340,1.497185,1.563961,2.83952099e-04,3939.9
28350,1.498399,1.546102,2.83940159e-04,3941.2
28360,1.543642,1.534090,2.83928215e-04,3942.6
28370,1.495070,1.598203,2.83916266e-04,3943.9
28380,1.525112,1.629580,2.83904314e-04,3945.2
28390,1.553592,1.497372,2.83892358e-04,3946.5
28400,1.499946,1.538514,2.83880397e-04,3947.9
28410,1.617583,1.489386,2.83868432e-04,3949.3
28420,1.630958,1.428937,2.83856463e-04,3950.6
28430,1.558779,1.467302,2.83844490e-04,3952.0
28440,1.577066,1.453969,2.83832512e-04,3953.4
28450,1.503000,1.562273,2.83820531e-04,3954.8
28460,1.513153,1.585110,2.83808545e-04,3956.1
28470,1.428867,1.481053,2.83796555e-04,3957.4
28480,1.566054,1.567524,2.83784562e-04,3958.8
28490,1.601310,1.494580,2.83772563e-04,3960.1
28500,1.505336,1.503500,2.83760561e-04,3961.4
28510,1.489968,1.629578,2.83748555e-04,3963.4
28520,1.613421,1.523537,2.83736544e-04,3965.0
28530,1.572202,1.597358,2.83724529e-04,3966.6
28540,1.640339,1.537031,2.83712511e-04,3968.2
28550,1.482208,1.540170,2.83700488e-04,3969.6
28560,1.596446,1.455496,2.83688460e-04,3971.1
28570,1.476800,1.544939,2.83676429e-04,3972.6
28580,1.488486,1.438117,2.83664394e-04,3974.1
28590,1.458447,1.552957,2.83652354e-04,3975.5
28600,1.488940,1.541768,2.83640310e-04,3977.0
28610,1.538337,1.605985,2.83628262e-04,3978.4
28620,1.568657,1.552074,2.83616210e-04,3979.8
28630,1.495040,1.571643,2.83604154e-04,3981.2
28640,1.501622,1.500018,2.83592094e-04,3982.6
28650,1.553323,1.519367,2.83580029e-04,3984.0
28660,1.559493,1.608638,2.83567960e-04,3985.5
28670,1.527683,1.524374,2.83555888e-04,3986.9
28680,1.527016,1.450940,2.83543811e-04,3988.4
28690,1.484052,1.548717,2.83531730e-04,3989.8
28700,1.473600,1.551254,2.83519644e-04,3991.2
28710,1.466161,1.468518,2.83507555e-04,3992.7
28720,1.496579,1.418657,2.83495461e-04,3994.2
28730,1.513454,1.559754,2.83483364e-04,3995.7
28740,1.536866,1.531313,2.83471262e-04,3997.2
28750,1.474392,1.538864,2.83459156e-04,3998.8
28760,1.649369,1.510651,2.83447046e-04,4000.6
28770,1.514304,1.599804,2.83434932e-04,4002.3
28780,1.499496,1.556408,2.83422813e-04,4004.0
28790,1.615457,1.571668,2.83410691e-04,4005.6
28800,1.530631,1.491622,2.83398564e-04,4007.1
28810,1.478163,1.578365,2.83386433e-04,4008.6
28820,1.683410,1.527240,2.83374298e-04,4010.2
28830,1.435533,1.517107,2.83362159e-04,4011.6
28840,1.442764,1.567098,2.83350016e-04,4013.2
28850,1.503753,1.512243,2.83337869e-04,4014.6
28860,1.525292,1.669637,2.83325717e-04,4016.1
28870,1.596878,1.619870,2.83313562e-04,4018.0
28880,1.483236,1.530537,2.83301402e-04,4020.2
28890,1.605634,1.601209,2.83289238e-04,4022.1
28900,1.600913,1.594235,2.83277070e-04,4024.1
28910,1.595023,1.583250,2.83264898e-04,4026.2
28920,1.560766,1.667169,2.83252721e-04,4028.2
28930,1.393443,1.531014,2.83240541e-04,4030.1
28940,1.508187,1.507924,2.83228356e-04,4031.9
28950,1.553323,1.615548,2.83216168e-04,4033.7
28960,1.482107,1.574655,2.83203975e-04,4035.5
28970,1.630655,1.656278,2.83191778e-04,4037.1
28980,1.602288,1.489343,2.83179577e-04,4038.8
28990,1.592715,1.568749,2.83167371e-04,4040.3
29000,1.594440,1.588430,2.83155162e-04,4041.9
29010,1.479749,1.505434,2.83142948e-04,4043.9
29020,1.490133,1.536162,2.83130731e-04,4045.6
29030,1.512397,1.549768,2.83118509e-04,4047.2
29040,1.593451,1.543913,2.83106283e-04,4048.8
29050,1.428749,1.533261,2.83094053e-04,4050.4
29060,1.555572,1.523558,2.83081819e-04,4051.9
29070,1.646268,1.568453,2.83069581e-04,4053.4
29080,1.435563,1.576375,2.83057338e-04,4054.9
29090,1.441409,1.608721,2.83045092e-04,4056.3
29100,1.596450,1.484915,2.83032841e-04,4057.8
29110,1.557629,1.431835,2.83020586e-04,4059.3
29120,1.516085,1.518774,2.83008327e-04,4060.8
29130,1.427821,1.552993,2.82996064e-04,4062.2
29140,1.560160,1.483934,2.82983797e-04,4063.6
29150,1.478629,1.448526,2.82971526e-04,4065.0
29160,1.565592,1.497914,2.82959250e-04,4066.3
29170,1.513380,1.532082,2.82946971e-04,4067.7
29180,1.469830,1.541428,2.82934687e-04,4069.0
29190,1.576950,1.498664,2.82922399e-04,4070.3
29200,1.566883,1.610132,2.82910107e-04,4071.7
29210,1.451913,1.547247,2.82897811e-04,4073.0
29220,1.475644,1.466391,2.82885511e-04,4074.3
29230,1.602816,1.617916,2.82873207e-04,4075.6
29240,1.572179,1.449459,2.82860898e-04,4076.9
29250,1.512033,1.490640,2.82848586e-04,4078.2
29260,1.568664,1.525392,2.82836269e-04,4079.4
29270,1.486298,1.629684,2.82823948e-04,4080.7
29280,1.457736,1.563156,2.82811623e-04,4082.0
29290,1.626441,1.549407,2.82799294e-04,4083.3
29300,1.536990,1.447736,2.82786961e-04,4084.6
29310,1.657102,1.504849,2.82774624e-04,4085.9
29320,1.568448,1.569739,2.82762282e-04,4087.1
29330,1.436124,1.550496,2.82749937e-04,4088.4
29340,1.574777,1.624162,2.82737587e-04,4089.7
29350,1.430948,1.420701,2.82725233e-04,4091.0
29360,1.511909,1.592180,2.82712876e-04,4092.3
29370,1.520820,1.608510,2.82700514e-04,4093.6
29380,1.577298,1.535724,2.82688147e-04,4094.8
29390,1.479960,1.682108,2.82675777e-04,4096.1
29400,1.561663,1.549083,2.82663403e-04,4097.4
29410,1.662394,1.519353,2.82651025e-04,4098.6
29420,1.579439,1.539647,2.82638642e-04,4099.9
29430,1.499783,1.482938,2.82626255e-04,4101.2
29440,1.480038,1.584913,2.82613865e-04,4102.5
29450,1.551330,1.543260,2.82601470e-04,4103.8
29460,1.414293,1.552451,2.82589071e-04,4105.0
29470,1.439246,1.595190,2.82576667e-04,4106.3
29480,1.515449,1.430528,2.82564260e-04,4107.6
29490,1.518555,1.633808,2.82551849e-04,4108.9
29500,1.406311,1.557077,2.82539433e-04,4110.1
29510,1.533084,1.511131,2.82527014e-04,4112.0
29520,1.436007,1.637480,2.82514590e-04,4113.6
29530,1.610055,1.517157,2.82502162e-04,4115.1
29540,1.483694,1.572251,2.82489731e-04,4116.5
29550,1.516729,1.452924,2.82477295e-04,4118.0
29560,1.461391,1.515746,2.82464854e-04,4119.1
29570,1.479361,1.520870,2.82452410e-04,4120.2
29580,1.482087,1.538230,2.82439962e-04,4121.3
29590,1.524050,1.509674,2.82427510e-04,4122.5
29600,1.463366,1.556957,2.82415053e-04,4123.6
29610,1.573570,1.509144,2.82402592e-04,4124.8
29620,1.528222,1.608117,2.82390128e-04,4126.0
29630,1.566256,1.447813,2.82377659e-04,4127.1
29640,1.588264,1.564174,2.82365186e-04,4128.3
29650,1.498222,1.561561,2.82352709e-04,4129.6
29660,1.558021,1.564808,2.82340228e-04,4130.8
29670,1.480621,1.546014,2.82327742e-04,4132.0
29680,1.528558,1.549306,2.82315253e-04,4133.3
29690,1.460898,1.544010,2.82302759e-04,4134.6
29700,1.538280,1.551304,2.82290262e-04,4135.9
29710,1.445545,1.437672,2.82277760e-04,4137.1
29720,1.603143,1.611189,2.82265254e-04,4138.4
29730,1.497673,1.522805,2.82252745e-04,4139.7
29740,1.586387,1.579170,2.82240231e-04,4141.0
29750,1.614012,1.596942,2.82227713e-04,4142.3
29760,1.499665,1.603116,2.82215190e-04,4143.5
29770,1.574670,1.605624,2.82202664e-04,4144.8
29780,1.601634,1.555225,2.82190134e-04,4146.1
29790,1.441424,1.515945,2.82177599e-04,4147.3
29800,1.455611,1.564239,2.82165061e-04,4148.6
29810,1.486049,1.616609,2.82152518e-04,4149.9
29820,1.550830,1.488137,2.82139971e-04,4151.2
29830,1.503990,1.567490,2.82127420e-04,4152.5
29840,1.503233,1.573804,2.82114865e-04,4153.8
29850,1.559646,1.533253,2.82102306e-04,4155.0
29860,1.595413,1.629671,2.82089743e-04,4156.3
29870,1.549067,1.536883,2.82077176e-04,4157.6
29880,1.421330,1.540241,2.82064605e-04,4158.9
29890,1.531504,1.437049,2.82052029e-04,4160.2
29900,1.553673,1.454235,2.82039450e-04,4161.5
29910,1.361109,1.472716,2.82026866e-04,4162.8
29920,1.505376,1.584125,2.82014278e-04,4164.0
29930,1.445862,1.514502,2.82001687e-04,4165.3
29940,1.484661,1.536628,2.81989091e-04,4166.5
29950,1.665752,1.590260,2.81976491e-04,4167.8
29960,1.595284,1.580991,2.81963887e-04,4169.0
29970,1.576844,1.562941,2.81951279e-04,4170.2
29980,1.514498,1.543830,2.81938666e-04,4171.5
29990,1.534129,1.557045,2.81926050e-04,4172.7
30000,1.488872,1.464006,2.81913430e-04,4174.0
30010,1.516454,1.384111,2.81900805e-04,4176.0
30020,1.501374,1.516573,2.81888176e-04,4177.7
30030,1.600135,1.600711,2.81875544e-04,4178.9
30040,1.542242,1.430315,2.81862907e-04,4180.0
30050,1.608595,1.556571,2.81850266e-04,4181.1
30060,1.694206,1.596542,2.81837621e-04,4182.2
30070,1.574522,1.487847,2.81824972e-04,4183.3
30080,1.594406,1.634444,2.81812319e-04,4184.3
30090,1.564285,1.475355,2.81799662e-04,4185.4
30100,1.567195,1.496350,2.81787000e-04,4186.5
30110,1.494351,1.425068,2.81774335e-04,4187.6
30120,1.360816,1.589610,2.81761666e-04,4188.7
30130,1.427037,1.538410,2.81748992e-04,4189.8
30140,1.545992,1.585220,2.81736314e-04,4190.9
30150,1.619711,1.470440,2.81723633e-04,4192.0
30160,1.454008,1.477784,2.81710947e-04,4193.1
30170,1.596901,1.506357,2.81698257e-04,4194.2
30180,1.541447,1.649894,2.81685563e-04,4195.2
30190,1.565609,1.539621,2.81672865e-04,4196.3
30200,1.612206,1.616017,2.81660163e-04,4197.4
30210,1.517943,1.698442,2.81647457e-04,4198.5
30220,1.560680,1.543780,2.81634747e-04,4199.6
30230,1.560825,1.554154,2.81622032e-04,4200.7
30240,1.435479,1.511513,2.81609314e-04,4201.8
30250,1.483140,1.465747,2.81596591e-04,4202.9
30260,1.519827,1.607430,2.81583865e-04,4204.0
30270,1.533303,1.524002,2.81571134e-04,4205.1
30280,1.484803,1.729167,2.81558399e-04,4206.2
30290,1.539286,1.505166,2.81545661e-04,4207.3
30300,1.393655,1.484147,2.81532918e-04,4208.4
30310,1.550054,1.595306,2.81520171e-04,4209.5
30320,1.479507,1.717659,2.81507420e-04,4210.6
30330,1.618400,1.613526,2.81494665e-04,4211.7
30340,1.636566,1.536328,2.81481905e-04,4212.8
30350,1.539887,1.516723,2.81469142e-04,4213.9
30360,1.472957,1.651259,2.81456375e-04,4215.0
30370,1.547648,1.549779,2.81443603e-04,4216.1
30380,1.482929,1.553538,2.81430828e-04,4217.2
30390,1.481629,1.601740,2.81418048e-04,4218.3
30400,1.530919,1.523883,2.81405265e-04,4219.4
30410,1.621182,1.576800,2.81392477e-04,4220.5
30420,1.591923,1.615382,2.81379685e-04,4221.6
30430,1.601281,1.527523,2.81366889e-04,4222.7
30440,1.464392,1.550844,2.81354090e-04,4223.8
30450,1.492863,1.715480,2.81341286e-04,4224.9
30460,1.417295,1.499091,2.81328478e-04,4226.0
30470,1.626944,1.507695,2.81315666e-04,4227.1
30480,1.496808,1.475054,2.81302849e-04,4228.2
30490,1.557567,1.495564,2.81290029e-04,4229.3
30500,1.557792,1.545471,2.81277205e-04,4230.4
30510,1.488591,1.487738,2.81264376e-04,4231.7
30520,1.509559,1.539371,2.81251544e-04,4232.8
30530,1.543303,1.491199,2.81238708e-04,4233.9
30540,1.536097,1.566389,2.81225867e-04,4235.0
30550,1.422081,1.561119,2.81213022e-04,4236.1
30560,1.443486,1.517490,2.81200174e-04,4237.2
30570,1.583960,1.548782,2.81187321e-04,4238.3
30580,1.643976,1.495180,2.81174464e-04,4239.4
30590,1.464429,1.638837,2.81161603e-04,4240.5
30600,1.519305,1.509483,2.81148738e-04,4241.6
30610,1.572383,1.646030,2.81135869e-04,4242.7
30620,1.507556,1.547787,2.81122996e-04,4243.8
30630,1.575631,1.622496,2.81110119e-04,4244.9
30640,1.553385,1.541707,2.81097238e-04,4246.0
30650,1.567199,1.445210,2.81084353e-04,4247.1
30660,1.486819,1.443167,2.81071463e-04,4248.2
30670,1.484039,1.595549,2.81058570e-04,4249.3
30680,1.431861,1.484062,2.81045673e-04,4250.4
30690,1.539683,1.510600,2.81032771e-04,4251.5
30700,1.604450,1.494313,2.81019866e-04,4252.6
30710,1.516993,1.475209,2.81006956e-04,4253.7
30720,1.577086,1.415681,2.80994042e-04,4254.8
30730,1.388991,1.595689,2.80981125e-04,4255.9
30740,1.526229,1.578293,2.80968203e-04,4257.0
30750,1.490780,1.540801,2.80955277e-04,4258.1
30760,1.444580,1.388172,2.80942347e-04,4259.2
30770,1.434072,1.448816,2.80929413e-04,4260.3
30780,1.524554,1.578608,2.80916475e-04,4261.4
30790,1.493222,1.632556,2.80903533e-04,4262.5
30800,1.443023,1.619397,2.80890587e-04,4263.5
30810,1.426634,1.462712,2.80877637e-04,4264.6
30820,1.519322,1.545755,2.80864683e-04,4265.7
30830,1.503026,1.479881,2.80851725e-04,4266.8
30840,1.502709,1.583293,2.80838762e-04,4267.9
30850,1.535443,1.516248,2.80825796e-04,4269.0
30860,1.518633,1.505034,2.80812826e-04,4270.1
30870,1.546791,1.519407,2.80799851e-04,4271.2
30880,1.497892,1.505321,2.80786873e-04,4272.3
30890,1.487007,1.498927,2.80773890e-04,4273.4
30900,1.486557,1.551815,2.80760903e-04,4274.5
30910,1.545822,1.632531,2.80747913e-04,4275.6
30920,1.549047,1.593243,2.80734918e-04,4276.7
30930,1.547653,1.590877,2.80721919e-04,4277.8
30940,1.648345,1.517242,2.80708917e-04,4278.9
30950,1.593317,1.493448,2.80695910e-04,4280.0
30960,1.511388,1.610835,2.80682899e-04,4281.1
30970,1.593684,1.552458,2.80669884e-04,4282.2
30980,1.473264,1.533497,2.80656865e-04,4283.3
30990,1.563761,1.448117,2.80643842e-04,4284.5
31000,1.556406,1.558070,2.80630815e-04,4285.5
31010,1.415674,1.575343,2.80617784e-04,4286.8
31020,1.676941,1.469110,2.80604749e-04,4287.9
31030,1.455572,1.436271,2.80591710e-04,4289.1
31040,1.475601,1.526021,2.80578666e-04,4290.2
31050,1.547408,1.602788,2.80565619e-04,4291.3
31060,1.566422,1.623654,2.80552568e-04,4292.3
31070,1.541253,1.517622,2.80539512e-04,4293.4
31080,1.466267,1.611418,2.80526453e-04,4294.5
31090,1.511483,1.527714,2.80513390e-04,4295.6
31100,1.570054,1.547178,2.80500322e-04,4296.7
31110,1.500516,1.472068,2.80487251e-04,4297.8
31120,1.503894,1.476852,2.80474175e-04,4298.9
31130,1.501529,1.536423,2.80461096e-04,4300.0
31140,1.497149,1.608708,2.80448012e-04,4301.1
31150,1.569295,1.437863,2.80434924e-04,4302.2
31160,1.473888,1.509468,2.80421833e-04,4303.4
31170,1.525592,1.545996,2.80408737e-04,4304.6
31180,1.427446,1.516631,2.80395637e-04,4305.7
31190,1.418473,1.566836,2.80382533e-04,4306.8
31200,1.477411,1.607371,2.80369425e-04,4307.9
31210,1.487910,1.523313,2.80356314e-04,4309.0
31220,1.548245,1.602277,2.80343198e-04,4310.1
31230,1.479377,1.533058,2.80330078e-04,4311.2
31240,1.479022,1.499033,2.80316954e-04,4312.3
31250,1.481089,1.500555,2.80303826e-04,4313.4
31260,1.508847,1.500878,2.80290694e-04,4314.5
31270,1.525908,1.463091,2.80277558e-04,4315.6
31280,1.544993,1.533644,2.80264418e-04,4316.7
31290,1.558456,1.542773,2.80251273e-04,4317.8
31300,1.457455,1.459371,2.80238125e-04,4318.9
31310,1.569923,1.487213,2.80224973e-04,4320.0
31320,1.579803,1.556902,2.80211817e-04,4321.1
31330,1.614296,1.533190,2.80198657e-04,4322.3
31340,1.523129,1.468263,2.80185492e-04,4323.4
31350,1.481255,1.622902,2.80172324e-04,4324.5
31360,1.482543,1.507000,2.80159152e-04,4325.6
31370,1.588849,1.573492,2.80145975e-04,4326.7
31380,1.590272,1.543216,2.80132795e-04,4327.8
31390,1.531523,1.530899,2.80119611e-04,4328.9
31400,1.504016,1.541451,2.80106422e-04,4330.0
31410,1.620055,1.494437,2.80093230e-04,4331.1
31420,1.506012,1.529831,2.80080033e-04,4332.3
31430,1.567991,1.517422,2.80066833e-04,4333.4
31440,1.572435,1.566427,2.80053628e-04,4334.5
31450,1.486299,1.478830,2.80040420e-04,4335.6
31460,1.409601,1.594238,2.80027207e-04,4336.7
31470,1.459614,1.536982,2.80013990e-04,4337.8
31480,1.632300,1.528649,2.80000770e-04,4339.0
31490,1.566298,1.526903,2.79987545e-04,4340.1
31500,1.470953,1.683077,2.79974317e-04,4341.2
31510,1.555336,1.521219,2.79961084e-04,4342.5
31520,1.434945,1.514400,2.79947847e-04,4343.7
31530,1.562848,1.463405,2.79934606e-04,4344.8
31540,1.508979,1.584362,2.79921362e-04,4345.9
31550,1.470083,1.509685,2.79908113e-04,4347.0
31560,1.451953,1.473436,2.79894860e-04,4348.1
31570,1.476410,1.499658,2.79881603e-04,4349.1
31580,1.575520,1.540295,2.79868343e-04,4350.3
31590,1.450027,1.540673,2.79855078e-04,4351.4
31600,1.341717,1.550228,2.79841809e-04,4352.5
31610,1.593542,1.527536,2.79828536e-04,4353.6
31620,1.535591,1.502091,2.79815259e-04,4354.7
31630,1.568038,1.445632,2.79801978e-04,4355.8
31640,1.492641,1.485557,2.79788693e-04,4356.9
31650,1.451575,1.443736,2.79775404e-04,4358.0
31660,1.657641,1.599387,2.79762111e-04,4359.1
31670,1.608579,1.515476,2.79748815e-04,4360.2
31680,1.547012,1.515046,2.79735514e-04,4361.3
31690,1.630460,1.514347,2.79722209e-04,4362.4
31700,1.551431,1.617504,2.79708900e-04,4363.5
31710,1.503732,1.592557,2.79695587e-04,4364.6
31720,1.450856,1.591607,2.79682270e-04,4365.7
31730,1.445380,1.576203,2.79668949e-04,4366.8
31740,1.573815,1.572713,2.79655624e-04,4367.9
31750,1.418502,1.519301,2.79642295e-04,4369.0
31760,1.535201,1.526184,2.79628961e-04,4370.1
31770,1.517063,1.674949,2.79615624e-04,4371.2
31780,1.364605,1.522319,2.79602283e-04,4372.3
31790,1.570262,1.553708,2.79588938e-04,4373.4
31800,1.665211,1.557809,2.79575589e-04,4374.5
31810,1.586643,1.542808,2.79562236e-04,4375.6
31820,1.482834,1.461805,2.79548879e-04,4376.7
31830,1.437143,1.434157,2.79535518e-04,4377.8
31840,1.442586,1.501554,2.79522153e-04,4378.9
31850,1.520725,1.533530,2.79508784e-04,4380.0
31860,1.479582,1.542736,2.79495411e-04,4381.1
31870,1.560791,1.544973,2.79482033e-04,4382.2
31880,1.485770,1.447295,2.79468652e-04,4383.3
31890,1.573662,1.524327,2.79455267e-04,4384.4
31900,1.570758,1.511413,2.79441878e-04,4385.5
31910,1.505759,1.525863,2.79428485e-04,4386.6
31920,1.548090,1.580108,2.79415088e-04,4387.7
31930,1.469969,1.570729,2.79401687e-04,4388.8
31940,1.576680,1.453543,2.79388282e-04,4389.9
31950,1.548305,1.481780,2.79374873e-04,4391.0
31960,1.448429,1.456756,2.79361459e-04,4392.1
31970,1.565758,1.480474,2.79348042e-04,4393.2
31980,1.471276,1.474642,2.79334621e-04,4394.3
31990,1.581390,1.492238,2.79321196e-04,4395.4
32000,1.374332,1.618130,2.79307767e-04,4396.6
32010,1.461256,1.525951,2.79294334e-04,4397.9
32020,1.523898,1.528996,2.79280897e-04,4398.9
32030,1.578484,1.479409,2.79267456e-04,4400.0
32040,1.517405,1.536335,2.79254010e-04,4401.1
32050,1.574724,1.376737,2.79240561e-04,4402.3
32060,1.536702,1.597854,2.79227108e-04,4403.4
32070,1.517435,1.540535,2.79213651e-04,4404.5
32080,1.567238,1.442171,2.79200190e-04,4405.6
32090,1.478629,1.531846,2.79186725e-04,4406.7
32100,1.540672,1.571612,2.79173256e-04,4407.7
32110,1.508388,1.463590,2.79159783e-04,4408.8
32120,1.487551,1.459892,2.79146306e-04,4409.9
32130,1.575907,1.527287,2.79132825e-04,4411.1
32140,1.570018,1.375516,2.79119340e-04,4412.2
32150,1.545473,1.494707,2.79105851e-04,4413.2
32160,1.495277,1.512053,2.79092358e-04,4414.3
32170,1.517305,1.528213,2.79078861e-04,4415.5
32180,1.530907,1.432266,2.79065360e-04,4416.6
32190,1.496499,1.619868,2.79051855e-04,4417.7
32200,1.601729,1.474075,2.79038346e-04,4418.7
32210,1.582202,1.538151,2.79024833e-04,4419.9
32220,1.497775,1.579781,2.79011316e-04,4421.0
32230,1.518022,1.561288,2.78997795e-04,4422.1
32240,1.547929,1.558592,2.78984270e-04,4423.2
32250,1.535162,1.464282,2.78970741e-04,4424.3
32260,1.700057,1.486815,2.78957208e-04,4425.4
32270,1.433294,1.473454,2.78943671e-04,4426.5
32280,1.507944,1.596261,2.78930130e-04,4427.6
32290,1.390438,1.543206,2.78916586e-04,4428.7
32300,1.486126,1.552679,2.78903037e-04,4429.8
32310,1.451048,1.393719,2.78889484e-04,4430.9
32320,1.466509,1.449202,2.78875927e-04,4432.1
32330,1.633365,1.490538,2.78862366e-04,4433.2
32340,1.577147,1.545012,2.78848802e-04,4434.3
32350,1.523489,1.492324,2.78835233e-04,4435.4
32360,1.504267,1.573640,2.78821660e-04,4436.5
32370,1.499275,1.532956,2.78808083e-04,4437.7
32380,1.531329,1.510035,2.78794503e-04,4438.7
32390,1.458554,1.589584,2.78780918e-04,4439.9
32400,1.536284,1.502778,2.78767329e-04,4441.0
32410,1.467731,1.464970,2.78753737e-04,4442.1
32420,1.415432,1.441228,2.78740140e-04,4443.2
32430,1.449747,1.575841,2.78726540e-04,4444.4
32440,1.397388,1.557656,2.78712935e-04,4445.5
32450,1.549104,1.583282,2.78699327e-04,4446.6
32460,1.484138,1.500769,2.78685714e-04,4447.7
32470,1.505812,1.538311,2.78672098e-04,4448.9
32480,1.528225,1.466163,2.78658477e-04,4450.0
32490,1.387330,1.504533,2.78644853e-04,4451.1
32500,1.471968,1.613552,2.78631224e-04,4452.2
32510,1.536927,1.568962,2.78617592e-04,4453.5
32520,1.519371,1.498911,2.78603956e-04,4454.6
32530,1.548734,1.675306,2.78590315e-04,4455.7
32540,1.522794,1.540980,2.78576671e-04,4456.8
32550,1.498941,1.588817,2.78563023e-04,4457.9
32560,1.554959,1.560250,2.78549370e-04,4459.1
32570,1.590625,1.508573,2.78535714e-04,4460.3
32580,1.513022,1.481920,2.78522054e-04,4461.4
32590,1.562730,1.521289,2.78508390e-04,4462.5
32600,1.427185,1.578193,2.78494722e-04,4463.7
32610,1.590441,1.583728,2.78481050e-04,4464.8
32620,1.574621,1.655807,2.78467374e-04,4466.0
32630,1.536351,1.486274,2.78453694e-04,4467.1
32640,1.617008,1.549536,2.78440010e-04,4468.2
32650,1.444089,1.602803,2.78426322e-04,4469.4
32660,1.409398,1.491764,2.78412630e-04,4470.5
32670,1.530976,1.532293,2.78398934e-04,4471.6
32680,1.489567,1.437252,2.78385234e-04,4472.8
32690,1.540133,1.531800,2.78371530e-04,4473.9
32700,1.454521,1.460316,2.78357822e-04,4475.1
32710,1.512733,1.559639,2.78344111e-04,4476.2
32720,1.640756,1.458817,2.78330395e-04,4477.3
32730,1.553087,1.495914,2.78316675e-04,4478.4
32740,1.524738,1.600904,2.78302952e-04,4479.5
32750,1.562295,1.507404,2.78289224e-04,4480.6
32760,1.546957,1.497313,2.78275493e-04,4481.8
32770,1.491278,1.582204,2.78261757e-04,4482.9
32780,1.503673,1.508870,2.78248018e-04,4484.0
32790,1.448459,1.453995,2.78234274e-04,4485.1
32800,1.550968,1.538127,2.78220527e-04,4486.2
32810,1.449322,1.496613,2.78206775e-04,4487.3
32820,1.517863,1.454107,2.78193020e-04,4488.4
32830,1.460438,1.562846,2.78179261e-04,4489.5
32840,1.450820,1.551998,2.78165497e-04,4490.6
32850,1.546754,1.532859,2.78151730e-04,4491.7
32860,1.449337,1.530447,2.78137959e-04,4492.9
32870,1.545006,1.686674,2.78124184e-04,4494.0
32880,1.497510,1.536385,2.78110405e-04,4495.1
32890,1.611561,1.564467,2.78096622e-04,4496.2
32900,1.528955,1.598368,2.78082835e-04,4497.3
32910,1.514251,1.450410,2.78069044e-04,4498.5
32920,1.644463,1.430415,2.78055249e-04,4499.6
32930,1.518788,1.499061,2.78041450e-04,4500.7
32940,1.534276,1.521492,2.78027648e-04,4501.8
32950,1.489419,1.466294,2.78013841e-04,4502.9
32960,1.519442,1.558287,2.78000030e-04,4504.0
32970,1.517724,1.591206,2.77986215e-04,4505.1
32980,1.477746,1.477945,2.77972397e-04,4506.2
32990,1.527699,1.498515,2.77958574e-04,4507.3
33000,1.463562,1.565772,2.77944748e-04,4508.4
33010,1.647538,1.577878,2.77930917e-04,4509.8
33020,1.445690,1.563078,2.77917083e-04,4510.9
33030,1.493211,1.549181,2.77903245e-04,4512.0
33040,1.420405,1.489634,2.77889402e-04,4513.1
33050,1.507485,1.591146,2.77875556e-04,4514.2
33060,1.484617,1.717209,2.77861706e-04,4515.3
33070,1.455386,1.541425,2.77847852e-04,4516.4
33080,1.489642,1.459618,2.77833994e-04,4517.5
33090,1.592317,1.552364,2.77820132e-04,4518.7
33100,1.516691,1.352847,2.77806266e-04,4519.8
33110,1.738408,1.576217,2.77792396e-04,4520.9
33120,1.526892,1.580783,2.77778522e-04,4522.0
33130,1.534894,1.518009,2.77764644e-04,4523.1
33140,1.491131,1.565405,2.77750762e-04,4524.2
33150,1.577326,1.511198,2.77736877e-04,4525.3
33160,1.482678,1.522068,2.77722987e-04,4526.4
33170,1.568164,1.502932,2.77709094e-04,4527.5
33180,1.547238,1.443769,2.77695196e-04,4528.6
33190,1.458200,1.474128,2.77681295e-04,4529.8
33200,1.539074,1.556534,2.77667389e-04,4530.9
33210,1.558261,1.468148,2.77653480e-04,4532.0
33220,1.473007,1.615105,2.77639567e-04,4533.1
33230,1.499246,1.511647,2.77625649e-04,4534.2
33240,1.451405,1.424190,2.77611728e-04,4535.3
33250,1.405205,1.500763,2.77597803e-04,4536.4
33260,1.466450,1.464474,2.77583874e-04,4537.5
33270,1.476292,1.546412,2.77569941e-04,4538.6
33280,1.556240,1.498817,2.77556004e-04,4539.7
33290,1.476881,1.498447,2.77542063e-04,4540.8
33300,1.608411,1.366663,2.77528119e-04,4541.9
33310,1.552663,1.541538,2.77514170e-04,4543.0
33320,1.611529,1.464350,2.77500217e-04,4544.1
33330,1.435570,1.526631,2.77486261e-04,4545.2
33340,1.481802,1.396794,2.77472300e-04,4546.3
33350,1.560477,1.393125,2.77458336e-04,4547.4
33360,1.532291,1.443666,2.77444367e-04,4548.6
33370,1.433621,1.604672,2.77430395e-04,4549.7
33380,1.483773,1.488243,2.77416419e-04,4550.8
33390,1.548348,1.557630,2.77402439e-04,4551.9
33400,1.516609,1.528943,2.77388455e-04,4553.0
33410,1.535275,1.529827,2.77374467e-04,4554.1
33420,1.538409,1.415116,2.77360475e-04,4555.2
33430,1.455042,1.466075,2.77346479e-04,4556.3
33440,1.446276,1.523656,2.77332479e-04,4557.5
33450,1.548569,1.536239,2.77318475e-04,4558.6
33460,1.573128,1.653068,2.77304468e-04,4559.7
33470,1.496319,1.553200,2.77290456e-04,4560.8
33480,1.492909,1.438061,2.77276440e-04,4561.9
33490,1.414172,1.591540,2.77262421e-04,4563.0
33500,1.528725,1.633258,2.77248398e-04,4564.1
33510,1.524248,1.490374,2.77234370e-04,4565.4
33520,1.409100,1.410722,2.77220339e-04,4566.5
33530,1.418903,1.442760,2.77206304e-04,4567.7
33540,1.431444,1.493478,2.77192265e-04,4568.8
33550,1.602909,1.505979,2.77178222e-04,4569.9
33560,1.516833,1.550629,2.77164175e-04,4571.0
33570,1.464982,1.550334,2.77150124e-04,4572.1
33580,1.494170,1.508496,2.77136069e-04,4573.2
33590,1.526713,1.486499,2.77122011e-04,4574.3
33600,1.577813,1.607698,2.77107948e-04,4575.4
33610,1.448215,1.520216,2.77093882e-04,4576.5
33620,1.497558,1.559634,2.77079811e-04,4577.7
33630,1.541660,1.537434,2.77065737e-04,4578.8
33640,1.460266,1.564945,2.77051658e-04,4579.9
33650,1.440647,1.549825,2.77037576e-04,4581.1
33660,1.520660,1.444978,2.77023490e-04,4582.2
33670,1.561432,1.391981,2.77009400e-04,4583.4
33680,1.515781,1.524739,2.76995306e-04,4584.5
33690,1.552345,1.497268,2.76981208e-04,4585.7
33700,1.460794,1.509061,2.76967107e-04,4586.8
33710,1.477983,1.577249,2.76953001e-04,4587.9
33720,1.482906,1.606620,2.76938891e-04,4589.1
33730,1.519991,1.527641,2.76924778e-04,4590.2
33740,1.469775,1.590302,2.76910660e-04,4591.3
33750,1.551528,1.461923,2.76896539e-04,4592.5
33760,1.500600,1.413091,2.76882414e-04,4593.6
33770,1.451025,1.538910,2.76868284e-04,4594.7
33780,1.585865,1.425915,2.76854151e-04,4595.8
33790,1.503712,1.591566,2.76840014e-04,4596.9
33800,1.472537,1.426997,2.76825873e-04,4598.0
33810,1.558532,1.579804,2.76811729e-04,4599.2
33820,1.465858,1.519152,2.76797580e-04,4600.3
33830,1.555459,1.571647,2.76783427e-04,4601.4
33840,1.621788,1.557649,2.76769271e-04,4602.5
33850,1.400302,1.579434,2.76755110e-04,4603.6
33860,1.555348,1.475351,2.76740946e-04,4604.8
33870,1.485292,1.461117,2.76726778e-04,4605.9
33880,1.482308,1.602433,2.76712605e-04,4607.1
33890,1.529389,1.470313,2.76698429e-04,4608.3
33900,1.586631,1.504285,2.76684249e-04,4609.5
33910,1.512123,1.493068,2.76670065e-04,4610.6
33920,1.481564,1.513318,2.76655878e-04,4611.8
33930,1.510690,1.455940,2.76641686e-04,4613.0
33940,1.468854,1.531549,2.76627490e-04,4614.1
33950,1.421217,1.590518,2.76613291e-04,4615.2
33960,1.525367,1.527447,2.76599087e-04,4616.4
33970,1.558891,1.541393,2.76584880e-04,4617.5
33980,1.538061,1.530540,2.76570669e-04,4618.6
33990,1.497576,1.508655,2.76556454e-04,4619.7
34000,1.505708,1.512862,2.76542235e-04,4620.8
34010,1.498626,1.556434,2.76528012e-04,4622.2
34020,1.456904,1.663975,2.76513785e-04,4623.3
34030,1.607198,1.497994,2.76499554e-04,4624.5
34040,1.511617,1.556485,2.76485319e-04,4625.7
34050,1.486627,1.474398,2.76471081e-04,4626.9
34060,1.579932,1.628536,2.76456838e-04,4628.0
34070,1.506300,1.483180,2.76442592e-04,4629.1
34080,1.527187,1.603522,2.76428342e-04,4630.3
34090,1.583745,1.493270,2.76414088e-04,4631.4
34100,1.485443,1.560012,2.76399830e-04,4632.6
34110,1.541763,1.410602,2.76385568e-04,4633.7
34120,1.624769,1.498593,2.76371302e-04,4634.8
34130,1.427170,1.570542,2.76357032e-04,4636.0
34140,1.476470,1.453461,2.76342759e-04,4637.1
34150,1.470608,1.432843,2.76328481e-04,4638.2
34160,1.523503,1.609971,2.76314200e-04,4639.4
34170,1.577519,1.668499,2.76299915e-04,4640.5
34180,1.561643,1.425198,2.76285625e-04,4641.6
34190,1.523989,1.443382,2.76271332e-04,4642.8
34200,1.605853,1.475725,2.76257035e-04,4643.9
34210,1.552572,1.490817,2.76242735e-04,4645.0
34220,1.462333,1.481286,2.76228430e-04,4646.1
34230,1.538661,1.497037,2.76214121e-04,4647.2
34240,1.564115,1.611887,2.76199809e-04,4648.3
34250,1.401806,1.461603,2.76185492e-04,4649.4
34260,1.411016,1.517027,2.76171172e-04,4650.6
34270,1.485219,1.665398,2.76156848e-04,4651.7
34280,1.417071,1.482184,2.76142520e-04,4652.8
34290,1.555973,1.528299,2.76128188e-04,4653.9
34300,1.488960,1.495844,2.76113852e-04,4655.0
34310,1.494079,1.502390,2.76099512e-04,4656.1
34320,1.423716,1.621408,2.76085169e-04,4657.3
34330,1.476684,1.541398,2.76070821e-04,4658.4
34340,1.605569,1.619221,2.76056470e-04,4659.5
34350,1.549843,1.562928,2.76042115e-04,4660.7
34360,1.489649,1.550974,2.76027756e-04,4661.8
34370,1.632870,1.398371,2.76013393e-04,4662.9
34380,1.465833,1.583221,2.75999026e-04,4664.0
34390,1.471564,1.521755,2.75984655e-04,4665.2
34400,1.583667,1.513307,2.75970280e-04,4666.3
34410,1.526135,1.520717,2.75955902e-04,4667.4
34420,1.512360,1.466133,2.75941519e-04,4668.5
34430,1.559979,1.649361,2.75927133e-04,4669.6
34440,1.503498,1.546516,2.75912743e-04,4670.8
34450,1.603970,1.440579,2.75898349e-04,4671.9
34460,1.402038,1.543709,2.75883951e-04,4673.1
34470,1.488319,1.493306,2.75869549e-04,4674.2
34480,1.583850,1.457740,2.75855143e-04,4675.3
34490,1.589938,1.519554,2.75840734e-04,4676.4
34500,1.503163,1.499767,2.75826320e-04,4677.6
34510,1.492794,1.574681,2.75811903e-04,4678.9
34520,1.514585,1.537610,2.75797482e-04,4680.1
34530,1.494466,1.420487,2.75783057e-04,4681.2
34540,1.452973,1.600749,2.75768628e-04,4682.4
34550,1.489565,1.548124,2.75754195e-04,4683.5
34560,1.514179,1.465647,2.75739758e-04,4684.6
34570,1.415785,1.556172,2.75725318e-04,4685.8
34580,1.542036,1.480706,2.75710873e-04,4686.9
34590,1.548389,1.547387,2.75696425e-04,4688.0
34600,1.422839,1.517904,2.75681973e-04,4689.1
34610,1.420394,1.488858,2.75667517e-04,4690.2
34620,1.493232,1.470395,2.75653057e-04,4691.4
34630,1.451661,1.567971,2.75638593e-04,4692.5
34640,1.557579,1.463927,2.75624125e-04,4693.6
34650,1.605215,1.430187,2.75609654e-04,4694.8
34660,1.476496,1.388942,2.75595178e-04,4695.9
34670,1.487369,1.553791,2.75580699e-04,4697.0
34680,1.482759,1.508992,2.75566216e-04,4698.2
34690,1.570134,1.450008,2.75551729e-04,4699.3
34700,1.584577,1.526903,2.75537238e-04,4700.4
34710,1.496325,1.658791,2.75522743e-04,4701.5
34720,1.456319,1.423308,2.75508245e-04,4702.7
34730,1.565298,1.509333,2.75493742e-04,4703.9
34740,1.446404,1.542478,2.75479236e-04,4705.0
34750,1.566310,1.465986,2.75464726e-04,4706.2
34760,1.428834,1.484994,2.75450212e-04,4707.3
34770,1.494525,1.495021,2.75435694e-04,4708.5
34780,1.438663,1.461916,2.75421172e-04,4709.6
34790,1.509658,1.449019,2.75406647e-04,4710.7
34800,1.604250,1.481017,2.75392117e-04,4711.9
34810,1.472889,1.382197,2.75377584e-04,4713.0
34820,1.573441,1.509274,2.75363047e-04,4714.1
34830,1.424241,1.445020,2.75348505e-04,4715.2
34840,1.425374,1.602625,2.75333961e-04,4716.3
34850,1.542533,1.573827,2.75319412e-04,4717.5
34860,1.447142,1.461822,2.75304859e-04,4718.7
34870,1.457697,1.561681,2.75290303e-04,4719.8
34880,1.429486,1.610184,2.75275742e-04,4720.9
34890,1.540607,1.505557,2.75261178e-04,4722.0
34900,1.480179,1.529456,2.75246610e-04,4723.2
34910,1.586705,1.581719,2.75232038e-04,4724.3
34920,1.548675,1.530612,2.75217462e-04,4725.5
34930,1.509712,1.585984,2.75202883e-04,4726.6
34940,1.503740,1.488298,2.75188299e-04,4727.7
34950,1.609785,1.454202,2.75173712e-04,4728.8
34960,1.622283,1.462348,2.75159121e-04,4729.9
34970,1.526842,1.539446,2.75144526e-04,4731.1
34980,1.474092,1.505650,2.75129927e-04,4732.2
34990,1.437776,1.513881,2.75115324e-04,4733.4
35000,1.457504,1.450653,2.75100717e-04,4734.5
35010,1.466499,1.595126,2.75086107e-04,4735.9
35020,1.480901,1.544419,2.75071493e-04,4737.0
35030,1.467088,1.524786,2.75056874e-04,4738.1
35040,1.516593,1.493213,2.75042252e-04,4739.3
35050,1.470815,1.520754,2.75027627e-04,4740.4
35060,1.503457,1.612645,2.75012997e-04,4741.6
35070,1.466759,1.529899,2.74998363e-04,4742.7
35080,1.539786,1.478603,2.74983726e-04,4743.8
35090,1.483837,1.451790,2.74969085e-04,4745.0
35100,1.603133,1.534418,2.74954440e-04,4746.1
35110,1.513894,1.478834,2.74939791e-04,4747.2
35120,1.558283,1.516236,2.74925138e-04,4748.4
35130,1.533124,1.596034,2.74910481e-04,4749.5
35140,1.420876,1.502732,2.74895821e-04,4750.7
35150,1.517821,1.450040,2.74881157e-04,4751.8
35160,1.472371,1.575842,2.74866488e-04,4752.9
35170,1.493547,1.473824,2.74851817e-04,4754.0
35180,1.570690,1.554219,2.74837141e-04,4755.2
35190,1.509835,1.573946,2.74822461e-04,4756.3
35200,1.491975,1.517923,2.74807778e-04,4757.4
35210,1.572579,1.601191,2.74793090e-04,4758.5
35220,1.397541,1.521884,2.74778399e-04,4759.6
35230,1.503148,1.513647,2.74763704e-04,4760.7
35240,1.437685,1.556486,2.74749005e-04,4761.9
35250,1.523962,1.563638,2.74734302e-04,4763.0
35260,1.506652,1.563757,2.74719596e-04,4764.1
35270,1.450674,1.550431,2.74704886e-04,4765.3
35280,1.510827,1.447566,2.74690171e-04,4766.4
35290,1.548942,1.591938,2.74675453e-04,4767.5
35300,1.410056,1.542879,2.74660731e-04,4768.6
35310,1.547595,1.467779,2.74646006e-04,4769.7
35320,1.605000,1.545989,2.74631276e-04,4770.9
35330,1.500547,1.404938,2.74616543e-04,4772.0
35340,1.492807,1.490353,2.74601806e-04,4773.1
35350,1.527362,1.512364,2.74587064e-04,4774.2
35360,1.434285,1.419071,2.74572320e-04,4775.4
35370,1.486070,1.580367,2.74557571e-04,4776.5
35380,1.421396,1.517701,2.74542818e-04,4777.6
35390,1.471954,1.479140,2.74528062e-04,4778.8
35400,1.466886,1.383041,2.74513302e-04,4779.9
35410,1.461927,1.524791,2.74498538e-04,4781.0
35420,1.445176,1.618433,2.74483770e-04,4782.2
35430,1.537042,1.420875,2.74468998e-04,4783.3
35440,1.515374,1.474480,2.74454223e-04,4784.4
35450,1.496687,1.466110,2.74439443e-04,4785.6
35460,1.449647,1.441836,2.74424660e-04,4786.7
35470,1.443168,1.368995,2.74409873e-04,4787.8
35480,1.501733,1.448046,2.74395082e-04,4789.0
35490,1.546157,1.572062,2.74380288e-04,4790.1
35500,1.511580,1.428244,2.74365489e-04,4791.2
35510,1.488795,1.422788,2.74350687e-04,4792.6
35520,1.485656,1.478836,2.74335881e-04,4793.7
35530,1.517538,1.448517,2.74321071e-04,4794.9
35540,1.488940,1.460143,2.74306257e-04,4796.1
35550,1.517197,1.606578,2.74291440e-04,4797.2
35560,1.569788,1.622150,2.74276618e-04,4798.4
35570,1.512130,1.534461,2.74261793e-04,4799.6
35580,1.530748,1.465835,2.74246964e-04,4800.8
35590,1.537551,1.478080,2.74232131e-04,4802.0
35600,1.464478,1.546148,2.74217294e-04,4803.1
35610,1.510356,1.448190,2.74202454e-04,4804.3
35620,1.549788,1.579480,2.74187609e-04,4805.4
35630,1.442271,1.493481,2.74172761e-04,4806.6
35640,1.580271,1.633960,2.74157909e-04,4807.7
35650,1.476001,1.528053,2.74143053e-04,4808.8
35660,1.516085,1.534817,2.74128194e-04,4810.0
35670,1.526041,1.470424,2.74113330e-04,4811.1
35680,1.526257,1.495180,2.74098463e-04,4812.2
35690,1.548611,1.505884,2.74083592e-04,4813.4
35700,1.493995,1.468505,2.74068717e-04,4814.5
35710,1.408378,1.585983,2.74053839e-04,4815.7
35720,1.407679,1.445855,2.74038956e-04,4816.8
35730,1.483545,1.534974,2.74024070e-04,4818.0
35740,1.476262,1.475848,2.74009180e-04,4819.1
35750,1.615436,1.531205,2.73994286e-04,4820.2
35760,1.470747,1.600790,2.73979388e-04,4821.4
35770,1.571704,1.598002,2.73964487e-04,4822.5
35780,1.742998,1.509382,2.73949581e-04,4823.7
35790,1.556409,1.436648,2.73934672e-04,4824.8
35800,1.443274,1.550414,2.73919759e-04,4826.0
35810,1.419908,1.555753,2.73904842e-04,4827.1
35820,1.584559,1.456648,2.73889922e-04,4828.2
35830,1.496499,1.456571,2.73874997e-04,4829.4
35840,1.601772,1.433005,2.73860069e-04,4830.5
35850,1.546555,1.452007,2.73845137e-04,4831.6
35860,1.461667,1.486206,2.73830201e-04,4832.8
35870,1.542643,1.469385,2.73815262e-04,4833.9
35880,1.476151,1.544952,2.73800318e-04,4835.0
35890,1.375214,1.498866,2.73785371e-04,4836.2
35900,1.495762,1.443841,2.73770420e-04,4837.3
35910,1.595550,1.446706,2.73755465e-04,4838.4
35920,1.520917,1.508583,2.73740506e-04,4839.5
35930,1.454410,1.423604,2.73725544e-04,4840.7
35940,1.482248,1.530576,2.73710578e-04,4841.9
35950,1.512673,1.468093,2.73695608e-04,4843.0
35960,1.467985,1.526538,2.73680634e-04,4844.1
35970,1.496845,1.547192,2.73665656e-04,4845.3
35980,1.505218,1.547850,2.73650675e-04,4846.4
35990,1.454241,1.475899,2.73635689e-04,4847.6
36000,1.443467,1.545366,2.73620700e-04,4848.7
36010,1.440899,1.543060,2.73605707e-04,4850.1
36020,1.480955,1.566796,2.73590711e-04,4851.3
36030,1.593864,1.555365,2.73575710e-04,4852.4
36040,1.582648,1.567692,2.73560706e-04,4853.5
36050,1.562966,1.409442,2.73545698e-04,4854.6
36060,1.434367,1.466634,2.73530686e-04,4855.8
36070,1.493239,1.502534,2.73515671e-04,4856.9
36080,1.474873,1.426692,2.73500651e-04,4858.0
36090,1.526693,1.516638,2.73485628e-04,4859.2
36100,1.456005,1.561585,2.73470601e-04,4860.3
36110,1.482594,1.560278,2.73455570e-04,4861.5
36120,1.456325,1.458550,2.73440535e-04,4862.6
36130,1.467221,1.440472,2.73425497e-04,4863.7
36140,1.443542,1.597351,2.73410455e-04,4864.9
36150,1.536774,1.520774,2.73395409e-04,4866.0
36160,1.533943,1.528223,2.73380359e-04,4867.1
36170,1.497379,1.544157,2.73365306e-04,4868.3
36180,1.509240,1.506712,2.73350248e-04,4869.4
36190,1.424460,1.489451,2.73335187e-04,4870.6
36200,1.502431,1.556381,2.73320122e-04,4871.7
36210,1.520732,1.478474,2.73305053e-04,4872.8
36220,1.424460,1.580070,2.73289981e-04,4874.0
36230,1.440413,1.541318,2.73274905e-04,4875.1
36240,1.552226,1.536657,2.73259825e-04,4876.2
36250,1.561832,1.476026,2.73244741e-04,4877.4
36260,1.565418,1.554497,2.73229653e-04,4878.5
36270,1.574314,1.450342,2.73214562e-04,4879.6
36280,1.539754,1.467961,2.73199466e-04,4880.8
36290,1.415362,1.422544,2.73184367e-04,4881.9
36300,1.475481,1.473629,2.73169265e-04,4883.1
36310,1.561382,1.473322,2.73154158e-04,4884.2
36320,1.507389,1.578242,2.73139048e-04,4885.3
36330,1.508482,1.485496,2.73123934e-04,4886.5
36340,1.510826,1.442719,2.73108816e-04,4887.6
36350,1.652618,1.505926,2.73093694e-04,4888.8
36360,1.543440,1.562160,2.73078569e-04,4889.9
36370,1.440276,1.502178,2.73063439e-04,4891.1
36380,1.530936,1.643759,2.73048306e-04,4892.2
36390,1.483842,1.404094,2.73033170e-04,4893.3
36400,1.483890,1.425427,2.73018029e-04,4894.4
36410,1.418835,1.499813,2.73002885e-04,4895.5
36420,1.516161,1.535534,2.72987736e-04,4896.7
36430,1.433486,1.571090,2.72972585e-04,4897.8
36440,1.416024,1.547824,2.72957429e-04,4898.9
36450,1.504362,1.470093,2.72942269e-04,4900.0
36460,1.480738,1.516919,2.72927106e-04,4901.2
36470,1.562032,1.672027,2.72911939e-04,4902.3
36480,1.468401,1.443382,2.72896768e-04,4903.4
36490,1.478589,1.454047,2.72881594e-04,4904.5
36500,1.565392,1.641047,2.72866416e-04,4905.6
36510,1.478551,1.454628,2.72851233e-04,4907.0
36520,1.502230,1.528615,2.72836048e-04,4908.1
36530,1.575344,1.315241,2.72820858e-04,4909.2
36540,1.600502,1.498186,2.72805664e-04,4910.4
36550,1.401750,1.514946,2.72790467e-04,4911.5
36560,1.496015,1.472399,2.72775266e-04,4912.6
36570,1.545133,1.489755,2.72760062e-04,4913.7
36580,1.490874,1.441936,2.72744853e-04,4914.9
36590,1.517579,1.413416,2.72729641e-04,4916.0
36600,1.491178,1.554190,2.72714425e-04,4917.1
36610,1.665806,1.491890,2.72699205e-04,4918.3
36620,1.484828,1.576652,2.72683982e-04,4919.4
36630,1.496604,1.483740,2.72668754e-04,4920.5
36640,1.483551,1.465057,2.72653523e-04,4921.7
36650,1.498617,1.517832,2.72638288e-04,4922.8
36660,1.436023,1.552607,2.72623050e-04,4924.0
36670,1.532506,1.481354,2.72607807e-04,4925.1
36680,1.564672,1.406767,2.72592561e-04,4926.2
36690,1.521928,1.495809,2.72577311e-04,4927.4
36700,1.564883,1.422732,2.72562058e-04,4928.5
36710,1.407347,1.442519,2.72546800e-04,4929.7
36720,1.533979,1.514567,2.72531539e-04,4930.8
36730,1.636234,1.511176,2.72516274e-04,4932.0
36740,1.516342,1.545169,2.72501005e-04,4933.1
36750,1.542700,1.541995,2.72485733e-04,4934.3
36760,1.565381,1.444957,2.72470457e-04,4935.4
36770,1.596002,1.634756,2.72455177e-04,4936.5
36780,1.504056,1.452495,2.72439893e-04,4937.7
36790,1.638175,1.506741,2.72424605e-04,4938.8
36800,1.527644,1.513878,2.72409314e-04,4939.9
36810,1.536538,1.528812,2.72394019e-04,4941.0
36820,1.569910,1.581278,2.72378720e-04,4942.2
36830,1.461615,1.504219,2.72363418e-04,4943.3
36840,1.449801,1.500262,2.72348112e-04,4944.4
36850,1.527451,1.521957,2.72332801e-04,4945.5
36860,1.542474,1.535039,2.72317488e-04,4946.7
36870,1.425731,1.513026,2.72302170e-04,4947.8
36880,1.543638,1.518066,2.72286849e-04,4949.0
36890,1.470300,1.580806,2.72271524e-04,4950.1
36900,1.505729,1.506073,2.72256195e-04,4951.2
36910,1.431932,1.472832,2.72240863e-04,4952.4
36920,1.551759,1.529633,2.72225526e-04,4953.5
36930,1.458518,1.556579,2.72210186e-04,4954.6
36940,1.457199,1.656308,2.72194842e-04,4955.7
36950,1.451707,1.555434,2.72179495e-04,4956.8
36960,1.593685,1.504026,2.72164144e-04,4957.9
36970,1.481663,1.442079,2.72148789e-04,4959.0
36980,1.549941,1.582670,2.72133430e-04,4960.1
36990,1.466163,1.417216,2.72118067e-04,4961.3
37000,1.487491,1.471759,2.72102701e-04,4962.4
37010,1.469922,1.435118,2.72087331e-04,4963.7
37020,1.569369,1.463108,2.72071957e-04,4964.8
37030,1.442242,1.480916,2.72056580e-04,4965.9
37040,1.498220,1.496009,2.72041198e-04,4967.0
37050,1.481499,1.487473,2.72025813e-04,4968.1
37060,1.464995,1.516782,2.72010425e-04,4969.2
37070,1.446231,1.443729,2.71995032e-04,4970.3
37080,1.447189,1.570203,2.71979636e-04,4971.5
37090,1.578979,1.528404,2.71964236e-04,4972.6
37100,1.500642,1.591768,2.71948832e-04,4973.7
37110,1.526505,1.455732,2.71933425e-04,4974.8
37120,1.566058,1.537091,2.71918014e-04,4975.9
37130,1.499496,1.488245,2.71902599e-04,4977.0
37140,1.431898,1.424472,2.71887180e-04,4978.2
37150,1.459103,1.458506,2.71871758e-04,4979.3
37160,1.424471,1.413954,2.71856332e-04,4980.4
37170,1.448500,1.621918,2.71840902e-04,4981.5
37180,1.517929,1.442736,2.71825468e-04,4982.6
37190,1.556226,1.604099,2.71810031e-04,4983.8
37200,1.482930,1.610140,2.71794590e-04,4984.9
37210,1.557929,1.503554,2.71779145e-04,4986.0
37220,1.486603,1.490956,2.71763696e-04,4987.1
37230,1.507106,1.502352,2.71748244e-04,4988.2
37240,1.401500,1.538588,2.71732788e-04,4989.3
37250,1.563243,1.463809,2.71717328e-04,4990.4
37260,1.534909,1.472470,2.71701865e-04,4991.5
37270,1.584228,1.515144,2.71686398e-04,4992.7
37280,1.543676,1.530190,2.71670927e-04,4993.8
37290,1.509442,1.604410,2.71655452e-04,4994.9
37300,1.515103,1.489056,2.71639974e-04,4996.0
37310,1.510637,1.531403,2.71624491e-04,4997.2
37320,1.450897,1.508116,2.71609006e-04,4998.3
37330,1.558838,1.481015,2.71593516e-04,4999.4
37340,1.363072,1.457235,2.71578023e-04,5000.6
37350,1.489775,1.442481,2.71562526e-04,5001.7
37360,1.481828,1.624286,2.71547025e-04,5002.8
37370,1.514017,1.618046,2.71531520e-04,5003.9
37380,1.548529,1.547455,2.71516012e-04,5005.0
37390,1.436908,1.533280,2.71500500e-04,5006.1
37400,1.484400,1.479762,2.71484985e-04,5007.3
37410,1.555078,1.384175,2.71469465e-04,5008.4
37420,1.449154,1.508118,2.71453942e-04,5009.5
37430,1.448427,1.515259,2.71438415e-04,5010.6
37440,1.503138,1.617828,2.71422885e-04,5011.7
37450,1.530715,1.467344,2.71407350e-04,5012.9
37460,1.527200,1.540903,2.71391812e-04,5014.0
37470,1.543607,1.518903,2.71376271e-04,5015.1
37480,1.564159,1.496996,2.71360725e-04,5016.2
37490,1.457245,1.495520,2.71345176e-04,5017.3
37500,1.487317,1.529867,2.71329623e-04,5018.5
37510,1.421868,1.483855,2.71314067e-04,5019.8
37520,1.512193,1.393435,2.71298506e-04,5020.9
37530,1.414723,1.574584,2.71282942e-04,5022.0
37540,1.504103,1.648928,2.71267375e-04,5023.1
37550,1.581595,1.591768,2.71251803e-04,5024.3
37560,1.563287,1.467836,2.71236228e-04,5025.4
37570,1.443588,1.535289,2.71220649e-04,5026.5
37580,1.542314,1.449534,2.71205066e-04,5027.7
37590,1.537694,1.463625,2.71189480e-04,5028.8
37600,1.521593,1.477138,2.71173890e-04,5029.9
37610,1.483195,1.505520,2.71158296e-04,5031.0
37620,1.450459,1.452202,2.71142699e-04,5032.2
37630,1.511905,1.517881,2.71127098e-04,5033.3
37640,1.501110,1.512615,2.71111493e-04,5034.4
37650,1.397429,1.485425,2.71095884e-04,5035.6
37660,1.444824,1.542595,2.71080272e-04,5036.7
37670,1.615096,1.549690,2.71064656e-04,5037.8
37680,1.514673,1.494826,2.71049036e-04,5038.9
37690,1.492696,1.475203,2.71033413e-04,5040.0
37700,1.461901,1.515771,2.71017786e-04,5041.2
37710,1.474205,1.546149,2.71002155e-04,5042.3
37720,1.429127,1.499311,2.70986520e-04,5043.4
37730,1.485064,1.493298,2.70970882e-04,5044.5
37740,1.403907,1.602792,2.70955240e-04,5045.6
37750,1.393502,1.524013,2.70939594e-04,5046.7
37760,1.573571,1.500386,2.70923945e-04,5047.9
37770,1.413873,1.486362,2.70908292e-04,5049.0
37780,1.457379,1.489775,2.70892635e-04,5050.1
37790,1.489220,1.446582,2.70876975e-04,5051.2
37800,1.597634,1.539476,2.70861310e-04,5052.4
37810,1.424130,1.421730,2.70845643e-04,5053.5
37820,1.605192,1.545973,2.70829971e-04,5054.6
37830,1.554926,1.538535,2.70814296e-04,5055.7
37840,1.536355,1.487602,2.70798617e-04,5056.9
37850,1.468475,1.527163,2.70782934e-04,5058.0
37860,1.495466,1.408883,2.70767248e-04,5059.1
37870,1.471506,1.586753,2.70751558e-04,5060.2
37880,1.471771,1.431152,2.70735864e-04,5061.4
37890,1.414005,1.490338,2.70720166e-04,5062.5
37900,1.571956,1.422673,2.70704465e-04,5063.6
37910,1.608146,1.574093,2.70688760e-04,5064.7
37920,1.494911,1.533583,2.70673052e-04,5065.9
37930,1.449852,1.562251,2.70657339e-04,5067.0
37940,1.538619,1.508844,2.70641623e-04,5068.1
37950,1.462206,1.495683,2.70625904e-04,5069.2
37960,1.523154,1.459669,2.70610180e-04,5070.3
37970,1.467480,1.501281,2.70594453e-04,5071.5
37980,1.548000,1.490472,2.70578723e-04,5072.6
37990,1.516569,1.517326,2.70562988e-04,5073.7
38000,1.561956,1.471448,2.70547250e-04,5074.8
38010,1.498860,1.523455,2.70531508e-04,5076.2
38020,1.536789,1.490922,2.70515763e-04,5077.3
38030,1.425205,1.510918,2.70500014e-04,5078.4
38040,1.505973,1.593742,2.70484261e-04,5079.5
38050,1.462869,1.599200,2.70468504e-04,5080.6
38060,1.542530,1.541847,2.70452744e-04,5081.8
38070,1.502991,1.463610,2.70436980e-04,5082.9
38080,1.604760,1.480009,2.70421212e-04,5084.0
38090,1.483617,1.530195,2.70405441e-04,5085.2
38100,1.578577,1.468412,2.70389666e-04,5086.3
38110,1.491300,1.480797,2.70373887e-04,5087.4
38120,1.542017,1.580404,2.70358105e-04,5088.5
38130,1.414374,1.572158,2.70342319e-04,5089.6
38140,1.612082,1.459493,2.70326529e-04,5090.7
38150,1.555825,1.514768,2.70310736e-04,5091.9
38160,1.524246,1.568163,2.70294939e-04,5093.0
38170,1.548408,1.494657,2.70279138e-04,5094.1
38180,1.395600,1.523500,2.70263333e-04,5095.3
38190,1.536207,1.432827,2.70247525e-04,5096.4
38200,1.460194,1.503011,2.70231713e-04,5097.5
38210,1.632751,1.555947,2.70215898e-04,5098.7
38220,1.548708,1.491698,2.70200079e-04,5099.8
38230,1.460206,1.502915,2.70184256e-04,5100.9
38240,1.489300,1.488219,2.70168429e-04,5102.1
38250,1.492965,1.504401,2.70152599e-04,5103.2
38260,1.426008,1.416575,2.70136765e-04,5104.3
38270,1.406902,1.448067,2.70120928e-04,5105.4
38280,1.391437,1.512935,2.70105086e-04,5106.6
38290,1.545264,1.530804,2.70089241e-04,5107.7
38300,1.451945,1.447574,2.70073393e-04,5108.8
38310,1.420413,1.543729,2.70057541e-04,5109.9
38320,1.419782,1.462302,2.70041685e-04,5111.0
38330,1.472156,1.431549,2.70025825e-04,5112.1
38340,1.483828,1.543919,2.70009962e-04,5113.2
38350,1.473736,1.559237,2.69994095e-04,5114.4
38360,1.547534,1.495802,2.69978224e-04,5115.5
38370,1.475836,1.427841,2.69962350e-04,5116.6
38380,1.494005,1.538333,2.69946472e-04,5117.7
38390,1.554276,1.622324,2.69930590e-04,5118.8
38400,1.448941,1.575489,2.69914705e-04,5119.9
38410,1.559655,1.489249,2.69898816e-04,5121.1
38420,1.440718,1.413778,2.69882923e-04,5122.2
38430,1.574676,1.532890,2.69867027e-04,5123.3
38440,1.484236,1.581718,2.69851127e-04,5124.4
38450,1.435120,1.491829,2.69835223e-04,5125.5
38460,1.502088,1.675762,2.69819316e-04,5126.6
38470,1.383265,1.519767,2.69803405e-04,5127.8
38480,1.567234,1.473082,2.69787490e-04,5128.9
38490,1.562351,1.585671,2.69771572e-04,5130.0
38500,1.567134,1.469491,2.69755650e-04,5131.1
38510,1.494993,1.512848,2.69739724e-04,5132.5
38520,1.408281,1.454550,2.69723795e-04,5133.6
38530,1.608493,1.538620,2.69707862e-04,5134.7
38540,1.449311,1.562602,2.69691925e-04,5135.8
38550,1.519760,1.426177,2.69675985e-04,5137.0
38560,1.576080,1.536613,2.69660041e-04,5138.1
38570,1.485633,1.573523,2.69644093e-04,5139.2
38580,1.492367,1.550964,2.69628142e-04,5140.3
38590,1.446211,1.454899,2.69612187e-04,5141.5
38600,1.421037,1.561844,2.69596229e-04,5142.6
38610,1.329656,1.451211,2.69580266e-04,5143.7
38620,1.535291,1.393828,2.69564301e-04,5144.8
38630,1.566387,1.469935,2.69548331e-04,5146.0
38640,1.499608,1.584957,2.69532358e-04,5147.1
38650,1.430357,1.501740,2.69516381e-04,5148.3
38660,1.390328,1.506193,2.69500400e-04,5149.4
38670,1.498071,1.479784,2.69484416e-04,5150.5
38680,1.527364,1.582057,2.69468428e-04,5151.6
38690,1.619025,1.512860,2.69452437e-04,5152.8
38700,1.484290,1.505185,2.69436442e-04,5153.9
38710,1.453107,1.602748,2.69420443e-04,5155.0
38720,1.611226,1.429269,2.69404440e-04,5156.2
38730,1.487544,1.455726,2.69388434e-04,5157.3
38740,1.452786,1.373336,2.69372425e-04,5158.4
38750,1.379712,1.508445,2.69356411e-04,5159.6
38760,1.518733,1.613027,2.69340394e-04,5160.7
38770,1.502332,1.535164,2.69324373e-04,5161.8
38780,1.568227,1.491240,2.69308349e-04,5162.9
38790,1.419845,1.477166,2.69292321e-04,5164.0
38800,1.423304,1.522346,2.69276289e-04,5165.2
38810,1.506802,1.514249,2.69260254e-04,5166.3
38820,1.461388,1.456224,2.69244215e-04,5167.4
38830,1.359743,1.397455,2.69228173e-04,5168.5
38840,1.408036,1.388986,2.69212126e-04,5169.6
38850,1.529914,1.470632,2.69196077e-04,5170.8
38860,1.461650,1.515623,2.69180023e-04,5171.9
38870,1.446658,1.532426,2.69163966e-04,5173.1
38880,1.441681,1.458179,2.69147905e-04,5174.2
38890,1.381370,1.417540,2.69131841e-04,5175.3
38900,1.453733,1.485390,2.69115773e-04,5176.4
38910,1.550174,1.497364,2.69099701e-04,5177.5
38920,1.366687,1.493497,2.69083626e-04,5178.7
38930,1.538183,1.528772,2.69067547e-04,5179.8
38940,1.499797,1.522631,2.69051464e-04,5180.9
38950,1.550103,1.476352,2.69035378e-04,5182.0
38960,1.585157,1.502093,2.69019288e-04,5183.1
38970,1.500062,1.467473,2.69003194e-04,5184.3
38980,1.569655,1.529517,2.68987097e-04,5185.4
38990,1.429578,1.573320,2.68970996e-04,5186.5
39000,1.536052,1.420781,2.68954892e-04,5187.7
39010,1.457883,1.506578,2.68938784e-04,5189.0
39020,1.576281,1.430018,2.68922672e-04,5190.1
39030,1.464253,1.509293,2.68906557e-04,5191.3
39040,1.489212,1.570446,2.68890438e-04,5192.4
39050,1.610988,1.612227,2.68874315e-04,5193.5
39060,1.506780,1.501607,2.68858189e-04,5194.6
39070,1.581424,1.419524,2.68842059e-04,5195.7
39080,1.517139,1.534858,2.68825925e-04,5196.8
39090,1.503633,1.447557,2.68809788e-04,5198.0
39100,1.545412,1.603038,2.68793647e-04,5199.1
39110,1.546001,1.553441,2.68777503e-04,5200.2
39120,1.594449,1.526096,2.68761355e-04,5201.3
39130,1.551296,1.481050,2.68745203e-04,5202.5
39140,1.520630,1.504427,2.68729048e-04,5203.6
39150,1.591940,1.532762,2.68712889e-04,5204.7
39160,1.553110,1.484717,2.68696726e-04,5205.8
39170,1.495199,1.633283,2.68680560e-04,5206.9
39180,1.465614,1.473049,2.68664390e-04,5208.1
39190,1.500019,1.492630,2.68648217e-04,5209.2
39200,1.519115,1.450899,2.68632040e-04,5210.4
39210,1.460133,1.530065,2.68615859e-04,5211.5
39220,1.445141,1.407880,2.68599675e-04,5212.6
39230,1.502835,1.607811,2.68583487e-04,5213.7
39240,1.536496,1.549333,2.68567295e-04,5214.9
39250,1.492206,1.493701,2.68551100e-04,5216.0
39260,1.441436,1.483064,2.68534902e-04,5217.1
39270,1.438119,1.526898,2.68518699e-04,5218.3
39280,1.447654,1.556019,2.68502493e-04,5219.4
39290,1.484875,1.378614,2.68486283e-04,5220.5
39300,1.650158,1.444245,2.68470070e-04,5221.6
39310,1.522433,1.418287,2.68453853e-04,5222.7
39320,1.493890,1.410318,2.68437633e-04,5223.9
39330,1.503707,1.509640,2.68421409e-04,5225.0
39340,1.532279,1.522897,2.68405181e-04,5226.1
39350,1.584030,1.466477,2.68388950e-04,5227.2
39360,1.556590,1.462592,2.68372715e-04,5228.4
39370,1.531907,1.506231,2.68356476e-04,5229.5
39380,1.553767,1.456933,2.68340234e-04,5230.6
39390,1.461648,1.367323,2.68323988e-04,5231.7
39400,1.410659,1.461034,2.68307739e-04,5232.9
39410,1.390632,1.423598,2.68291486e-04,5234.0
39420,1.437997,1.540289,2.68275229e-04,5235.1
39430,1.516139,1.506077,2.68258969e-04,5236.2
39440,1.468539,1.640650,2.68242705e-04,5237.3
39450,1.468346,1.428984,2.68226437e-04,5238.5
39460,1.500804,1.457671,2.68210166e-04,5239.6
39470,1.397611,1.362085,2.68193891e-04,5240.7
39480,1.495088,1.561137,2.68177613e-04,5241.8
39490,1.499223,1.616691,2.68161331e-04,5242.9
39500,1.535075,1.465617,2.68145046e-04,5244.1
39510,1.625993,1.484627,2.68128757e-04,5245.4
39520,1.569694,1.427788,2.68112464e-04,5246.5
39530,1.445356,1.504016,2.68096168e-04,5247.6
39540,1.433799,1.601275,2.68079868e-04,5248.8
39550,1.465635,1.524550,2.68063564e-04,5249.9
39560,1.564407,1.586148,2.68047257e-04,5251.0
39570,1.458789,1.469310,2.68030946e-04,5252.1
39580,1.483719,1.444647,2.68014632e-04,5253.3
39590,1.456909,1.416753,2.67998314e-04,5254.4
39600,1.477000,1.434343,2.67981992e-04,5255.5
39610,1.521613,1.524387,2.67965667e-04,5256.7
39620,1.484211,1.419180,2.67949338e-04,5257.8
39630,1.530288,1.504565,2.67933006e-04,5258.9
39640,1.539388,1.519238,2.67916670e-04,5260.0
39650,1.473317,1.515342,2.67900330e-04,5261.1
39660,1.500699,1.439773,2.67883987e-04,5262.3
39670,1.433011,1.522672,2.67867640e-04,5263.4
39680,1.453445,1.550827,2.67851290e-04,5264.5
39690,1.482780,1.520164,2.67834936e-04,5265.6
39700,1.593585,1.459624,2.67818579e-04,5266.7
39710,1.452624,1.484476,2.67802217e-04,5267.9
39720,1.593757,1.474013,2.67785853e-04,5269.0
39730,1.490575,1.630902,2.67769484e-04,5270.1
39740,1.483966,1.443902,2.67753112e-04,5271.2
39750,1.578362,1.530023,2.67736737e-04,5272.3
39760,1.468101,1.491630,2.67720358e-04,5273.4
39770,1.446996,1.428597,2.67703975e-04,5274.5
39780,1.450147,1.500847,2.67687589e-04,5275.7
39790,1.474797,1.536160,2.67671199e-04,5276.8
39800,1.577058,1.436667,2.67654805e-04,5277.9
39810,1.450947,1.537751,2.67638408e-04,5279.0
39820,1.409534,1.516865,2.67622008e-04,5280.2
39830,1.485298,1.479359,2.67605603e-04,5281.3
39840,1.478354,1.478968,2.67589196e-04,5282.4
39850,1.456565,1.523568,2.67572784e-04,5283.5
39860,1.572948,1.586457,2.67556369e-04,5284.6
39870,1.484041,1.584186,2.67539950e-04,5285.7
39880,1.559168,1.543695,2.67523528e-04,5286.8
39890,1.402839,1.512602,2.67507103e-04,5288.0
39900,1.373646,1.418722,2.67490673e-04,5289.1
39910,1.489107,1.480005,2.67474240e-04,5290.2
39920,1.556549,1.498768,2.67457804e-04,5291.3
39930,1.507963,1.467362,2.67441364e-04,5292.4
39940,1.410030,1.472935,2.67424920e-04,5293.6
39950,1.424617,1.546659,2.67408473e-04,5294.7
39960,1.401051,1.451348,2.67392022e-04,5295.8
39970,1.477504,1.638974,2.67375567e-04,5296.9
39980,1.496797,1.435512,2.67359109e-04,5298.1
39990,1.491867,1.516920,2.67342648e-04,5299.2
40000,1.459109,1.412138,2.67326183e-04,5300.3
40010,1.374317,1.506944,2.67309714e-04,5301.6
40020,1.431743,1.471228,2.67293242e-04,5302.7
40030,1.459435,1.493073,2.67276766e-04,5303.9
40040,1.408582,1.614380,2.67260286e-04,5305.0
40050,1.437008,1.390643,2.67243803e-04,5306.1
40060,1.547145,1.491570,2.67227316e-04,5307.2
40070,1.499656,1.500075,2.67210826e-04,5308.4
40080,1.568650,1.445009,2.67194333e-04,5309.5
40090,1.493695,1.515175,2.67177835e-04,5310.7
40100,1.420663,1.388140,2.67161334e-04,5311.8
40110,1.539223,1.445879,2.67144830e-04,5313.0
40120,1.509170,1.546242,2.67128322e-04,5314.1
40130,1.607658,1.518548,2.67111810e-04,5315.3
40140,1.521230,1.491435,2.67095295e-04,5316.4
40150,1.601935,1.532402,2.67078776e-04,5317.5
40160,1.588050,1.505401,2.67062254e-04,5318.7
40170,1.541699,1.462245,2.67045728e-04,5319.8
40180,1.552569,1.508998,2.67029198e-04,5321.0
40190,1.382160,1.508039,2.67012665e-04,5322.1
40200,1.438718,1.378144,2.66996129e-04,5323.2
40210,1.463823,1.436463,2.66979588e-04,5324.4
40220,1.529250,1.431187,2.66963045e-04,5325.5
40230,1.558283,1.519529,2.66946497e-04,5326.7
40240,1.402527,1.675382,2.66929946e-04,5327.8
40250,1.434493,1.535818,2.66913392e-04,5329.0
40260,1.541374,1.466440,2.66896834e-04,5330.1
40270,1.449471,1.495795,2.66880272e-04,5331.3
40280,1.480664,1.501305,2.66863707e-04,5332.4
40290,1.472039,1.442966,2.66847139e-04,5333.6
40300,1.480176,1.548894,2.66830566e-04,5334.7
40310,1.582601,1.550959,2.66813990e-04,5335.9
40320,1.509762,1.380601,2.66797411e-04,5337.0
40330,1.464936,1.529970,2.66780828e-04,5338.2
40340,1.451177,1.481776,2.66764242e-04,5339.3
40350,1.565189,1.486455,2.66747652e-04,5340.6
40360,1.540652,1.556518,2.66731058e-04,5341.7
40370,1.441533,1.532277,2.66714461e-04,5342.8
40380,1.586180,1.459768,2.66697860e-04,5344.0
40390,1.419190,1.534428,2.66681256e-04,5345.1
40400,1.477192,1.437084,2.66664648e-04,5346.2
40410,1.637898,1.555034,2.66648037e-04,5347.4
40420,1.428705,1.496947,2.66631422e-04,5348.5
40430,1.533361,1.514622,2.66614803e-04,5349.6
40440,1.520951,1.503921,2.66598181e-04,5350.7
40450,1.536177,1.526608,2.66581555e-04,5351.9
40460,1.519565,1.493866,2.66564926e-04,5353.0
40470,1.504048,1.414117,2.66548293e-04,5354.1
40480,1.509973,1.519578,2.66531657e-04,5355.2
40490,1.447024,1.480944,2.66515017e-04,5356.4
40500,1.527232,1.587493,2.66498374e-04,5357.6
40510,1.509989,1.381054,2.66481727e-04,5359.0
40520,1.542678,1.569951,2.66465077e-04,5360.2
40530,1.564003,1.439969,2.66448423e-04,5361.3
40540,1.664345,1.470192,2.66431765e-04,5362.5
40550,1.504376,1.470028,2.66415104e-04,5363.6
40560,1.501177,1.410888,2.66398439e-04,5364.7
40570,1.531098,1.528102,2.66381771e-04,5365.9
40580,1.519316,1.452585,2.66365099e-04,5367.1
40590,1.538271,1.495328,2.66348424e-04,5368.4
40600,1.504451,1.470469,2.66331745e-04,5369.6
40610,1.577879,1.593955,2.66315063e-04,5370.9
40620,1.449059,1.478018,2.66298377e-04,5372.1
40630,1.492868,1.490646,2.66281687e-04,5373.2
40640,1.434687,1.374021,2.66264994e-04,5374.3
40650,1.529396,1.563963,2.66248298e-04,5375.5
40660,1.473688,1.554606,2.66231598e-04,5376.8
40670,1.439492,1.522411,2.66214894e-04,5378.1
40680,1.467380,1.382426,2.66198187e-04,5379.2
40690,1.533635,1.528593,2.66181476e-04,5380.4
40700,1.509917,1.527606,2.66164762e-04,5381.5
40710,1.531917,1.492276,2.66148044e-04,5382.6
40720,1.502711,1.494519,2.66131323e-04,5383.7
40730,1.415675,1.550666,2.66114598e-04,5384.8
40740,1.441604,1.514272,2.66097870e-04,5386.0
40750,1.496984,1.411333,2.66081138e-04,5387.1
40760,1.531594,1.521285,2.66064402e-04,5388.3
40770,1.505486,1.563058,2.66047663e-04,5389.4
40780,1.427982,1.424232,2.66030921e-04,5390.5
40790,1.544388,1.662350,2.66014175e-04,5391.7
40800,1.446616,1.506194,2.65997425e-04,5392.8
40810,1.534076,1.417336,2.65980672e-04,5394.0
40820,1.456651,1.591185,2.65963915e-04,5395.1
40830,1.437194,1.469168,2.65947155e-04,5396.2
40840,1.581209,1.443957,2.65930391e-04,5397.3
40850,1.515530,1.517555,2.65913624e-04,5398.5
40860,1.405800,1.416966,2.65896853e-04,5399.6
40870,1.480951,1.672918,2.65880079e-04,5400.7
40880,1.466213,1.441731,2.65863301e-04,5401.8
40890,1.568951,1.492476,2.65846520e-04,5402.9
40900,1.498248,1.440879,2.65829735e-04,5404.1
40910,1.435889,1.504562,2.65812947e-04,5405.2
40920,1.554101,1.466901,2.65796155e-04,5406.3
40930,1.397035,1.507463,2.65779359e-04,5407.4
40940,1.584887,1.534773,2.65762560e-04,5408.6
40950,1.547085,1.552661,2.65745758e-04,5409.7
40960,1.542119,1.615366,2.65728952e-04,5410.8
40970,1.505646,1.424942,2.65712142e-04,5412.0
40980,1.539452,1.487966,2.65695329e-04,5413.1
40990,1.493887,1.541609,2.65678512e-04,5414.2
41000,1.485505,1.591681,2.65661692e-04,5415.4
41010,1.484045,1.514628,2.65644869e-04,5416.7
41020,1.521178,1.406256,2.65628041e-04,5417.9
41030,1.597791,1.580227,2.65611211e-04,5419.0
41040,1.513355,1.513221,2.65594377e-04,5420.1
41050,1.409792,1.433839,2.65577539e-04,5421.2
41060,1.476487,1.441409,2.65560698e-04,5422.3
41070,1.464023,1.410576,2.65543853e-04,5423.4
41080,1.426032,1.378323,2.65527005e-04,5424.5
41090,1.409553,1.471357,2.65510153e-04,5425.7
41100,1.318534,1.460379,2.65493298e-04,5426.8
41110,1.528398,1.614444,2.65476439e-04,5427.9
41120,1.468111,1.539376,2.65459576e-04,5429.0
41130,1.404687,1.492477,2.65442711e-04,5430.2
41140,1.535114,1.576497,2.65425841e-04,5431.3
41150,1.487782,1.559127,2.65408968e-04,5432.4
41160,1.447573,1.515194,2.65392092e-04,5433.5
41170,1.455146,1.563760,2.65375212e-04,5434.6
41180,1.502011,1.565688,2.65358329e-04,5435.8
41190,1.568387,1.551813,2.65341442e-04,5436.9
41200,1.528049,1.542004,2.65324551e-04,5438.0
41210,1.477212,1.487426,2.65307658e-04,5439.1
41220,1.507226,1.386209,2.65290760e-04,5440.3
41230,1.540992,1.529772,2.65273859e-04,5441.4
41240,1.430895,1.428848,2.65256955e-04,5442.5
41250,1.447335,1.399642,2.65240047e-04,5443.7
41260,1.582332,1.459775,2.65223135e-04,5444.8
41270,1.437016,1.587940,2.65206220e-04,5445.9
41280,1.446229,1.576284,2.65189302e-04,5447.0
41290,1.434739,1.480871,2.65172380e-04,5448.1
41300,1.582305,1.456741,2.65155454e-04,5449.2
41310,1.625057,1.459562,2.65138526e-04,5450.4
41320,1.557974,1.429884,2.65121593e-04,5451.5
41330,1.523522,1.564875,2.65104657e-04,5452.6
41340,1.536911,1.538787,2.65087718e-04,5453.7
41350,1.452620,1.549364,2.65070775e-04,5454.8
41360,1.501995,1.440460,2.65053828e-04,5456.0
41370,1.545583,1.381282,2.65036878e-04,5457.1
41380,1.479677,1.574498,2.65019925e-04,5458.2
41390,1.375893,1.559912,2.65002968e-04,5459.3
41400,1.402754,1.463818,2.64986007e-04,5460.4
41410,1.428571,1.540881,2.64969043e-04,5461.5
41420,1.473298,1.397643,2.64952076e-04,5462.7
41430,1.504590,1.571429,2.64935105e-04,5463.8
41440,1.522754,1.456454,2.64918131e-04,5464.9
41450,1.615619,1.529885,2.64901153e-04,5466.0
41460,1.529656,1.490870,2.64884171e-04,5467.2
41470,1.452424,1.569144,2.64867186e-04,5468.3
41480,1.450900,1.482566,2.64850198e-04,5469.4
41490,1.410705,1.577938,2.64833206e-04,5470.5
41500,1.568199,1.426226,2.64816211e-04,5471.6
41510,1.552977,1.438673,2.64799212e-04,5473.0
41520,1.451461,1.414057,2.64782209e-04,5474.1
41530,1.458133,1.613559,2.64765203e-04,5475.2
41540,1.372743,1.482629,2.64748194e-04,5476.3
41550,1.522387,1.415892,2.64731181e-04,5477.4
41560,1.405585,1.474489,2.64714165e-04,5478.6
41570,1.471547,1.520177,2.64697145e-04,5479.7
41580,1.477796,1.648787,2.64680122e-04,5480.8
41590,1.488078,1.558607,2.64663095e-04,5481.9
41600,1.574990,1.505092,2.64646065e-04,5483.1
41610,1.482249,1.504691,2.64629031e-04,5484.2
41620,1.523200,1.535371,2.64611994e-04,5485.3
41630,1.437390,1.630113,2.64594953e-04,5486.4
41640,1.439590,1.533564,2.64577909e-04,5487.6
41650,1.555614,1.478402,2.64560861e-04,5488.7
41660,1.455345,1.515042,2.64543810e-04,5489.8
41670,1.507617,1.480714,2.64526755e-04,5490.9
41680,1.424169,1.508824,2.64509697e-04,5492.0
41690,1.417982,1.592647,2.64492635e-04,5493.2
41700,1.435731,1.414565,2.64475570e-04,5494.3
41710,1.550400,1.556736,2.64458502e-04,5495.4
41720,1.377209,1.629945,2.64441430e-04,5496.5
41730,1.459740,1.411331,2.64424354e-04,5497.7
41740,1.537691,1.468301,2.64407275e-04,5498.8
41750,1.570114,1.464024,2.64390193e-04,5499.9
41760,1.490252,1.432943,2.64373107e-04,5501.0
41770,1.532747,1.492560,2.64356017e-04,5502.1
41780,1.420623,1.469962,2.64338924e-04,5503.2
41790,1.639545,1.411793,2.64321828e-04,5504.3
41800,1.467400,1.518213,2.64304728e-04,5505.5
41810,1.424723,1.420330,2.64287625e-04,5506.6
41820,1.421098,1.547139,2.64270518e-04,5507.7
41830,1.513729,1.545052,2.64253408e-04,5508.8
41840,1.504349,1.537865,2.64236294e-04,5510.0
41850,1.427191,1.388328,2.64219177e-04,5511.1
41860,1.384439,1.441888,2.64202056e-04,5512.2
41870,1.439076,1.434747,2.64184932e-04,5513.3
41880,1.574384,1.540053,2.64167804e-04,5514.5
41890,1.431675,1.450488,2.64150673e-04,5515.6
41900,1.550274,1.601779,2.64133539e-04,5516.7
41910,1.510885,1.542875,2.64116401e-04,5517.9
41920,1.511282,1.417516,2.64099259e-04,5519.0
41930,1.558403,1.489627,2.64082114e-04,5520.1
41940,1.481684,1.550356,2.64064966e-04,5521.3
41950,1.557936,1.424181,2.64047814e-04,5522.4
41960,1.570907,1.517586,2.64030659e-04,5523.5
41970,1.513909,1.374167,2.64013500e-04,5524.6
41980,1.516070,1.568888,2.63996338e-04,5525.8
41990,1.459125,1.373155,2.63979172e-04,5526.9
42000,1.499431,1.557849,2.63962003e-04,5528.0
42010,1.465809,1.488192,2.63944830e-04,5529.3
42020,1.529884,1.412992,2.63927654e-04,5530.5
42030,1.495023,1.501170,2.63910474e-04,5531.6
42040,1.475115,1.598854,2.63893291e-04,5532.7
42050,1.442485,1.602497,2.63876105e-04,5533.8
42060,1.444383,1.519980,2.63858915e-04,5534.9
42070,1.473984,1.423146,2.63841722e-04,5536.0
42080,1.402227,1.471414,2.63824525e-04,5537.2
42090,1.479073,1.466009,2.63807324e-04,5538.3
42100,1.499971,1.598168,2.63790121e-04,5539.4
42110,1.529878,1.435498,2.63772913e-04,5540.5
42120,1.487291,1.512045,2.63755703e-04,5541.6
42130,1.490327,1.430254,2.63738489e-04,5542.7
42140,1.430945,1.687858,2.63721271e-04,5543.9
42150,1.412723,1.456467,2.63704050e-04,5545.0
42160,1.447519,1.575943,2.63686825e-04,5546.2
42170,1.475778,1.534315,2.63669597e-04,5547.3
42180,1.541709,1.436197,2.63652366e-04,5548.4
42190,1.486718,1.576337,2.63635131e-04,5549.5
42200,1.422143,1.536977,2.63617893e-04,5550.7
42210,1.491428,1.508521,2.63600651e-04,5551.8
42220,1.459853,1.551082,2.63583406e-04,5552.9
42230,1.430514,1.477976,2.63566157e-04,5554.0
42240,1.432934,1.495084,2.63548905e-04,5555.1
42250,1.477721,1.483659,2.63531650e-04,5556.2
42260,1.491056,1.481294,2.63514391e-04,5557.3
42270,1.543614,1.426642,2.63497128e-04,5558.5
42280,1.511698,1.588600,2.63479863e-04,5559.6
42290,1.465151,1.493754,2.63462593e-04,5560.7
42300,1.562959,1.551551,2.63445321e-04,5561.8
42310,1.503890,1.516133,2.63428044e-04,5562.9
42320,1.432367,1.491986,2.63410765e-04,5564.1
42330,1.429144,1.557137,2.63393482e-04,5565.2
42340,1.488952,1.380220,2.63376195e-04,5566.3
42350,1.488680,1.538981,2.63358905e-04,5567.4
42360,1.508430,1.566704,2.63341612e-04,5568.6
42370,1.485968,1.531489,2.63324315e-04,5569.7
42380,1.466980,1.603832,2.63307015e-04,5570.8
42390,1.405584,1.480174,2.63289711e-04,5571.9
42400,1.377290,1.528152,2.63272404e-04,5573.0
42410,1.449862,1.567856,2.63255093e-04,5574.1
42420,1.551084,1.431518,2.63237779e-04,5575.3
42430,1.466827,1.386596,2.63220462e-04,5576.4
42440,1.490700,1.453968,2.63203141e-04,5577.5
42450,1.551852,1.528185,2.63185817e-04,5578.6
42460,1.581206,1.524543,2.63168489e-04,5579.7
42470,1.591804,1.550586,2.63151158e-04,5580.8
42480,1.593053,1.466607,2.63133823e-04,5581.9
42490,1.537588,1.399027,2.63116485e-04,5583.1
42500,1.586103,1.513966,2.63099143e-04,5584.2
42510,1.534506,1.605890,2.63081799e-04,5585.5
42520,1.504534,1.407302,2.63064450e-04,5586.7
42530,1.524855,1.461444,2.63047098e-04,5587.8
42540,1.524861,1.564767,2.63029743e-04,5588.9
42550,1.453722,1.607093,2.63012385e-04,5590.0
42560,1.421228,1.569585,2.62995023e-04,5591.2
42570,1.467705,1.422231,2.62977657e-04,5592.3
42580,1.405636,1.545222,2.62960288e-04,5593.4
42590,1.544818,1.490177,2.62942916e-04,5594.5
42600,1.481553,1.572171,2.62925540e-04,5595.6
42610,1.547558,1.420215,2.62908161e-04,5596.7
42620,1.398535,1.523724,2.62890778e-04,5597.9
42630,1.578717,1.601626,2.62873392e-04,5599.0
42640,1.367592,1.526434,2.62856003e-04,5600.1
42650,1.474601,1.425382,2.62838610e-04,5601.2
42660,1.438670,1.592564,2.62821214e-04,5602.3
42670,1.540151,1.532786,2.62803814e-04,5603.5
42680,1.492283,1.436548,2.62786411e-04,5604.6
42690,1.504839,1.470939,2.62769004e-04,5605.7
42700,1.533516,1.443085,2.62751594e-04,5606.9
42710,1.378327,1.462461,2.62734181e-04,5608.0
42720,1.491891,1.453091,2.62716764e-04,5609.1
42730,1.425157,1.462721,2.62699344e-04,5610.3
42740,1.502046,1.410319,2.62681920e-04,5611.4
42750,1.465459,1.484196,2.62664493e-04,5612.5
42760,1.425638,1.374234,2.62647063e-04,5613.6
42770,1.484080,1.527780,2.62629629e-04,5614.7
42780,1.446511,1.397318,2.62612191e-04,5615.8
42790,1.395396,1.507964,2.62594751e-04,5616.9
42800,1.416656,1.425817,2.62577307e-04,5618.1
42810,1.503430,1.540834,2.62559859e-04,5619.2
42820,1.449410,1.574929,2.62542408e-04,5620.3
42830,1.491806,1.462050,2.62524954e-04,5621.4
42840,1.547300,1.649308,2.62507496e-04,5622.5
42850,1.485225,1.584663,2.62490035e-04,5623.7
42860,1.504736,1.480323,2.62472570e-04,5624.8
42870,1.452494,1.522004,2.62455102e-04,5625.9
42880,1.319929,1.566182,2.62437631e-04,5627.1
42890,1.461205,1.446105,2.62420156e-04,5628.2
42900,1.475854,1.516446,2.62402678e-04,5629.3
42910,1.423966,1.454953,2.62385196e-04,5630.5
42920,1.475020,1.471420,2.62367711e-04,5631.7
42930,1.469082,1.404769,2.62350223e-04,5632.8
42940,1.436919,1.407131,2.62332731e-04,5634.0
42950,1.566671,1.522662,2.62315236e-04,5635.2
42960,1.554270,1.495527,2.62297737e-04,5636.3
42970,1.461117,1.510368,2.62280235e-04,5637.5
42980,1.590191,1.481244,2.62262729e-04,5638.7
42990,1.417817,1.571442,2.62245221e-04,5639.9
43000,1.428323,1.561842,2.62227708e-04,5641.1
43010,1.456693,1.512690,2.62210193e-04,5642.4
43020,1.455252,1.534013,2.62192674e-04,5643.6
43030,1.497138,1.535393,2.62175151e-04,5644.7
43040,1.421051,1.435054,2.62157625e-04,5645.9
43050,1.438753,1.595090,2.62140096e-04,5647.0
43060,1.559352,1.493071,2.62122563e-04,5648.2
43070,1.468396,1.465427,2.62105027e-04,5649.3
43080,1.490555,1.536526,2.62087488e-04,5650.5
43090,1.538144,1.420476,2.62069945e-04,5651.6
43100,1.484237,1.457643,2.62052399e-04,5652.7
43110,1.369913,1.492107,2.62034849e-04,5653.9
43120,1.568315,1.445346,2.62017296e-04,5655.0
43130,1.370965,1.535964,2.61999740e-04,5656.1
43140,1.450646,1.530375,2.61982180e-04,5657.2
43150,1.370118,1.519127,2.61964617e-04,5658.4
43160,1.559506,1.510939,2.61947050e-04,5659.5
43170,1.646587,1.422746,2.61929480e-04,5660.6
43180,1.482263,1.541810,2.61911907e-04,5661.7
43190,1.518599,1.472331,2.61894330e-04,5662.9
43200,1.456625,1.511443,2.61876750e-04,5664.0
43210,1.613939,1.517103,2.61859166e-04,5665.1
43220,1.435886,1.464552,2.61841580e-04,5666.3
43230,1.588438,1.430304,2.61823989e-04,5667.4
43240,1.515385,1.433448,2.61806396e-04,5668.5
43250,1.533092,1.462200,2.61788798e-04,5669.6
43260,1.482614,1.456460,2.61771198e-04,5670.8
43270,1.526013,1.494199,2.61753594e-04,5671.9
43280,1.504067,1.479654,2.61735987e-04,5673.0
43290,1.677577,1.488934,2.61718376e-04,5674.1
43300,1.500411,1.604472,2.61700762e-04,5675.2
43310,1.501820,1.597448,2.61683145e-04,5676.3
43320,1.433333,1.430509,2.61665524e-04,5677.5
43330,1.455787,1.442245,2.61647900e-04,5678.6
43340,1.403850,1.516371,2.61630273e-04,5679.7
43350,1.466313,1.413088,2.61612642e-04,5680.8
43360,1.549639,1.492359,2.61595007e-04,5682.0
43370,1.459612,1.613604,2.61577370e-04,5683.1
43380,1.445895,1.472466,2.61559729e-04,5684.2
43390,1.414301,1.572351,2.61542084e-04,5685.3
43400,1.445707,1.423794,2.61524437e-04,5686.4
43410,1.506237,1.454762,2.61506785e-04,5687.6
43420,1.372418,1.483524,2.61489131e-04,5688.7
43430,1.506517,1.495845,2.61471473e-04,5689.8
43440,1.450536,1.519434,2.61453812e-04,5690.9
43450,1.635069,1.543825,2.61436147e-04,5692.1
43460,1.416482,1.498150,2.61418479e-04,5693.2
43470,1.497379,1.610988,2.61400808e-04,5694.3
43480,1.507972,1.491469,2.61383133e-04,5695.4
43490,1.432287,1.479545,2.61365455e-04,5696.5
43500,1.493382,1.537814,2.61347773e-04,5697.7
43510,1.351161,1.452289,2.61330088e-04,5699.1
43520,1.495948,1.509172,2.61312400e-04,5700.2
43530,1.372304,1.425143,2.61294709e-04,5701.3
43540,1.459099,1.458123,2.61277014e-04,5702.4
43550,1.508858,1.590836,2.61259315e-04,5703.5
43560,1.429563,1.580261,2.61241614e-04,5704.6
43570,1.463499,1.399760,2.61223908e-04,5705.8
43580,1.409949,1.409952,2.61206200e-04,5706.9
43590,1.448203,1.500870,2.61188488e-04,5708.0
43600,1.450884,1.504476,2.61170773e-04,5709.1
43610,1.399507,1.520833,2.61153055e-04,5710.3
43620,1.456126,1.397510,2.61135333e-04,5711.4
43630,1.486825,1.620938,2.61117607e-04,5712.6
43640,1.539320,1.425007,2.61099879e-04,5713.7
43650,1.514009,1.487628,2.61082147e-04,5714.8
43660,1.504660,1.507748,2.61064411e-04,5716.0
43670,1.415999,1.549443,2.61046673e-04,5717.1
43680,1.481639,1.592246,2.61028931e-04,5718.2
43690,1.340403,1.501491,2.61011185e-04,5719.3
43700,1.441914,1.488083,2.60993437e-04,5720.5
43710,1.520449,1.555307,2.60975684e-04,5721.6
43720,1.507833,1.386902,2.60957929e-04,5722.7
43730,1.605241,1.462749,2.60940170e-04,5723.9
43740,1.517796,1.528646,2.60922408e-04,5725.0
43750,1.556737,1.409036,2.60904642e-04,5726.1
43760,1.344470,1.400966,2.60886874e-04,5727.3
43770,1.460794,1.572011,2.60869101e-04,5728.4
43780,1.339445,1.441648,2.60851326e-04,5729.5
43790,1.547809,1.421445,2.60833547e-04,5730.6
43800,1.445205,1.436687,2.60815764e-04,5731.8
43810,1.391886,1.478825,2.60797979e-04,5732.9
43820,1.531484,1.577984,2.60780190e-04,5734.0
43830,1.581877,1.447329,2.60762397e-04,5735.1
43840,1.519266,1.490663,2.60744602e-04,5736.3
43850,1.622044,1.503059,2.60726803e-04,5737.4
43860,1.415880,1.480398,2.60709000e-04,5738.5
43870,1.495372,1.500529,2.60691194e-04,5739.6
43880,1.456433,1.465359,2.60673385e-04,5740.7
43890,1.535536,1.477737,2.60655573e-04,5741.9
43900,1.564091,1.406156,2.60637757e-04,5743.0
43910,1.434875,1.514157,2.60619938e-04,5744.2
43920,1.489090,1.504751,2.60602116e-04,5745.3
43930,1.423095,1.456793,2.60584290e-04,5746.4
43940,1.417658,1.574517,2.60566461e-04,5747.6
43950,1.520176,1.478703,2.60548628e-04,5748.7
43960,1.492892,1.509927,2.60530792e-04,5749.8
43970,1.471042,1.434216,2.60512953e-04,5750.9
43980,1.394526,1.578193,2.60495111e-04,5752.1
43990,1.465829,1.452481,2.60477265e-04,5753.2
44000,1.511781,1.525300,2.60459415e-04,5754.4
44010,1.464072,1.422254,2.60441563e-04,5755.7
44020,1.500821,1.557964,2.60423707e-04,5756.8
44030,1.597355,1.526702,2.60405848e-04,5757.9
44040,1.471272,1.452204,2.60387985e-04,5759.0
44050,1.470859,1.446050,2.60370119e-04,5760.2
44060,1.586261,1.526575,2.60352250e-04,5761.3
44070,1.480266,1.484886,2.60334378e-04,5762.4
44080,1.397295,1.561363,2.60316502e-04,5763.5
44090,1.581449,1.459710,2.60298623e-04,5764.7
44100,1.411864,1.527745,2.60280740e-04,5765.8
44110,1.467588,1.591981,2.60262854e-04,5766.9
44120,1.495642,1.466053,2.60244965e-04,5768.1
44130,1.523242,1.505335,2.60227072e-04,5769.2
44140,1.422017,1.515719,2.60209176e-04,5770.3
44150,1.517802,1.342481,2.60191277e-04,5771.5
44160,1.443838,1.487406,2.60173375e-04,5772.6
44170,1.492544,1.558136,2.60155469e-04,5773.7
44180,1.404154,1.440315,2.60137560e-04,5774.9
44190,1.425308,1.496727,2.60119647e-04,5776.0
44200,1.455340,1.485271,2.60101731e-04,5777.1
44210,1.433139,1.411006,2.60083812e-04,5778.3
44220,1.525535,1.494191,2.60065890e-04,5779.4
44230,1.492570,1.484743,2.60047964e-04,5780.5
44240,1.429225,1.519583,2.60030035e-04,5781.6
44250,1.374297,1.552692,2.60012102e-04,5782.7
44260,1.470245,1.526506,2.59994166e-04,5783.9
44270,1.449186,1.459371,2.59976227e-04,5785.0
44280,1.463644,1.441818,2.59958285e-04,5786.1
44290,1.425853,1.525193,2.59940339e-04,5787.2
44300,1.380982,1.465860,2.59922390e-04,5788.4
44310,1.536601,1.451375,2.59904438e-04,5789.5
44320,1.551283,1.502158,2.59886482e-04,5790.6
44330,1.460574,1.581285,2.59868523e-04,5791.8
44340,1.468426,1.435542,2.59850561e-04,5792.9
44350,1.491795,1.479768,2.59832595e-04,5794.0
44360,1.584437,1.540745,2.59814626e-04,5795.2
44370,1.526754,1.448578,2.59796654e-04,5796.3
44380,1.434069,1.550027,2.59778678e-04,5797.4
44390,1.377992,1.457533,2.59760699e-04,5798.5
44400,1.445284,1.442933,2.59742717e-04,5799.7
44410,1.327631,1.389373,2.59724731e-04,5800.8
44420,1.488264,1.362657,2.59706742e-04,5801.9
44430,1.537052,1.421449,2.59688750e-04,5803.0
44440,1.509359,1.541248,2.59670755e-04,5804.2
44450,1.549018,1.517282,2.59652756e-04,5805.3
44460,1.361396,1.518691,2.59634754e-04,5806.4
44470,1.454586,1.367139,2.59616749e-04,5807.5
44480,1.450111,1.606059,2.59598740e-04,5808.7
44490,1.516798,1.537500,2.59580728e-04,5809.8
44500,1.498007,1.445616,2.59562712e-04,5810.9
44510,1.562719,1.486603,2.59544694e-04,5812.3
44520,1.349998,1.453291,2.59526672e-04,5813.4
44530,1.549493,1.472792,2.59508647e-04,5814.5
44540,1.612233,1.485068,2.59490618e-04,5815.6
44550,1.579127,1.499695,2.59472586e-04,5816.7
44560,1.485628,1.551575,2.59454551e-04,5817.8
44570,1.350533,1.382737,2.59436512e-04,5819.0
44580,1.489434,1.347694,2.59418471e-04,5820.1
44590,1.426660,1.544882,2.59400426e-04,5821.2
44600,1.529690,1.548826,2.59382377e-04,5822.3
44610,1.526547,1.495831,2.59364326e-04,5823.4
44620,1.525318,1.443828,2.59346271e-04,5824.6
44630,1.384999,1.485586,2.59328212e-04,5825.7
44640,1.413962,1.485661,2.59310151e-04,5826.8
44650,1.504009,1.441412,2.59292086e-04,5828.0
44660,1.542377,1.411821,2.59274018e-04,5829.1
44670,1.441282,1.430538,2.59255946e-04,5830.2
44680,1.496824,1.519045,2.59237871e-04,5831.3
44690,1.424845,1.426741,2.59219793e-04,5832.5
44700,1.512714,1.429915,2.59201712e-04,5833.6
44710,1.630766,1.532081,2.59183627e-04,5834.7
44720,1.571349,1.588691,2.59165539e-04,5835.8
44730,1.586513,1.453470,2.59147448e-04,5836.9
44740,1.411555,1.587616,2.59129354e-04,5838.0
44750,1.542881,1.440287,2.59111256e-04,5839.2
44760,1.538785,1.500172,2.59093155e-04,5840.3
44770,1.339522,1.465389,2.59075050e-04,5841.4
44780,1.437959,1.422445,2.59056943e-04,5842.5
44790,1.520925,1.549682,2.59038832e-04,5843.6
44800,1.435143,1.509463,2.59020717e-04,5844.8
44810,1.425070,1.520189,2.59002600e-04,5845.9
44820,1.458785,1.473438,2.58984479e-04,5847.0
44830,1.565362,1.372188,2.58966355e-04,5848.2
44840,1.475888,1.498399,2.58948228e-04,5849.3
44850,1.412735,1.698247,2.58930097e-04,5850.4
44860,1.416639,1.409810,2.58911963e-04,5851.5
44870,1.497323,1.438654,2.58893826e-04,5852.6
44880,1.383941,1.505959,2.58875685e-04,5853.7
44890,1.472208,1.466843,2.58857541e-04,5854.9
44900,1.526551,1.507485,2.58839394e-04,5856.0
44910,1.554029,1.627622,2.58821244e-04,5857.1
44920,1.615789,1.411861,2.58803090e-04,5858.2
44930,1.413496,1.413935,2.58784933e-04,5859.3
44940,1.458629,1.415130,2.58766773e-04,5860.5
44950,1.398759,1.458559,2.58748609e-04,5861.6
44960,1.456116,1.453346,2.58730443e-04,5862.8
44970,1.531615,1.578971,2.58712272e-04,5863.9
44980,1.435796,1.496542,2.58694099e-04,5865.1
44990,1.398817,1.421693,2.58675922e-04,5866.2
45000,1.508835,1.394335,2.58657743e-04,5867.3
45010,1.376093,1.441401,2.58639559e-04,5868.6
45020,1.489256,1.552287,2.58621373e-04,5869.8
45030,1.464826,1.567696,2.58603183e-04,5870.9
45040,1.449367,1.560497,2.58584990e-04,5872.0
45050,1.411142,1.478263,2.58566794e-04,5873.1
45060,1.529017,1.516389,2.58548594e-04,5874.2
45070,1.399993,1.512665,2.58530392e-04,5875.3
45080,1.350452,1.484018,2.58512186e-04,5876.5
45090,1.469433,1.431154,2.58493976e-04,5877.6
45100,1.519841,1.454126,2.58475764e-04,5878.7
45110,1.543773,1.483796,2.58457548e-04,5879.8
45120,1.502818,1.456977,2.58439328e-04,5881.0
45130,1.428588,1.491510,2.58421106e-04,5882.1
45140,1.466365,1.452634,2.58402880e-04,5883.2
45150,1.404234,1.562521,2.58384651e-04,5884.4
45160,1.556255,1.463163,2.58366419e-04,5885.5
45170,1.487813,1.438947,2.58348184e-04,5886.6
45180,1.447042,1.547179,2.58329945e-04,5887.7
45190,1.547420,1.480774,2.58311703e-04,5888.8
45200,1.497384,1.498302,2.58293458e-04,5890.0
45210,1.398370,1.394942,2.58275209e-04,5891.1
45220,1.533747,1.435734,2.58256957e-04,5892.2
45230,1.418654,1.489783,2.58238702e-04,5893.3
45240,1.579589,1.473759,2.58220444e-04,5894.4
45250,1.472097,1.396159,2.58202182e-04,5895.5
45260,1.431953,1.515345,2.58183917e-04,5896.7
45270,1.540307,1.511634,2.58165649e-04,5897.8
45280,1.469411,1.546847,2.58147378e-04,5898.9
45290,1.521730,1.456532,2.58129103e-04,5900.0
45300,1.368711,1.524563,2.58110825e-04,5901.2
45310,1.370133,1.539677,2.58092544e-04,5902.3
45320,1.574320,1.414862,2.58074260e-04,5903.4
45330,1.376796,1.504335,2.58055972e-04,5904.5
45340,1.468623,1.527017,2.58037681e-04,5905.7
45350,1.500019,1.473879,2.58019387e-04,5906.8
45360,1.498586,1.547972,2.58001090e-04,5907.9
45370,1.405464,1.593838,2.57982789e-04,5909.0
45380,1.511112,1.480712,2.57964485e-04,5910.1
45390,1.565293,1.584440,2.57946178e-04,5911.3
45400,1.494791,1.552258,2.57927868e-04,5912.4
45410,1.443287,1.537606,2.57909554e-04,5913.5
45420,1.497958,1.488729,2.57891237e-04,5914.6
45430,1.456817,1.566619,2.57872917e-04,5915.7
45440,1.349811,1.464745,2.57854594e-04,5916.8
45450,1.473022,1.486081,2.57836267e-04,5917.9
45460,1.533508,1.496004,2.57817937e-04,5919.0
45470,1.383206,1.527153,2.57799604e-04,5920.2
45480,1.523180,1.565131,2.57781268e-04,5921.3
45490,1.488842,1.428679,2.57762928e-04,5922.5
45500,1.482841,1.386245,2.57744585e-04,5923.6
45510,1.570646,1.479579,2.57726239e-04,5924.9
45520,1.527292,1.579378,2.57707890e-04,5926.1
45530,1.484471,1.438419,2.57689537e-04,5927.3
45540,1.421919,1.542485,2.57671181e-04,5928.4
45550,1.384129,1.455675,2.57652822e-04,5929.6
45560,1.497717,1.534823,2.57634460e-04,5930.8
45570,1.479474,1.472444,2.57616094e-04,5931.9
45580,1.388864,1.412295,2.57597725e-04,5933.1
45590,1.564042,1.513036,2.57579353e-04,5934.3
45600,1.483377,1.445150,2.57560978e-04,5935.5
45610,1.526720,1.480989,2.57542599e-04,5936.6
45620,1.508576,1.504855,2.57524218e-04,5937.7
45630,1.488539,1.485684,2.57505833e-04,5938.8
45640,1.467250,1.452474,2.57487445e-04,5940.0
45650,1.508882,1.565233,2.57469053e-04,5941.1
45660,1.465491,1.504838,2.57450658e-04,5942.2
45670,1.579045,1.542283,2.57432260e-04,5943.3
45680,1.449976,1.531727,2.57413859e-04,5944.5
45690,1.474471,1.478033,2.57395455e-04,5945.6
45700,1.470269,1.438608,2.57377047e-04,5946.7
45710,1.440168,1.563480,2.57358636e-04,5947.8
45720,1.441380,1.443565,2.57340222e-04,5948.9
45730,1.518137,1.456223,2.57321805e-04,5950.0
45740,1.451928,1.402653,2.57303385e-04,5951.2
45750,1.537534,1.479682,2.57284961e-04,5952.3
45760,1.363652,1.494978,2.57266534e-04,5953.4
45770,1.493069,1.504106,2.57248104e-04,5954.5
45780,1.475915,1.465294,2.57229670e-04,5955.6
45790,1.507613,1.551777,2.57211233e-04,5956.8
45800,1.517925,1.494660,2.57192794e-04,5957.9
45810,1.587847,1.505314,2.57174350e-04,5959.1
45820,1.365829,1.515287,2.57155904e-04,5960.2
45830,1.452950,1.554462,2.57137455e-04,5961.3
45840,1.510249,1.565219,2.57119002e-04,5962.4
45850,1.507879,1.456298,2.57100546e-04,5963.6
45860,1.553872,1.461127,2.57082087e-04,5964.7
45870,1.415418,1.461161,2.57063624e-04,5965.8
45880,1.564550,1.503629,2.57045158e-04,5966.9
45890,1.503477,1.479106,2.57026690e-04,5968.0
45900,1.529668,1.425771,2.57008217e-04,5969.1
45910,1.446882,1.505099,2.56989742e-04,5970.3
45920,1.413611,1.512473,2.56971264e-04,5971.4
45930,1.563255,1.564506,2.56952782e-04,5972.5
45940,1.537853,1.568137,2.56934297e-04,5973.6
45950,1.524176,1.474341,2.56915809e-04,5974.8
45960,1.549221,1.480551,2.56897317e-04,5975.9
45970,1.400960,1.474932,2.56878823e-04,5977.0
45980,1.532698,1.495801,2.56860325e-04,5978.1
45990,1.320602,1.530470,2.56841824e-04,5979.2
46000,1.450271,1.399960,2.56823320e-04,5980.3
46010,1.534543,1.426830,2.56804812e-04,5981.7
46020,1.565247,1.589397,2.56786301e-04,5982.8
46030,1.525398,1.415553,2.56767788e-04,5983.9
46040,1.465229,1.416115,2.56749271e-04,5985.1
46050,1.464819,1.477876,2.56730750e-04,5986.2
46060,1.492965,1.404366,2.56712227e-04,5987.3
46070,1.488974,1.425467,2.56693700e-04,5988.4
46080,1.480333,1.445996,2.56675170e-04,5989.5
46090,1.559549,1.479076,2.56656637e-04,5990.7
46100,1.529175,1.495334,2.56638101e-04,5991.8
46110,1.505973,1.411892,2.56619561e-04,5993.0
46120,1.484282,1.492923,2.56601018e-04,5994.1
46130,1.563176,1.515533,2.56582472e-04,5995.2
46140,1.432591,1.510906,2.56563923e-04,5996.3
46150,1.406440,1.457873,2.56545371e-04,5997.4
46160,1.424922,1.468264,2.56526815e-04,5998.6
46170,1.455517,1.433130,2.56508257e-04,5999.7
46180,1.429724,1.475304,2.56489695e-04,6000.8
46190,1.521335,1.469077,2.56471130e-04,6001.9
46200,1.390675,1.511576,2.56452561e-04,6003.0
46210,1.528674,1.396142,2.56433990e-04,6004.1
46220,1.430677,1.517740,2.56415415e-04,6005.3
46230,1.471344,1.435414,2.56396837e-04,6006.4
46240,1.410652,1.566707,2.56378256e-04,6007.5
46250,1.533087,1.535845,2.56359672e-04,6008.6
46260,1.470830,1.491403,2.56341084e-04,6009.7
46270,1.482638,1.519145,2.56322493e-04,6010.9
46280,1.486508,1.418146,2.56303899e-04,6012.0
46290,1.535091,1.514130,2.56285302e-04,6013.1
46300,1.468837,1.365947,2.56266702e-04,6014.3
46310,1.511066,1.487538,2.56248099e-04,6015.4
46320,1.521771,1.527537,2.56229492e-04,6016.5
46330,1.544418,1.429488,2.56210882e-04,6017.6
46340,1.369751,1.497682,2.56192269e-04,6018.8
46350,1.589511,1.463629,2.56173653e-04,6019.9
46360,1.466110,1.508436,2.56155033e-04,6021.0
46370,1.558184,1.371073,2.56136411e-04,6022.1
46380,1.462054,1.491178,2.56117785e-04,6023.2
46390,1.456742,1.527881,2.56099156e-04,6024.3
46400,1.371137,1.451311,2.56080524e-04,6025.5
46410,1.367532,1.361711,2.56061888e-04,6026.6
46420,1.492770,1.571243,2.56043250e-04,6027.7
46430,1.573856,1.545021,2.56024608e-04,6028.8
46440,1.489864,1.533029,2.56005963e-04,6030.0
46450,1.485905,1.443427,2.55987315e-04,6031.1
46460,1.518183,1.600152,2.55968664e-04,6032.3
46470,1.501706,1.549365,2.55950009e-04,6033.4
46480,1.463377,1.483474,2.55931352e-04,6034.5
46490,1.464409,1.533480,2.55912691e-04,6035.6
46500,1.445286,1.499337,2.55894027e-04,6036.8
46510,1.458386,1.608710,2.55875360e-04,6038.1
46520,1.440373,1.483903,2.55856689e-04,6039.2
46530,1.456511,1.434277,2.55838016e-04,6040.3
46540,1.423234,1.484817,2.55819339e-04,6041.4
46550,1.443873,1.541087,2.55800659e-04,6042.5
46560,1.403928,1.439950,2.55781976e-04,6043.6
46570,1.458603,1.392406,2.55763290e-04,6044.7
46580,1.476021,1.438378,2.55744600e-04,6045.9
46590,1.505682,1.430956,2.55725908e-04,6047.0
46600,1.420636,1.596657,2.55707212e-04,6048.1
46610,1.399532,1.425670,2.55688513e-04,6049.2
46620,1.567073,1.421939,2.55669811e-04,6050.3
46630,1.576892,1.540232,2.55651106e-04,6051.5
46640,1.493091,1.462114,2.55632397e-04,6052.6
46650,1.467549,1.532130,2.55613686e-04,6053.7
46660,1.500590,1.471517,2.55594971e-04,6054.8
46670,1.510973,1.514423,2.55576253e-04,6055.9
46680,1.430214,1.556316,2.55557532e-04,6057.1
46690,1.462160,1.427334,2.55538808e-04,6058.2
46700,1.511930,1.455762,2.55520080e-04,6059.4
46710,1.523613,1.477175,2.55501350e-04,6060.5
46720,1.494495,1.502055,2.55482616e-04,6061.6
46730,1.500679,1.515279,2.55463879e-04,6062.7
46740,1.420588,1.515005,2.55445139e-04,6063.9
46750,1.541987,1.481157,2.55426396e-04,6065.0
46760,1.553273,1.621665,2.55407649e-04,6066.1
46770,1.404112,1.386879,2.55388900e-04,6067.2
46780,1.444839,1.425109,2.55370147e-04,6068.4
46790,1.444516,1.609115,2.55351391e-04,6069.5
46800,1.491614,1.476115,2.55332632e-04,6070.7
46810,1.488341,1.532268,2.55313870e-04,6071.8
46820,1.411106,1.488215,2.55295104e-04,6073.0
46830,1.456871,1.431694,2.55276336e-04,6074.1
46840,1.476289,1.535722,2.55257564e-04,6075.2
46850,1.404552,1.490665,2.55238789e-04,6076.4
46860,1.486607,1.498916,2.55220011e-04,6077.5
46870,1.627753,1.485200,2.55201230e-04,6078.6
46880,1.528491,1.468983,2.55182446e-04,6079.7
46890,1.402636,1.528043,2.55163658e-04,6080.9
46900,1.489957,1.629518,2.55144868e-04,6082.0
46910,1.493914,1.365975,2.55126074e-04,6083.1
46920,1.426237,1.478189,2.55107277e-04,6084.2
46930,1.566007,1.442784,2.55088477e-04,6085.3
46940,1.439801,1.578443,2.55069674e-04,6086.5
46950,1.426632,1.508258,2.55050867e-04,6087.6
46960,1.406498,1.418570,2.55032058e-04,6088.7
46970,1.556464,1.452288,2.55013245e-04,6089.8
46980,1.496550,1.573865,2.54994429e-04,6090.9
46990,1.485081,1.505516,2.54975610e-04,6092.0
47000,1.428972,1.468318,2.54956788e-04,6093.1
47010,1.510350,1.405668,2.54937963e-04,6094.4
47020,1.620855,1.530187,2.54919134e-04,6095.5
47030,1.400753,1.483942,2.54900303e-04,6096.7
47040,1.424646,1.470456,2.54881468e-04,6097.8
47050,1.463447,1.450685,2.54862630e-04,6098.9
47060,1.382789,1.441102,2.54843789e-04,6100.1
47070,1.458491,1.602889,2.54824945e-04,6101.2
47080,1.439488,1.565733,2.54806098e-04,6102.3
47090,1.480030,1.436220,2.54787247e-04,6103.4
47100,1.439002,1.476489,2.54768394e-04,6104.5
47110,1.479880,1.487844,2.54749537e-04,6105.6
47120,1.441668,1.398357,2.54730677e-04,6106.8
47130,1.445518,1.397870,2.54711814e-04,6107.9
47140,1.518988,1.522517,2.54692948e-04,6109.0
47150,1.416523,1.458307,2.54674079e-04,6110.1
47160,1.409122,1.438034,2.54655207e-04,6111.3
47170,1.428319,1.455063,2.54636331e-04,6112.4
47180,1.534473,1.575819,2.54617453e-04,6113.5
47190,1.392139,1.392465,2.54598571e-04,6114.6
47200,1.451636,1.375435,2.54579686e-04,6115.7
47210,1.537078,1.468808,2.54560798e-04,6116.9
47220,1.523314,1.467285,2.54541907e-04,6118.0
47230,1.482775,1.517770,2.54523012e-04,6119.1
47240,1.566794,1.534857,2.54504115e-04,6120.3
47250,1.510344,1.452690,2.54485214e-04,6121.4
47260,1.527216,1.451656,2.54466311e-04,6122.5
47270,1.487843,1.525855,2.54447404e-04,6123.6
47280,1.547257,1.432943,2.54428494e-04,6124.8
47290,1.336444,1.432280,2.54409581e-04,6125.9
47300,1.573762,1.459349,2.54390665e-04,6127.0
47310,1.525300,1.502771,2.54371745e-04,6128.1
47320,1.558903,1.433829,2.54352823e-04,6129.3
47330,1.412058,1.370044,2.54333897e-04,6130.4
47340,1.440453,1.570739,2.54314969e-04,6131.5
47350,1.531907,1.394267,2.54296037e-04,6132.7
47360,1.483387,1.506448,2.54277102e-04,6133.8
47370,1.480776,1.514311,2.54258164e-04,6134.9
47380,1.467410,1.502799,2.54239223e-04,6136.0
47390,1.486181,1.560555,2.54220278e-04,6137.1
47400,1.376391,1.487991,2.54201331e-04,6138.3
47410,1.448280,1.420365,2.54182380e-04,6139.4
47420,1.495187,1.382207,2.54163427e-04,6140.5
47430,1.448923,1.558192,2.54144470e-04,6141.6
47440,1.520794,1.549175,2.54125510e-04,6142.8
47450,1.459983,1.582802,2.54106547e-04,6143.9
47460,1.445626,1.545831,2.54087581e-04,6145.0
47470,1.485086,1.422740,2.54068611e-04,6146.1
47480,1.494166,1.475552,2.54049639e-04,6147.3
47490,1.391350,1.603977,2.54030664e-04,6148.4
47500,1.450041,1.538620,2.54011685e-04,6149.5
47510,1.412963,1.564456,2.53992703e-04,6150.8
47520,1.562553,1.406272,2.53973719e-04,6152.0
47530,1.515276,1.383681,2.53954731e-04,6153.1
47540,1.407547,1.401695,2.53935740e-04,6154.2
47550,1.622569,1.606225,2.53916745e-04,6155.3
47560,1.485049,1.436944,2.53897748e-04,6156.5
47570,1.484183,1.442624,2.53878748e-04,6157.6
47580,1.510264,1.490156,2.53859744e-04,6158.7
47590,1.532890,1.447432,2.53840738e-04,6159.8
47600,1.608578,1.512584,2.53821728e-04,6160.9
47610,1.399829,1.519723,2.53802715e-04,6162.0
47620,1.420494,1.584306,2.53783699e-04,6163.1
47630,1.507209,1.514902,2.53764680e-04,6164.2
47640,1.511048,1.546961,2.53745658e-04,6165.4
47650,1.613326,1.520176,2.53726633e-04,6166.5
47660,1.452632,1.466455,2.53707605e-04,6167.6
47670,1.466789,1.459830,2.53688573e-04,6168.7
47680,1.420099,1.460432,2.53669539e-04,6169.9
47690,1.496522,1.505008,2.53650501e-04,6171.0
47700,1.475687,1.417789,2.53631460e-04,6172.1
47710,1.419905,1.509652,2.53612417e-04,6173.2
47720,1.526079,1.526352,2.53593370e-04,6174.4
47730,1.488202,1.434893,2.53574320e-04,6175.5
47740,1.532071,1.496475,2.53555266e-04,6176.6
47750,1.396906,1.416036,2.53536210e-04,6177.7
47760,1.398080,1.435293,2.53517151e-04,6178.8
47770,1.483340,1.336550,2.53498089e-04,6179.9
47780,1.454365,1.494902,2.53479023e-04,6181.0
47790,1.329069,1.501405,2.53459954e-04,6182.1
47800,1.480446,1.547488,2.53440883e-04,6183.3
47810,1.543491,1.484399,2.53421808e-04,6184.4
47820,1.559078,1.464509,2.53402730e-04,6185.5
47830,1.454118,1.428210,2.53383649e-04,6186.6
47840,1.429175,1.422234,2.53364565e-04,6187.7
47850,1.545006,1.468658,2.53345478e-04,6188.8
47860,1.526235,1.492308,2.53326388e-04,6189.9
47870,1.494682,1.459508,2.53307294e-04,6191.0
47880,1.455795,1.454302,2.53288198e-04,6192.1
47890,1.415535,1.484900,2.53269099e-04,6193.2
47900,1.376290,1.399249,2.53249996e-04,6194.3
47910,1.507481,1.519025,2.53230890e-04,6195.4
47920,1.392005,1.509224,2.53211782e-04,6196.5
47930,1.547568,1.465044,2.53192670e-04,6197.7
47940,1.508500,1.390587,2.53173555e-04,6198.8
47950,1.397532,1.416187,2.53154437e-04,6199.9
47960,1.376692,1.425406,2.53135316e-04,6201.0
47970,1.491207,1.520359,2.53116192e-04,6202.2
47980,1.378226,1.370945,2.53097064e-04,6203.3
47990,1.634054,1.416814,2.53077934e-04,6204.4
48000,1.447850,1.509360,2.53058801e-04,6205.5
48010,1.447069,1.395172,2.53039664e-04,6206.8
48020,1.420463,1.437400,2.53020524e-04,6207.9
48030,1.422548,1.354737,2.53001382e-04,6209.0
48040,1.377492,1.445182,2.52982236e-04,6210.2
48050,1.591085,1.602696,2.52963087e-04,6211.3
48060,1.341656,1.520550,2.52943935e-04,6212.4
48070,1.568305,1.499821,2.52924780e-04,6213.5
48080,1.530470,1.388884,2.52905622e-04,6214.6
48090,1.497507,1.593916,2.52886461e-04,6215.7
48100,1.490259,1.452371,2.52867297e-04,6216.8
48110,1.469784,1.543353,2.52848130e-04,6217.9
48120,1.501754,1.496911,2.52828960e-04,6219.1
48130,1.505836,1.450004,2.52809786e-04,6220.2
48140,1.474431,1.470965,2.52790610e-04,6221.3
48150,1.479597,1.585517,2.52771430e-04,6222.4
48160,1.560537,1.522609,2.52752248e-04,6223.5
48170,1.515274,1.485307,2.52733062e-04,6224.6
48180,1.378175,1.447185,2.52713873e-04,6225.7
48190,1.451470,1.448164,2.52694681e-04,6226.8
48200,1.528819,1.472780,2.52675487e-04,6228.0
48210,1.474424,1.543832,2.52656289e-04,6229.1
48220,1.464462,1.470293,2.52637088e-04,6230.2
48230,1.379665,1.499942,2.52617884e-04,6231.3
48240,1.590164,1.477697,2.52598676e-04,6232.4
48250,1.458384,1.468493,2.52579466e-04,6233.5
48260,1.433106,1.548141,2.52560253e-04,6234.6
48270,1.519610,1.541461,2.52541037e-04,6235.7
48280,1.512960,1.463768,2.52521817e-04,6236.8
48290,1.413278,1.457989,2.52502595e-04,6238.0
48300,1.435529,1.471817,2.52483369e-04,6239.0
48310,1.519650,1.535236,2.52464141e-04,6240.1
48320,1.439348,1.445526,2.52444909e-04,6241.2
48330,1.608354,1.431033,2.52425674e-04,6242.4
48340,1.446023,1.481909,2.52406437e-04,6243.5
48350,1.530441,1.621606,2.52387196e-04,6244.6
48360,1.509313,1.445278,2.52367952e-04,6245.7
48370,1.416446,1.468511,2.52348705e-04,6246.8
48380,1.536889,1.513013,2.52329455e-04,6247.9
48390,1.450617,1.481468,2.52310202e-04,6249.0
48400,1.454249,1.489434,2.52290946e-04,6250.2
48410,1.416817,1.599649,2.52271687e-04,6251.3
48420,1.522419,1.401713,2.52252425e-04,6252.5
48430,1.540585,1.432701,2.52233160e-04,6253.6
48440,1.455884,1.422312,2.52213891e-04,6254.8
48450,1.357954,1.515725,2.52194620e-04,6255.9
48460,1.522776,1.520344,2.52175346e-04,6257.0
48470,1.532521,1.425509,2.52156068e-04,6258.1
48480,1.523040,1.379500,2.52136788e-04,6259.3
48490,1.486419,1.520268,2.52117504e-04,6260.4
48500,1.464344,1.474946,2.52098218e-04,6261.5
48510,1.601086,1.459259,2.52078928e-04,6262.9
48520,1.563915,1.540677,2.52059636e-04,6264.0
48530,1.627547,1.519032,2.52040340e-04,6265.1
48540,1.448368,1.356096,2.52021041e-04,6266.2
48550,1.446712,1.398383,2.52001739e-04,6267.4
48560,1.476279,1.428718,2.51982435e-04,6268.5
48570,1.366596,1.448884,2.51963127e-04,6269.6
48580,1.518700,1.492227,2.51943816e-04,6270.7
48590,1.529212,1.394046,2.51924502e-04,6271.8
48600,1.404256,1.462008,2.51905185e-04,6272.9
48610,1.363182,1.548816,2.51885865e-04,6274.0
48620,1.374673,1.527629,2.51866542e-04,6275.2
48630,1.441321,1.417225,2.51847216e-04,6276.3
48640,1.380788,1.406034,2.51827887e-04,6277.4
48650,1.512926,1.487428,2.51808554e-04,6278.5
48660,1.520333,1.556474,2.51789219e-04,6279.6
48670,1.538387,1.406638,2.51769881e-04,6280.7
48680,1.433638,1.428855,2.51750540e-04,6281.8
48690,1.463190,1.402530,2.51731195e-04,6282.9
48700,1.464041,1.508326,2.51711848e-04,6284.1
48710,1.468618,1.460134,2.51692498e-04,6285.2
48720,1.439579,1.460878,2.51673144e-04,6286.3
48730,1.452742,1.391346,2.51653788e-04,6287.4
48740,1.455485,1.512630,2.51634428e-04,6288.5
48750,1.482876,1.438864,2.51615066e-04,6289.6
48760,1.448243,1.458084,2.51595700e-04,6290.7
48770,1.444250,1.562631,2.51576332e-04,6291.8
48780,1.487096,1.379487,2.51556960e-04,6293.0
48790,1.559248,1.531920,2.51537586e-04,6294.1
48800,1.346863,1.455257,2.51518208e-04,6295.2
48810,1.459796,1.477113,2.51498827e-04,6296.3
48820,1.484196,1.464927,2.51479444e-04,6297.4
48830,1.462094,1.500384,2.51460057e-04,6298.5
48840,1.461408,1.473326,2.51440667e-04,6299.6
48850,1.400129,1.367884,2.51421274e-04,6300.7
48860,1.512120,1.417019,2.51401879e-04,6301.8
48870,1.475297,1.496381,2.51382480e-04,6303.0
48880,1.511068,1.478640,2.51363078e-04,6304.1
48890,1.490115,1.445738,2.51343673e-04,6305.2
48900,1.445178,1.408963,2.51324265e-04,6306.3
48910,1.479846,1.476152,2.51304854e-04,6307.4
48920,1.424866,1.470533,2.51285440e-04,6308.5
48930,1.572881,1.511222,2.51266024e-04,6309.6
48940,1.477460,1.561844,2.51246604e-04,6310.7
48950,1.448895,1.538003,2.51227181e-04,6311.8
48960,1.466819,1.481256,2.51207755e-04,6312.9
48970,1.437079,1.500850,2.51188326e-04,6314.0
48980,1.351751,1.579845,2.51168894e-04,6315.2
48990,1.556379,1.429033,2.51149459e-04,6316.3
49000,1.565860,1.548307,2.51130021e-04,6317.4
49010,1.444892,1.405205,2.51110580e-04,6318.7
49020,1.438940,1.438671,2.51091136e-04,6319.8
49030,1.489951,1.434040,2.51071689e-04,6320.9
49040,1.403682,1.481445,2.51052239e-04,6322.0
49050,1.439059,1.549964,2.51032786e-04,6323.2
49060,1.510523,1.547158,2.51013329e-04,6324.3
49070,1.413305,1.461891,2.50993870e-04,6325.4
49080,1.508906,1.520000,2.50974408e-04,6326.5
49090,1.490992,1.389791,2.50954943e-04,6327.6
49100,1.529311,1.650860,2.50935475e-04,6328.7
49110,1.477222,1.434926,2.50916004e-04,6329.8
49120,1.378961,1.439428,2.50896530e-04,6330.9
49130,1.487546,1.467916,2.50877053e-04,6332.0
49140,1.525510,1.517442,2.50857573e-04,6333.2
49150,1.418599,1.483851,2.50838090e-04,6334.3
49160,1.509528,1.531511,2.50818603e-04,6335.4
49170,1.509878,1.407271,2.50799114e-04,6336.6
49180,1.371749,1.488059,2.50779622e-04,6337.7
49190,1.390111,1.410635,2.50760127e-04,6338.8
49200,1.462559,1.450090,2.50740629e-04,6339.9
49210,1.487320,1.525316,2.50721128e-04,6341.0
49220,1.503826,1.506473,2.50701624e-04,6342.2
49230,1.534874,1.471693,2.50682117e-04,6343.3
49240,1.436594,1.433514,2.50662606e-04,6344.4
49250,1.534114,1.421812,2.50643093e-04,6345.5
49260,1.450052,1.535594,2.50623577e-04,6346.7
49270,1.531567,1.455909,2.50604058e-04,6347.8
49280,1.358027,1.541381,2.50584536e-04,6348.9
49290,1.464433,1.426167,2.50565011e-04,6350.0
49300,1.440923,1.469773,2.50545483e-04,6351.1
49310,1.412653,1.475629,2.50525952e-04,6352.3
49320,1.459564,1.420736,2.50506418e-04,6353.4
49330,1.499123,1.539433,2.50486881e-04,6354.5
49340,1.585128,1.561982,2.50467341e-04,6355.6
49350,1.438400,1.527906,2.50447798e-04,6356.8
49360,1.554193,1.440918,2.50428252e-04,6357.9
49370,1.534048,1.408089,2.50408703e-04,6359.0
49380,1.453685,1.435186,2.50389151e-04,6360.1
49390,1.372273,1.503714,2.50369596e-04,6361.2
49400,1.582885,1.420457,2.50350038e-04,6362.3
49410,1.534307,1.504453,2.50330477e-04,6363.4
49420,1.547372,1.522603,2.50310913e-04,6364.6
49430,1.427103,1.552283,2.50291346e-04,6365.7
49440,1.527208,1.496610,2.50271776e-04,6366.8
49450,1.467726,1.510721,2.50252203e-04,6367.9
49460,1.358634,1.435339,2.50232627e-04,6369.0
49470,1.532807,1.439192,2.50213049e-04,6370.2
49480,1.412459,1.462295,2.50193467e-04,6371.3
49490,1.358709,1.413289,2.50173882e-04,6372.4
49500,1.423521,1.461244,2.50154294e-04,6373.5
49510,1.490141,1.539695,2.50134703e-04,6374.8
49520,1.501011,1.503761,2.50115110e-04,6376.0
49530,1.481225,1.548803,2.50095513e-04,6377.1
49540,1.430668,1.502714,2.50075913e-04,6378.2
49550,1.414010,1.501030,2.50056311e-04,6379.3
49560,1.462085,1.502038,2.50036705e-04,6380.5
49570,1.443668,1.539201,2.50017096e-04,6381.6
49580,1.416337,1.520805,2.49997485e-04,6382.7
49590,1.507242,1.485587,2.49977870e-04,6383.9
49600,1.484727,1.579260,2.49958253e-04,6385.0
49610,1.491597,1.380010,2.49938632e-04,6386.1
49620,1.471629,1.501532,2.49919009e-04,6387.2
49630,1.542585,1.445056,2.49899382e-04,6388.3
49640,1.374654,1.481148,2.49879753e-04,6389.4
49650,1.419035,1.417075,2.49860121e-04,6390.5
49660,1.400848,1.504877,2.49840485e-04,6391.7
49670,1.431805,1.487543,2.49820847e-04,6392.8
49680,1.467613,1.503460,2.49801206e-04,6393.9
49690,1.560817,1.404465,2.49781562e-04,6395.0
49700,1.438506,1.444770,2.49761914e-04,6396.1
49710,1.458359,1.482057,2.49742264e-04,6397.2
49720,1.350609,1.481947,2.49722611e-04,6398.3
49730,1.390901,1.568952,2.49702955e-04,6399.4
49740,1.418025,1.461314,2.49683296e-04,6400.5
49750,1.434511,1.528590,2.49663634e-04,6401.7
49760,1.435246,1.447203,2.49643969e-04,6402.8
49770,1.396460,1.338075,2.49624301e-04,6403.9
49780,1.403402,1.434921,2.49604630e-04,6405.0
49790,1.417524,1.452708,2.49584956e-04,6406.1
49800,1.454221,1.646526,2.49565279e-04,6407.3
49810,1.525080,1.442362,2.49545600e-04,6408.4
49820,1.620689,1.443845,2.49525917e-04,6409.5
49830,1.424786,1.503022,2.49506231e-04,6410.6
49840,1.450776,1.585693,2.49486543e-04,6411.7
49850,1.517545,1.473389,2.49466851e-04,6412.8
49860,1.442439,1.406127,2.49447157e-04,6414.0
49870,1.406386,1.528243,2.49427459e-04,6415.1
49880,1.653761,1.513097,2.49407759e-04,6416.2
49890,1.529583,1.470197,2.49388055e-04,6417.3
49900,1.476608,1.383364,2.49368349e-04,6418.4
49910,1.484473,1.559597,2.49348640e-04,6419.6
49920,1.543072,1.435219,2.49328927e-04,6420.7
49930,1.490725,1.415452,2.49309212e-04,6421.8
49940,1.429088,1.548558,2.49289494e-04,6422.9
49950,1.395930,1.443644,2.49269773e-04,6424.0
49960,1.574358,1.527679,2.49250049e-04,6425.1
49970,1.350288,1.481071,2.49230322e-04,6426.3
49980,1.447015,1.557415,2.49210592e-04,6427.4
49990,1.526341,1.402565,2.49190859e-04,6428.5
50000,1.407740,1.470468,2.49171123e-04,6429.6
50010,1.518718,1.472476,2.49151384e-04,6430.9
50020,1.417153,1.459460,2.49131643e-04,6432.0
50030,1.549787,1.482727,2.49111898e-04,6433.1
50040,1.454726,1.430073,2.49092151e-04,6434.2
50050,1.502423,1.530377,2.49072400e-04,6435.3
50060,1.439752,1.567019,2.49052647e-04,6436.4
50070,1.469524,1.435791,2.49032890e-04,6437.5
50080,1.528608,1.396533,2.49013131e-04,6438.7
50090,1.399745,1.431066,2.48993369e-04,6439.8
50100,1.637227,1.492560,2.48973603e-04,6440.9
50110,1.379009,1.385661,2.48953835e-04,6442.0
50120,1.506448,1.459226,2.48934064e-04,6443.2
50130,1.438359,1.495869,2.48914290e-04,6444.3
50140,1.501022,1.483378,2.48894513e-04,6445.4
50150,1.487749,1.445738,2.48874733e-04,6446.5
50160,1.450118,1.460956,2.48854950e-04,6447.6
50170,1.403759,1.410690,2.48835165e-04,6448.7
50180,1.505100,1.589034,2.48815376e-04,6449.8
50190,1.432506,1.507609,2.48795584e-04,6451.0
50200,1.355781,1.421468,2.48775790e-04,6452.1
50210,1.512463,1.497480,2.48755992e-04,6453.2
50220,1.499028,1.403409,2.48736192e-04,6454.3
50230,1.391367,1.559444,2.48716388e-04,6455.4
50240,1.486235,1.446921,2.48696582e-04,6456.6
50250,1.549895,1.496161,2.48676773e-04,6457.7
50260,1.449363,1.420470,2.48656961e-04,6458.8
50270,1.548050,1.522095,2.48637146e-04,6459.9
50280,1.576768,1.482679,2.48617328e-04,6461.0
50290,1.448483,1.558451,2.48597507e-04,6462.1
50300,1.508377,1.549639,2.48577683e-04,6463.2
50310,1.514306,1.601317,2.48557856e-04,6464.4
50320,1.333418,1.517358,2.48538027e-04,6465.5
50330,1.467382,1.517506,2.48518194e-04,6466.6
50340,1.522647,1.519856,2.48498359e-04,6467.7
50350,1.468231,1.483644,2.48478520e-04,6468.8
50360,1.508021,1.487255,2.48458679e-04,6469.9
50370,1.483387,1.475232,2.48438835e-04,6471.1
50380,1.449142,1.418858,2.48418987e-04,6472.2
50390,1.398659,1.454430,2.48399137e-04,6473.3
50400,1.369778,1.392818,2.48379284e-04,6474.4
50410,1.389174,1.478139,2.48359428e-04,6475.5
50420,1.492857,1.479973,2.48339570e-04,6476.7
50430,1.431385,1.388145,2.48319708e-04,6477.8
50440,1.628378,1.459135,2.48299843e-04,6478.9
50450,1.364648,1.445784,2.48279976e-04,6480.0
50460,1.455872,1.429751,2.48260105e-04,6481.1
50470,1.604445,1.419343,2.48240232e-04,6482.2
50480,1.552944,1.478203,2.48220355e-04,6483.3
50490,1.325219,1.476305,2.48200476e-04,6484.4
50500,1.420259,1.545324,2.48180594e-04,6485.6
50510,1.398513,1.429950,2.48160709e-04,6486.9
50520,1.450781,1.507896,2.48140821e-04,6488.0
50530,1.509299,1.506245,2.48120930e-04,6489.1
50540,1.445588,1.539183,2.48101036e-04,6490.2
50550,1.424762,1.519525,2.48081140e-04,6491.3
50560,1.395326,1.498711,2.48061240e-04,6492.4
50570,1.442047,1.511259,2.48041338e-04,6493.5
50580,1.466219,1.480949,2.48021432e-04,6494.6
50590,1.567054,1.487273,2.48001524e-04,6495.7
50600,1.550990,1.491435,2.47981613e-04,6496.9
50610,1.627028,1.462045,2.47961699e-04,6498.0
50620,1.473017,1.405195,2.47941782e-04,6499.1
50630,1.418796,1.532103,2.47921862e-04,6500.2
50640,1.463718,1.385395,2.47901939e-04,6501.3
50650,1.352076,1.484427,2.47882013e-04,6502.4
50660,1.577760,1.432016,2.47862085e-04,6503.5
50670,1.478381,1.497212,2.47842153e-04,6504.6
50680,1.529016,1.428103,2.47822219e-04,6505.7
50690,1.388185,1.538415,2.47802281e-04,6506.9
50700,1.436911,1.684541,2.47782341e-04,6508.0
50710,1.468039,1.387899,2.47762398e-04,6509.1
50720,1.525660,1.542242,2.47742452e-04,6510.2
50730,1.416335,1.457140,2.47722503e-04,6511.3
50740,1.393494,1.413787,2.47702552e-04,6512.4
50750,1.487444,1.469411,2.47682597e-04,6513.6
50760,1.441887,1.458324,2.47662639e-04,6514.7
50770,1.358702,1.358324,2.47642679e-04,6515.8
50780,1.461550,1.475494,2.47622716e-04,6516.9
50790,1.404759,1.514277,2.47602749e-04,6518.1
50800,1.549597,1.427628,2.47582780e-04,6519.2
50810,1.587876,1.539279,2.47562808e-04,6520.3
50820,1.569900,1.441325,2.47542834e-04,6521.4
50830,1.457635,1.470258,2.47522856e-04,6522.5
50840,1.489815,1.480350,2.47502875e-04,6523.6
50850,1.370667,1.429386,2.47482892e-04,6524.8
50860,1.469728,1.538688,2.47462905e-04,6525.9
50870,1.475504,1.472314,2.47442916e-04,6527.0
50880,1.451757,1.416372,2.47422924e-04,6528.1
50890,1.378594,1.507417,2.47402929e-04,6529.2
50900,1.461570,1.495465,2.47382931e-04,6530.4
50910,1.539405,1.494704,2.47362930e-04,6531.5
50920,1.408682,1.579548,2.47342926e-04,6532.6
50930,1.474121,1.499716,2.47322920e-04,6533.7
50940,1.425658,1.437639,2.47302910e-04,6534.8
50950,1.477818,1.524429,2.47282898e-04,6536.0
50960,1.400122,1.501096,2.47262883e-04,6537.1
50970,1.558188,1.479249,2.47242864e-04,6538.2
50980,1.468503,1.579408,2.47222843e-04,6539.3
50990,1.479481,1.544523,2.47202820e-04,6540.4
51000,1.449558,1.323663,2.47182793e-04,6541.6
51010,1.435019,1.430194,2.47162763e-04,6542.9
51020,1.531756,1.486399,2.47142731e-04,6544.0
51030,1.526871,1.398749,2.47122696e-04,6545.1
51040,1.411217,1.519529,2.47102657e-04,6546.2
51050,1.430849,1.450878,2.47082616e-04,6547.3
51060,1.399514,1.476112,2.47062572e-04,6548.5
51070,1.434015,1.391268,2.47042525e-04,6549.6
51080,1.468983,1.540671,2.47022476e-04,6550.7
51090,1.507781,1.389950,2.47002423e-04,6551.8
51100,1.400352,1.468015,2.46982368e-04,6553.0
51110,1.460109,1.443912,2.46962309e-04,6554.1
51120,1.526902,1.501527,2.46942248e-04,6555.2
51130,1.537803,1.383848,2.46922184e-04,6556.3
51140,1.525700,1.488588,2.46902117e-04,6557.4
51150,1.488837,1.439103,2.46882048e-04,6558.5
51160,1.444185,1.482928,2.46861975e-04,6559.7
51170,1.518086,1.430503,2.46841900e-04,6560.8
51180,1.428724,1.485587,2.46821821e-04,6561.9
51190,1.444977,1.485130,2.46801740e-04,6563.0
51200,1.496370,1.409307,2.46781656e-04,6564.1
51210,1.397310,1.437508,2.46761569e-04,6565.3
51220,1.441598,1.472362,2.46741479e-04,6566.4
51230,1.349025,1.463291,2.46721387e-04,6567.5
51240,1.420720,1.588397,2.46701291e-04,6568.6
51250,1.458467,1.468206,2.46681193e-04,6569.7
51260,1.436503,1.412292,2.46661091e-04,6570.8
51270,1.503024,1.432041,2.46640987e-04,6572.0
51280,1.409184,1.316915,2.46620881e-04,6573.1
51290,1.347312,1.522932,2.46600771e-04,6574.2
51300,1.471170,1.321507,2.46580658e-04,6575.3
51310,1.450616,1.510278,2.46560543e-04,6576.5
51320,1.422699,1.515316,2.46540424e-04,6577.6
51330,1.457103,1.502981,2.46520303e-04,6578.7
51340,1.461681,1.445667,2.46500179e-04,6579.8
51350,1.449811,1.469270,2.46480052e-04,6581.0
51360,1.484835,1.517214,2.46459922e-04,6582.1
51370,1.602421,1.420196,2.46439790e-04,6583.2
51380,1.466126,1.499291,2.46419654e-04,6584.4
51390,1.480278,1.451435,2.46399516e-04,6585.5
51400,1.563669,1.400479,2.46379375e-04,6586.6
51410,1.422207,1.523302,2.46359231e-04,6587.8
51420,1.496113,1.458053,2.46339084e-04,6588.9
51430,1.440572,1.360251,2.46318935e-04,6590.0
51440,1.506532,1.446746,2.46298782e-04,6591.2
51450,1.377560,1.482419,2.46278627e-04,6592.3
51460,1.484118,1.484913,2.46258468e-04,6593.4
51470,1.534367,1.438387,2.46238307e-04,6594.6
51480,1.504631,1.520923,2.46218144e-04,6595.7
51490,1.506151,1.438195,2.46197977e-04,6596.8
51500,1.485633,1.501802,2.46177807e-04,6598.0
51510,1.480993,1.405957,2.46157635e-04,6599.3
51520,1.498327,1.485053,2.46137460e-04,6600.5
51530,1.542146,1.489127,2.46117282e-04,6601.6
51540,1.446473,1.583838,2.46097101e-04,6602.7
51550,1.454640,1.555360,2.46076917e-04,6603.8
51560,1.409208,1.524773,2.46056730e-04,6605.0
51570,1.483863,1.441969,2.46036541e-04,6606.1
51580,1.574870,1.445065,2.46016349e-04,6607.2
51590,1.405789,1.531536,2.45996154e-04,6608.3
51600,1.485704,1.510003,2.45975956e-04,6609.4
51610,1.419229,1.468870,2.45955755e-04,6610.5
51620,1.457334,1.469437,2.45935551e-04,6611.6
51630,1.501644,1.326998,2.45915345e-04,6612.8
51640,1.480466,1.495542,2.45895136e-04,6613.9
51650,1.370155,1.568717,2.45874924e-04,6615.0
51660,1.457925,1.431818,2.45854709e-04,6616.1
51670,1.490850,1.533131,2.45834491e-04,6617.3
51680,1.454907,1.441754,2.45814271e-04,6618.4
51690,1.534021,1.542552,2.45794047e-04,6619.6
51700,1.479166,1.430499,2.45773821e-04,6620.7
51710,1.432969,1.512861,2.45753592e-04,6621.8
51720,1.462782,1.498539,2.45733360e-04,6622.9
51730,1.497915,1.380957,2.45713126e-04,6624.1
51740,1.512751,1.464813,2.45692888e-04,6625.2
51750,1.446127,1.409991,2.45672648e-04,6626.3
51760,1.432231,1.585455,2.45652405e-04,6627.4
51770,1.460753,1.505635,2.45632159e-04,6628.6
51780,1.502435,1.437874,2.45611910e-04,6629.7
51790,1.473407,1.491992,2.45591658e-04,6630.8
51800,1.451799,1.423183,2.45571404e-04,6631.9
51810,1.382682,1.464034,2.45551147e-04,6633.0
51820,1.533841,1.458099,2.45530887e-04,6634.1
51830,1.414342,1.370026,2.45510624e-04,6635.3
51840,1.367195,1.418770,2.45490358e-04,6636.4
51850,1.370942,1.528117,2.45470090e-04,6637.5
51860,1.521651,1.403921,2.45449818e-04,6638.6
51870,1.547477,1.443775,2.45429544e-04,6639.8
51880,1.443701,1.509073,2.45409267e-04,6640.9
51890,1.436284,1.453154,2.45388988e-04,6642.0
51900,1.553990,1.384857,2.45368705e-04,6643.1
51910,1.533208,1.500913,2.45348420e-04,6644.2
51920,1.536639,1.513020,2.45328131e-04,6645.3
51930,1.461184,1.430294,2.45307840e-04,6646.4
51940,1.396677,1.413518,2.45287547e-04,6647.6
51950,1.473537,1.444274,2.45267250e-04,6648.7
51960,1.561880,1.448268,2.45246951e-04,6649.8
51970,1.456263,1.499697,2.45226649e-04,6650.9
51980,1.472559,1.441773,2.45206343e-04,6652.0
51990,1.354710,1.507401,2.45186036e-04,6653.1
52000,1.484693,1.422587,2.45165725e-04,6654.2
52010,1.374143,1.459556,2.45145412e-04,6655.5
52020,1.401736,1.584898,2.45125095e-04,6656.6
52030,1.436592,1.354795,2.45104776e-04,6657.7
52040,1.594451,1.462731,2.45084455e-04,6658.8
52050,1.415131,1.423967,2.45064130e-04,6659.9
52060,1.504754,1.474912,2.45043802e-04,6661.0
52070,1.419818,1.454274,2.45023472e-04,6662.1
52080,1.475835,1.434685,2.45003139e-04,6663.2
52090,1.587063,1.601786,2.44982803e-04,6664.3
52100,1.437473,1.530724,2.44962465e-04,6665.4
52110,1.350616,1.431813,2.44942123e-04,6666.6
52120,1.405327,1.496353,2.44921779e-04,6667.7
52130,1.550299,1.441996,2.44901432e-04,6668.8
52140,1.588462,1.409062,2.44881082e-04,6669.9
52150,1.399295,1.559143,2.44860730e-04,6671.0
52160,1.462624,1.420419,2.44840374e-04,6672.1
52170,1.515555,1.520683,2.44820016e-04,6673.2
52180,1.552329,1.463132,2.44799655e-04,6674.3
52190,1.434462,1.473526,2.44779291e-04,6675.4
52200,1.476806,1.542186,2.44758925e-04,6676.5
52210,1.436783,1.484725,2.44738556e-04,6677.7
52220,1.273359,1.422694,2.44718183e-04,6678.8
52230,1.453927,1.440070,2.44697808e-04,6679.9
52240,1.503960,1.404133,2.44677431e-04,6681.0
52250,1.427912,1.468195,2.44657050e-04,6682.1
52260,1.469241,1.437780,2.44636667e-04,6683.2
52270,1.440533,1.430315,2.44616281e-04,6684.3
52280,1.524858,1.578943,2.44595892e-04,6685.4
52290,1.491533,1.541916,2.44575500e-04,6686.6
52300,1.419700,1.522115,2.44555106e-04,6687.7
52310,1.395755,1.529104,2.44534709e-04,6688.8
52320,1.537460,1.490780,2.44514309e-04,6689.9
52330,1.477456,1.440262,2.44493906e-04,6691.0
52340,1.502535,1.493729,2.44473501e-04,6692.1
52350,1.443123,1.439354,2.44453092e-04,6693.2
52360,1.418930,1.449620,2.44432681e-04,6694.3
52370,1.461419,1.487112,2.44412267e-04,6695.5
52380,1.535894,1.550342,2.44391851e-04,6696.6
52390,1.453314,1.469044,2.44371431e-04,6697.7
52400,1.477872,1.475551,2.44351009e-04,6698.8
52410,1.490506,1.525090,2.44330584e-04,6699.9
52420,1.498030,1.551996,2.44310156e-04,6701.0
52430,1.474561,1.553627,2.44289726e-04,6702.1
52440,1.483496,1.533412,2.44269293e-04,6703.2
52450,1.504168,1.546882,2.44248856e-04,6704.3
52460,1.511596,1.521609,2.44228418e-04,6705.4
52470,1.413153,1.434804,2.44207976e-04,6706.6
52480,1.530336,1.486569,2.44187532e-04,6707.7
52490,1.468168,1.401488,2.44167084e-04,6708.8
52500,1.542978,1.490780,2.44146635e-04,6709.9
52510,1.472536,1.607482,2.44126182e-04,6711.2
52520,1.410970,1.500519,2.44105726e-04,6712.3
52530,1.430863,1.505902,2.44085268e-04,6713.4
52540,1.436876,1.509104,2.44064807e-04,6714.5
52550,1.435713,1.505385,2.44044344e-04,6715.7
52560,1.399039,1.513481,2.44023877e-04,6716.8
52570,1.562156,1.401873,2.44003408e-04,6717.9
52580,1.390329,1.485365,2.43982936e-04,6719.0
52590,1.530633,1.579506,2.43962461e-04,6720.1
52600,1.543221,1.454582,2.43941983e-04,6721.2
52610,1.486914,1.554351,2.43921503e-04,6722.3
52620,1.434289,1.422099,2.43901020e-04,6723.4
52630,1.438283,1.454059,2.43880534e-04,6724.5
52640,1.508379,1.457218,2.43860045e-04,6725.6
52650,1.378263,1.495360,2.43839554e-04,6726.7
52660,1.454541,1.477827,2.43819060e-04,6727.9
52670,1.469355,1.368410,2.43798563e-04,6729.0
52680,1.510581,1.524579,2.43778064e-04,6730.1
52690,1.454298,1.571562,2.43757561e-04,6731.2
52700,1.406079,1.508566,2.43737056e-04,6732.3
52710,1.482127,1.486680,2.43716548e-04,6733.4
52720,1.433891,1.470712,2.43696037e-04,6734.5
52730,1.427194,1.580398,2.43675524e-04,6735.6
52740,1.310954,1.465301,2.43655008e-04,6736.7
52750,1.388771,1.523569,2.43634489e-04,6737.8
52760,1.471162,1.440281,2.43613967e-04,6739.0
52770,1.394186,1.513429,2.43593443e-04,6740.1
52780,1.481745,1.388141,2.43572916e-04,6741.2
52790,1.471780,1.376202,2.43552386e-04,6742.3
52800,1.410753,1.411530,2.43531853e-04,6743.4
52810,1.489818,1.527539,2.43511318e-04,6744.5
52820,1.450460,1.525097,2.43490780e-04,6745.6
52830,1.455744,1.449935,2.43470239e-04,6746.7
52840,1.367286,1.389457,2.43449695e-04,6747.9
52850,1.479563,1.430470,2.43429149e-04,6749.0
52860,1.422330,1.380243,2.43408600e-04,6750.1
52870,1.498253,1.395545,2.43388048e-04,6751.2
52880,1.562898,1.579355,2.43367494e-04,6752.3
52890,1.567271,1.511855,2.43346936e-04,6753.4
52900,1.448388,1.447963,2.43326376e-04,6754.5
52910,1.533916,1.459706,2.43305813e-04,6755.6
52920,1.360338,1.523404,2.43285248e-04,6756.7
52930,1.354293,1.477672,2.43264680e-04,6757.9
52940,1.425049,1.359172,2.43244109e-04,6759.0
52950,1.436644,1.446748,2.43223535e-04,6760.1
52960,1.449947,1.423387,2.43202958e-04,6761.2
52970,1.484201,1.514197,2.43182379e-04,6762.3
52980,1.514746,1.462032,2.43161797e-04,6763.4
52990,1.418418,1.445600,2.43141212e-04,6764.5
53000,1.523010,1.525218,2.43120625e-04,6765.6
53010,1.500720,1.375064,2.43100035e-04,6766.9
53020,1.396725,1.488898,2.43079442e-04,6768.1
53030,1.487198,1.471802,2.43058846e-04,6769.2
53040,1.453479,1.550505,2.43038248e-04,6770.3
53050,1.467063,1.453576,2.43017647e-04,6771.4
53060,1.432853,1.440347,2.42997043e-04,6772.5
53070,1.462399,1.467311,2.42976437e-04,6773.6
53080,1.483603,1.457520,2.42955827e-04,6774.7
53090,1.464159,1.471753,2.42935215e-04,6775.9
53100,1.458273,1.490365,2.42914601e-04,6777.0
53110,1.455533,1.512340,2.42893983e-04,6778.1
53120,1.468896,1.462985,2.42873363e-04,6779.2
53130,1.527913,1.541925,2.42852740e-04,6780.3
53140,1.458342,1.447361,2.42832115e-04,6781.4
53150,1.444773,1.501018,2.42811486e-04,6782.5
53160,1.433019,1.489111,2.42790855e-04,6783.7
53170,1.460179,1.443320,2.42770221e-04,6784.8
53180,1.491659,1.445131,2.42749585e-04,6785.9
53190,1.512276,1.417420,2.42728946e-04,6787.0
53200,1.528325,1.431620,2.42708304e-04,6788.1
53210,1.545303,1.399188,2.42687659e-04,6789.2
53220,1.520518,1.411687,2.42667012e-04,6790.3
53230,1.429976,1.387829,2.42646362e-04,6791.4
53240,1.447315,1.545668,2.42625709e-04,6792.6
53250,1.575437,1.433390,2.42605054e-04,6793.7
53260,1.489821,1.516897,2.42584395e-04,6794.8
53270,1.515788,1.482531,2.42563734e-04,6795.9
53280,1.484520,1.421217,2.42543071e-04,6797.0
53290,1.473852,1.480447,2.42522404e-04,6798.1
53300,1.447967,1.417806,2.42501735e-04,6799.2
53310,1.351997,1.542785,2.42481064e-04,6800.3
53320,1.377110,1.419908,2.42460389e-04,6801.4
53330,1.545012,1.456028,2.42439712e-04,6802.5
53340,1.328711,1.503573,2.42419032e-04,6803.7
53350,1.572839,1.484994,2.42398349e-04,6804.8
53360,1.407763,1.486561,2.42377664e-04,6805.9
53370,1.446892,1.508392,2.42356976e-04,6807.0
53380,1.458871,1.453884,2.42336285e-04,6808.1
53390,1.580097,1.545994,2.42315592e-04,6809.2
53400,1.344048,1.444233,2.42294896e-04,6810.4
53410,1.453001,1.473677,2.42274197e-04,6811.5
53420,1.464792,1.458495,2.42253495e-04,6812.6
53430,1.402488,1.492621,2.42232791e-04,6813.7
53440,1.484679,1.451411,2.42212084e-04,6814.8
53450,1.444218,1.431055,2.42191375e-04,6816.0
53460,1.483899,1.507376,2.42170662e-04,6817.1
53470,1.443529,1.421329,2.42149947e-04,6818.2
53480,1.473886,1.402319,2.42129230e-04,6819.3
53490,1.468900,1.549001,2.42108509e-04,6820.4
53500,1.463491,1.490558,2.42087786e-04,6821.6
53510,1.357113,1.474205,2.42067060e-04,6822.9
53520,1.457740,1.401745,2.42046332e-04,6824.0
53530,1.419605,1.580569,2.42025600e-04,6825.1
53540,1.410144,1.454756,2.42004867e-04,6826.2
53550,1.486239,1.502562,2.41984130e-04,6827.3
53560,1.428271,1.493128,2.41963391e-04,6828.5
53570,1.423710,1.397910,2.41942649e-04,6829.6
53580,1.442251,1.495013,2.41921904e-04,6830.7
53590,1.453152,1.504806,2.41901157e-04,6831.9
53600,1.421784,1.458680,2.41880407e-04,6833.0
53610,1.511304,1.430947,2.41859654e-04,6834.1
53620,1.380151,1.352516,2.41838898e-04,6835.2
53630,1.467350,1.511398,2.41818140e-04,6836.3
53640,1.488116,1.433898,2.41797380e-04,6837.4
53650,1.476542,1.450874,2.41776616e-04,6838.6
53660,1.549526,1.463027,2.41755850e-04,6839.7
53670,1.470591,1.376727,2.41735081e-04,6840.8
53680,1.399179,1.481521,2.41714309e-04,6841.9
53690,1.401795,1.417130,2.41693535e-04,6843.1
53700,1.433392,1.570829,2.41672758e-04,6844.2
53710,1.459376,1.481185,2.41651979e-04,6845.3
53720,1.526821,1.342158,2.41631196e-04,6846.4
53730,1.511028,1.571581,2.41610412e-04,6847.5
53740,1.426735,1.432528,2.41589624e-04,6848.6
53750,1.454709,1.404645,2.41568834e-04,6849.7
53760,1.555144,1.454118,2.41548041e-04,6850.9
53770,1.488090,1.435740,2.41527245e-04,6852.0
53780,1.562080,1.470017,2.41506447e-04,6853.1
53790,1.476261,1.468344,2.41485646e-04,6854.3
53800,1.474995,1.556145,2.41464842e-04,6855.4
53810,1.564924,1.481994,2.41444036e-04,6856.5
53820,1.431922,1.414116,2.41423227e-04,6857.6
53830,1.351296,1.392560,2.41402415e-04,6858.7
53840,1.506524,1.509893,2.41381601e-04,6859.9
53850,1.511866,1.458924,2.41360783e-04,6861.0
53860,1.519953,1.354269,2.41339964e-04,6862.2
53870,1.462294,1.470545,2.41319141e-04,6863.3
53880,1.524882,1.500035,2.41298316e-04,6864.4
53890,1.392537,1.456717,2.41277489e-04,6865.5
53900,1.516855,1.512623,2.41256658e-04,6866.6
53910,1.551555,1.529048,2.41235825e-04,6867.8
53920,1.487077,1.466273,2.41214989e-04,6868.9
53930,1.507884,1.474348,2.41194151e-04,6870.0
53940,1.421059,1.455645,2.41173310e-04,6871.1
53950,1.431479,1.509424,2.41152466e-04,6872.2
53960,1.451252,1.443695,2.41131620e-04,6873.4
53970,1.463993,1.512447,2.41110771e-04,6874.5
53980,1.406651,1.499243,2.41089919e-04,6875.6
53990,1.395414,1.496497,2.41069065e-04,6876.7
54000,1.561315,1.425819,2.41048208e-04,6877.8
54010,1.480569,1.321484,2.41027348e-04,6879.1
54020,1.484004,1.501009,2.41006486e-04,6880.2
54030,1.372226,1.465367,2.40985621e-04,6881.3
54040,1.377256,1.381975,2.40964753e-04,6882.4
54050,1.364392,1.336405,2.40943883e-04,6883.5
54060,1.418222,1.419772,2.40923010e-04,6884.6
54070,1.427810,1.444203,2.40902134e-04,6885.7
54080,1.614698,1.444683,2.40881256e-04,6886.9
54090,1.560542,1.575433,2.40860375e-04,6888.0
54100,1.519080,1.399652,2.40839492e-04,6889.1
54110,1.334377,1.459254,2.40818605e-04,6890.2
54120,1.511097,1.410863,2.40797716e-04,6891.3
54130,1.468428,1.414450,2.40776825e-04,6892.4
54140,1.540144,1.552144,2.40755931e-04,6893.5
54150,1.441067,1.475009,2.40735034e-04,6894.7
54160,1.463273,1.439079,2.40714134e-04,6895.8
54170,1.410741,1.456829,2.40693232e-04,6896.9
54180,1.453114,1.383393,2.40672327e-04,6898.0
54190,1.419401,1.380780,2.40651420e-04,6899.1
54200,1.476896,1.477058,2.40630510e-04,6900.2
54210,1.439767,1.471157,2.40609597e-04,6901.4
54220,1.411236,1.510443,2.40588682e-04,6902.5
54230,1.494127,1.491202,2.40567764e-04,6903.6
54240,1.396828,1.519059,2.40546843e-04,6904.7
54250,1.443241,1.443466,2.40525920e-04,6905.8
54260,1.539287,1.399771,2.40504994e-04,6906.9
54270,1.475103,1.506141,2.40484065e-04,6908.0
54280,1.547109,1.483842,2.40463134e-04,6909.1
54290,1.429284,1.372456,2.40442200e-04,6910.2
54300,1.467825,1.378402,2.40421264e-04,6911.4
54310,1.528152,1.537939,2.40400325e-04,6912.5
54320,1.471969,1.393689,2.40379383e-04,6913.6
54330,1.445136,1.531281,2.40358439e-04,6914.8
54340,1.529532,1.397576,2.40337492e-04,6915.9
54350,1.431827,1.384958,2.40316542e-04,6917.0
54360,1.474496,1.463286,2.40295590e-04,6918.1
54370,1.517857,1.499055,2.40274635e-04,6919.2
54380,1.568951,1.491683,2.40253677e-04,6920.3
54390,1.441673,1.546749,2.40232717e-04,6921.4
54400,1.441786,1.553237,2.40211754e-04,6922.5
54410,1.356902,1.456205,2.40190789e-04,6923.6
54420,1.412127,1.496312,2.40169821e-04,6924.8
54430,1.441797,1.386806,2.40148850e-04,6925.9
54440,1.520279,1.561473,2.40127877e-04,6927.0
54450,1.533539,1.539133,2.40106901e-04,6928.1
54460,1.573839,1.509422,2.40085922e-04,6929.2
54470,1.509444,1.453331,2.40064941e-04,6930.3
54480,1.370239,1.381075,2.40043957e-04,6931.5
54490,1.541956,1.331414,2.40022971e-04,6932.6
54500,1.421033,1.547000,2.40001981e-04,6933.7
54510,1.456975,1.550133,2.39980990e-04,6935.0
54520,1.377858,1.437556,2.39959995e-04,6936.1
54530,1.505492,1.476003,2.39938998e-04,6937.2
54540,1.453202,1.527818,2.39917999e-04,6938.3
54550,1.409002,1.554419,2.39896997e-04,6939.4
54560,1.460724,1.571046,2.39875992e-04,6940.6
54570,1.518429,1.486227,2.39854984e-04,6941.7
54580,1.348051,1.445282,2.39833974e-04,6942.8
54590,1.400727,1.527265,2.39812962e-04,6943.9
54600,1.443142,1.473108,2.39791946e-04,6945.0
54610,1.451135,1.502405,2.39770929e-04,6946.1
54620,1.533975,1.351020,2.39749908e-04,6947.3
54630,1.497368,1.534977,2.39728885e-04,6948.4
54640,1.522746,1.438234,2.39707859e-04,6949.5
54650,1.473288,1.459877,2.39686831e-04,6950.6
54660,1.483429,1.436499,2.39665800e-04,6951.7
54670,1.390337,1.393582,2.39644766e-04,6952.8
54680,1.446137,1.499355,2.39623730e-04,6953.9
54690,1.416087,1.521307,2.39602691e-04,6955.0
54700,1.481184,1.529243,2.39581650e-04,6956.1
54710,1.450920,1.472912,2.39560606e-04,6957.2
54720,1.480237,1.440298,2.39539559e-04,6958.4
54730,1.556989,1.492085,2.39518510e-04,6959.5
54740,1.446823,1.474868,2.39497458e-04,6960.5
54750,1.434261,1.528509,2.39476404e-04,6961.7
54760,1.486194,1.504616,2.39455347e-04,6962.8
54770,1.510633,1.405033,2.39434287e-04,6963.9
54780,1.431757,1.444728,2.39413225e-04,6965.0
54790,1.377850,1.339048,2.39392160e-04,6966.1
54800,1.409163,1.507321,2.39371092e-04,6967.2
54810,1.404544,1.411707,2.39350022e-04,6968.3
54820,1.405637,1.464968,2.39328950e-04,6969.4
54830,1.421346,1.433599,2.39307875e-04,6970.5
54840,1.376542,1.493908,2.39286797e-04,6971.6
54850,1.455330,1.380026,2.39265716e-04,6972.7
54860,1.578989,1.554391,2.39244633e-04,6973.8
54870,1.561353,1.399405,2.39223548e-04,6975.0
54880,1.374663,1.479293,2.39202459e-04,6976.1
54890,1.502500,1.479236,2.39181368e-04,6977.2
54900,1.352129,1.670607,2.39160275e-04,6978.4
54910,1.364921,1.354452,2.39139179e-04,6979.5
54920,1.406831,1.440101,2.39118080e-04,6980.6
54930,1.417411,1.507991,2.39096979e-04,6981.7
54940,1.461096,1.467983,2.39075875e-04,6982.8
54950,1.484892,1.422144,2.39054769e-04,6983.9
54960,1.523740,1.480981,2.39033660e-04,6985.0
54970,1.459521,1.382596,2.39012549e-04,6986.1
54980,1.498872,1.439927,2.38991434e-04,6987.2
54990,1.489240,1.507494,2.38970318e-04,6988.4
55000,1.389362,1.373910,2.38949198e-04,6989.7
55010,1.524656,1.505739,2.38928076e-04,6991.3
55020,1.391305,1.415898,2.38906952e-04,6992.4
55030,1.380989,1.550632,2.38885825e-04,6993.5
55040,1.436870,1.451319,2.38864695e-04,6994.6
55050,1.474592,1.591335,2.38843563e-04,6995.8
55060,1.398365,1.460045,2.38822428e-04,6996.9
55070,1.604768,1.547289,2.38801291e-04,6998.0
55080,1.468367,1.481018,2.38780151e-04,6999.1
55090,1.470766,1.419308,2.38759008e-04,7000.2
55100,1.534763,1.387257,2.38737863e-04,7001.4
55110,1.482117,1.471508,2.38716715e-04,7002.5
55120,1.295530,1.434263,2.38695565e-04,7003.6
55130,1.449242,1.496938,2.38674412e-04,7004.7
55140,1.435423,1.392254,2.38653257e-04,7005.9
55150,1.486493,1.554597,2.38632099e-04,7007.0
55160,1.434079,1.434097,2.38610938e-04,7008.1
55170,1.410606,1.582993,2.38589775e-04,7009.3
55180,1.488836,1.442755,2.38568609e-04,7010.4
55190,1.603903,1.464902,2.38547441e-04,7011.5
55200,1.393225,1.442968,2.38526270e-04,7012.6
55210,1.546026,1.378884,2.38505096e-04,7013.7
55220,1.529889,1.413635,2.38483920e-04,7014.8
55230,1.423704,1.382090,2.38462742e-04,7016.0
55240,1.486995,1.425758,2.38441560e-04,7017.1
55250,1.386377,1.533885,2.38420377e-04,7018.2
55260,1.521093,1.505741,2.38399190e-04,7019.3
55270,1.416314,1.515424,2.38378001e-04,7020.4
55280,1.476768,1.372997,2.38356810e-04,7021.5
55290,1.367094,1.468668,2.38335616e-04,7022.6
55300,1.430485,1.517680,2.38314419e-04,7023.8
55310,1.436789,1.385259,2.38293220e-04,7024.9
55320,1.457719,1.411657,2.38272019e-04,7026.0
55330,1.479327,1.470198,2.38250814e-04,7027.1
55340,1.397119,1.496192,2.38229607e-04,7028.2
55350,1.394745,1.496271,2.38208398e-04,7029.3
55360,1.502694,1.368876,2.38187186e-04,7030.4
55370,1.471900,1.532836,2.38165972e-04,7031.5
55380,1.510249,1.518669,2.38144755e-04,7032.7
55390,1.294648,1.505912,2.38123535e-04,7033.8
55400,1.411832,1.451503,2.38102313e-04,7034.9
55410,1.573077,1.351037,2.38081088e-04,7036.0
55420,1.426123,1.483470,2.38059861e-04,7037.1
55430,1.451823,1.493830,2.38038631e-04,7038.2
55440,1.617025,1.456807,2.38017398e-04,7039.3
55450,1.524189,1.488418,2.37996163e-04,7040.4
55460,1.474936,1.456401,2.37974926e-04,7041.5
55470,1.482292,1.566057,2.37953686e-04,7042.6
55480,1.439176,1.474683,2.37932443e-04,7043.8
55490,1.499246,1.460094,2.37911198e-04,7044.8
55500,1.442278,1.399370,2.37889950e-04,7046.0
55510,1.447813,1.445485,2.37868700e-04,7047.3
55520,1.391509,1.328235,2.37847447e-04,7048.4
55530,1.367431,1.428882,2.37826192e-04,7049.5
55540,1.426338,1.491485,2.37804934e-04,7050.6
55550,1.506114,1.456337,2.37783674e-04,7051.7
55560,1.431462,1.343716,2.37762411e-04,7052.8
55570,1.478762,1.399306,2.37741145e-04,7053.9
55580,1.387964,1.307333,2.37719877e-04,7055.1
55590,1.540087,1.454741,2.37698606e-04,7056.2
55600,1.549334,1.503185,2.37677333e-04,7057.3
55610,1.505322,1.470254,2.37656057e-04,7058.4
55620,1.526730,1.469894,2.37634779e-04,7059.5
55630,1.501956,1.451172,2.37613498e-04,7060.6
55640,1.451700,1.582683,2.37592215e-04,7061.8
55650,1.422147,1.497213,2.37570929e-04,7062.9
55660,1.411225,1.443011,2.37549641e-04,7064.0
55670,1.550261,1.448362,2.37528350e-04,7065.1
55680,1.444580,1.461188,2.37507056e-04,7066.2
55690,1.484134,1.361796,2.37485760e-04,7067.3
55700,1.426577,1.365696,2.37464462e-04,7068.4
55710,1.460924,1.473115,2.37443161e-04,7069.6
55720,1.424217,1.519247,2.37421857e-04,7070.7
55730,1.449382,1.520800,2.37400551e-04,7071.8
55740,1.454768,1.493954,2.37379242e-04,7072.9
55750,1.449928,1.460227,2.37357931e-04,7074.0
55760,1.439957,1.465645,2.37336617e-04,7075.2
55770,1.470916,1.516989,2.37315301e-04,7076.3
55780,1.419972,1.439256,2.37293982e-04,7077.4
55790,1.346891,1.523770,2.37272661e-04,7078.5
55800,1.583087,1.435958,2.37251337e-04,7079.6
55810,1.452103,1.512347,2.37230011e-04,7080.7
55820,1.513762,1.510326,2.37208682e-04,7081.9
55830,1.488249,1.540104,2.37187350e-04,7083.0
55840,1.328059,1.416703,2.37166016e-04,7084.1
55850,1.375001,1.399530,2.37144680e-04,7085.3
55860,1.447218,1.505710,2.37123341e-04,7086.4
55870,1.438810,1.623872,2.37101999e-04,7087.5
55880,1.490502,1.417467,2.37080655e-04,7088.6
55890,1.435323,1.457960,2.37059309e-04,7089.8
55900,1.497630,1.395793,2.37037960e-04,7090.9
55910,1.430106,1.493996,2.37016608e-04,7092.0
55920,1.407571,1.336157,2.36995254e-04,7093.1
55930,1.452564,1.436252,2.36973897e-04,7094.3
55940,1.438652,1.485323,2.36952538e-04,7095.4
55950,1.519683,1.534330,2.36931176e-04,7096.5
55960,1.512774,1.515835,2.36909812e-04,7097.6
55970,1.533031,1.427619,2.36888446e-04,7098.8
55980,1.386516,1.538506,2.36867076e-04,7099.9
55990,1.471399,1.528918,2.36845705e-04,7101.0
56000,1.344249,1.431560,2.36824330e-04,7102.1
56010,1.439384,1.650392,2.36802954e-04,7103.4
56020,1.498852,1.475734,2.36781574e-04,7104.5
56030,1.476258,1.442782,2.36760193e-04,7105.7
56040,1.463910,1.479346,2.36738808e-04,7106.8
56050,1.495265,1.650760,2.36717421e-04,7107.9
56060,1.467176,1.479670,2.36696032e-04,7109.0
56070,1.405352,1.335661,2.36674640e-04,7110.1
56080,1.557357,1.518159,2.36653246e-04,7111.3
56090,1.366183,1.541430,2.36631849e-04,7112.4
56100,1.365237,1.433260,2.36610450e-04,7113.6
56110,1.433548,1.419491,2.36589048e-04,7114.7
56120,1.518078,1.495316,2.36567644e-04,7115.8
56130,1.486805,1.448534,2.36546237e-04,7116.9
56140,1.618186,1.446574,2.36524827e-04,7118.0
56150,1.357446,1.447596,2.36503416e-04,7119.1
56160,1.453344,1.465103,2.36482001e-04,7120.2
56170,1.582484,1.463265,2.36460584e-04,7121.3
56180,1.389592,1.494367,2.36439165e-04,7122.4
56190,1.555811,1.443525,2.36417743e-04,7123.5
56200,1.466600,1.369136,2.36396319e-04,7124.6
56210,1.467639,1.449044,2.36374892e-04,7125.8
56220,1.423558,1.501261,2.36353463e-04,7126.9
56230,1.473850,1.486204,2.36332031e-04,7128.0
56240,1.492058,1.437688,2.36310597e-04,7129.1
56250,1.460583,1.470422,2.36289160e-04,7130.2
56260,1.523033,1.432937,2.36267721e-04,7131.3
56270,1.498883,1.453624,2.36246279e-04,7132.4
56280,1.451993,1.480203,2.36224834e-04,7133.5
56290,1.435762,1.388234,2.36203388e-04,7134.6
56300,1.523543,1.451925,2.36181938e-04,7135.7
56310,1.414067,1.507841,2.36160487e-04,7136.8
56320,1.363361,1.480189,2.36139032e-04,7137.9
56330,1.420994,1.587833,2.36117576e-04,7139.1
56340,1.437325,1.379863,2.36096116e-04,7140.2
56350,1.482922,1.481618,2.36074655e-04,7141.3
56360,1.466007,1.465819,2.36053191e-04,7142.4
56370,1.373833,1.510245,2.36031724e-04,7143.5
56380,1.518696,1.412229,2.36010255e-04,7144.6
56390,1.574999,1.502674,2.35988783e-04,7145.7
56400,1.398323,1.346919,2.35967309e-04,7146.8
56410,1.395431,1.484172,2.35945832e-04,7148.0
56420,1.449964,1.516669,2.35924353e-04,7149.1
56430,1.466505,1.458825,2.35902872e-04,7150.2
56440,1.456834,1.507109,2.35881388e-04,7151.3
56450,1.538542,1.431168,2.35859901e-04,7152.4
56460,1.467902,1.424460,2.35838412e-04,7153.5
56470,1.405531,1.509662,2.35816921e-04,7154.6
56480,1.589060,1.475367,2.35795427e-04,7155.7
56490,1.513547,1.315749,2.35773930e-04,7156.8
56500,1.432735,1.407338,2.35752431e-04,7157.9
56510,1.416641,1.487737,2.35730930e-04,7159.2
56520,1.420135,1.472104,2.35709426e-04,7160.3
56530,1.454382,1.446873,2.35687920e-04,7161.5
56540,1.415661,1.440625,2.35666411e-04,7162.6
56550,1.410264,1.541221,2.35644900e-04,7163.7
56560,1.466523,1.452545,2.35623386e-04,7164.8
56570,1.481412,1.503137,2.35601870e-04,7165.9
56580,1.354726,1.449890,2.35580351e-04,7167.1
56590,1.475123,1.452052,2.35558830e-04,7168.2
56600,1.369803,1.421201,2.35537306e-04,7169.3
56610,1.396344,1.461193,2.35515780e-04,7170.4
56620,1.476924,1.395965,2.35494252e-04,7171.5
56630,1.525439,1.483954,2.35472721e-04,7172.6
56640,1.461879,1.452879,2.35451187e-04,7173.7
56650,1.552593,1.547878,2.35429651e-04,7174.8
56660,1.441915,1.403202,2.35408113e-04,7175.9
56670,1.412805,1.495649,2.35386572e-04,7177.1
56680,1.354292,1.512882,2.35365029e-04,7178.2
56690,1.449464,1.425396,2.35343483e-04,7179.3
56700,1.440197,1.527277,2.35321935e-04,7180.4
56710,1.509979,1.283916,2.35300384e-04,7181.5
56720,1.425576,1.365221,2.35278831e-04,7182.6
56730,1.511807,1.371611,2.35257275e-04,7183.7
56740,1.473801,1.442189,2.35235717e-04,7184.8
56750,1.314363,1.581907,2.35214156e-04,7186.0
56760,1.478649,1.648669,2.35192593e-04,7187.1
56770,1.584484,1.503212,2.35171028e-04,7188.2
56780,1.460490,1.454606,2.35149460e-04,7189.3
56790,1.501491,1.454833,2.35127890e-04,7190.4
56800,1.439480,1.409808,2.35106317e-04,7191.5
56810,1.482853,1.419874,2.35084742e-04,7192.6
56820,1.425817,1.475570,2.35063164e-04,7193.7
56830,1.415935,1.455306,2.35041584e-04,7194.8
56840,1.378885,1.386797,2.35020001e-04,7195.9
56850,1.540689,1.498188,2.34998416e-04,7197.1
56860,1.457819,1.400484,2.34976829e-04,7198.2
56870,1.492086,1.400479,2.34955239e-04,7199.3
56880,1.497494,1.494966,2.34933646e-04,7200.4
56890,1.403584,1.554921,2.34912051e-04,7201.5
56900,1.430029,1.412146,2.34890454e-04,7202.6
56910,1.472384,1.544940,2.34868854e-04,7203.7
56920,1.517263,1.442312,2.34847252e-04,7204.8
56930,1.492955,1.460323,2.34825648e-04,7206.0
56940,1.403746,1.519709,2.34804041e-04,7207.1
56950,1.450395,1.452037,2.34782431e-04,7208.3
56960,1.395807,1.388481,2.34760819e-04,7209.5
56970,1.479265,1.395966,2.34739205e-04,7210.6
56980,1.461908,1.524397,2.34717588e-04,7211.7
56990,1.387269,1.444037,2.34695969e-04,7212.9
57000,1.528772,1.536987,2.34674347e-04,7214.0
57010,1.477997,1.454163,2.34652723e-04,7215.5
57020,1.619530,1.436422,2.34631096e-04,7216.6
57030,1.495932,1.542774,2.34609467e-04,7217.8
57040,1.434844,1.428576,2.34587836e-04,7218.9
57050,1.400781,1.508763,2.34566202e-04,7220.0
57060,1.539327,1.389482,2.34544566e-04,7221.1
57070,1.483538,1.527330,2.34522927e-04,7222.3
57080,1.464018,1.460625,2.34501286e-04,7223.4
57090,1.393437,1.401193,2.34479642e-04,7224.5
57100,1.400135,1.512591,2.34457996e-04,7225.6
57110,1.392098,1.433636,2.34436348e-04,7226.8
57120,1.398126,1.458985,2.34414697e-04,7227.9
57130,1.460316,1.395623,2.34393044e-04,7229.0
57140,1.479727,1.361032,2.34371388e-04,7230.1
57150,1.418721,1.431739,2.34349730e-04,7231.3
57160,1.402487,1.433152,2.34328069e-04,7232.4
57170,1.398085,1.564811,2.34306406e-04,7233.5
57180,1.550171,1.463748,2.34284741e-04,7234.6
57190,1.534953,1.372116,2.34263073e-04,7235.8
57200,1.500473,1.480891,2.34241402e-04,7237.0
57210,1.502517,1.459365,2.34219730e-04,7238.1
57220,1.458402,1.394970,2.34198055e-04,7239.2
57230,1.400858,1.375739,2.34176377e-04,7240.4
57240,1.453521,1.456774,2.34154697e-04,7241.6
57250,1.395270,1.555360,2.34133015e-04,7242.8
57260,1.480648,1.537440,2.34111330e-04,7244.1
57270,1.409229,1.551406,2.34089643e-04,7245.4
57280,1.414528,1.480829,2.34067953e-04,7246.7
57290,1.474916,1.430722,2.34046261e-04,7248.0
57300,1.500075,1.412827,2.34024567e-04,7249.4
57310,1.365023,1.464130,2.34002870e-04,7250.8
57320,1.376425,1.408371,2.33981170e-04,7252.2
57330,1.527694,1.487927,2.33959469e-04,7253.6
57340,1.454595,1.497840,2.33937765e-04,7255.1
57350,1.543454,1.504036,2.33916058e-04,7256.6
57360,1.416401,1.474132,2.33894349e-04,7258.1
57370,1.497117,1.377337,2.33872638e-04,7259.6
57380,1.426035,1.493804,2.33850924e-04,7261.0
57390,1.458296,1.459635,2.33829208e-04,7262.5
57400,1.464831,1.381735,2.33807489e-04,7264.0
57410,1.413179,1.514899,2.33785768e-04,7265.5
57420,1.408546,1.449035,2.33764045e-04,7267.0
57430,1.494857,1.386225,2.33742319e-04,7268.4
57440,1.539078,1.365039,2.33720591e-04,7269.7
57450,1.423025,1.587803,2.33698861e-04,7270.9
57460,1.487959,1.562197,2.33677128e-04,7272.1
57470,1.420905,1.489185,2.33655392e-04,7273.3
57480,1.447305,1.490471,2.33633654e-04,7274.6
57490,1.545166,1.546957,2.33611914e-04,7275.8
57500,1.370543,1.433745,2.33590172e-04,7277.0
57510,1.443900,1.382664,2.33568427e-04,7278.5
57520,1.535105,1.407276,2.33546679e-04,7279.7
57530,1.370347,1.488361,2.33524929e-04,7280.9
57540,1.404296,1.407710,2.33503177e-04,7282.1
57550,1.480147,1.430461,2.33481423e-04,7283.3
57560,1.459548,1.510714,2.33459666e-04,7284.5
57570,1.409729,1.460096,2.33437906e-04,7285.7
57580,1.441161,1.541470,2.33416145e-04,7286.9
57590,1.458740,1.544080,2.33394380e-04,7288.2
57600,1.340374,1.374635,2.33372614e-04,7289.4
57610,1.431077,1.484249,2.33350845e-04,7290.8
57620,1.438830,1.379188,2.33329074e-04,7292.0
57630,1.405693,1.504203,2.33307300e-04,7293.2
57640,1.363238,1.454428,2.33285524e-04,7294.5
57650,1.465299,1.451636,2.33263745e-04,7295.8
57660,1.505671,1.404148,2.33241965e-04,7297.0
57670,1.416828,1.465626,2.33220181e-04,7298.2
57680,1.411453,1.421623,2.33198396e-04,7299.4
57690,1.491361,1.374012,2.33176608e-04,7300.7
57700,1.399228,1.565576,2.33154817e-04,7301.9
57710,1.459915,1.478426,2.33133024e-04,7303.1
57720,1.406374,1.351053,2.33111229e-04,7304.3
57730,1.428087,1.418703,2.33089432e-04,7305.5
57740,1.428972,1.416529,2.33067632e-04,7306.7
57750,1.410908,1.460414,2.33045829e-04,7307.9
57760,1.382331,1.484282,2.33024025e-04,7309.2
57770,1.477987,1.535196,2.33002218e-04,7310.4
57780,1.454987,1.439861,2.32980408e-04,7311.9
57790,1.591092,1.347207,2.32958596e-04,7313.4
57800,1.439211,1.490976,2.32936782e-04,7314.9
57810,1.545367,1.480890,2.32914966e-04,7316.4
57820,1.448613,1.406718,2.32893147e-04,7317.8
57830,1.540192,1.364767,2.32871325e-04,7319.3
57840,1.451861,1.321913,2.32849502e-04,7320.8
57850,1.345600,1.383084,2.32827675e-04,7322.3
57860,1.550998,1.467877,2.32805847e-04,7323.8
57870,1.371414,1.464952,2.32784016e-04,7325.2
57880,1.402237,1.540192,2.32762183e-04,7326.7
57890,1.424951,1.488765,2.32740347e-04,7328.2
57900,1.494166,1.449015,2.32718509e-04,7329.6
57910,1.519197,1.379516,2.32696669e-04,7331.1
57920,1.398771,1.430988,2.32674826e-04,7332.6
57930,1.467453,1.412264,2.32652981e-04,7334.1
57940,1.410668,1.492646,2.32631134e-04,7335.6
57950,1.453276,1.468433,2.32609284e-04,7337.1
57960,1.467193,1.515376,2.32587432e-04,7338.6
57970,1.463920,1.451902,2.32565578e-04,7340.1
57980,1.513718,1.490206,2.32543721e-04,7341.6
57990,1.541163,1.556176,2.32521862e-04,7343.1
58000,1.500115,1.446136,2.32500000e-04,7344.6
58010,1.467266,1.506167,2.32478136e-04,7346.3
58020,1.540811,1.420382,2.32456270e-04,7347.8
58030,1.371754,1.426144,2.32434401e-04,7349.2
58040,1.481869,1.508339,2.32412530e-04,7350.7
58050,1.378037,1.415371,2.32390657e-04,7352.2
58060,1.423606,1.540892,2.32368781e-04,7353.6
58070,1.416250,1.530419,2.32346903e-04,7355.1
58080,1.450080,1.387070,2.32325022e-04,7356.6
58090,1.488819,1.426821,2.32303140e-04,7358.1
58100,1.402241,1.432791,2.32281255e-04,7359.5
58110,1.432346,1.503446,2.32259367e-04,7361.0
58120,1.436392,1.456628,2.32237477e-04,7362.5
58130,1.526436,1.436496,2.32215585e-04,7364.0
58140,1.490250,1.511362,2.32193690e-04,7365.5
58150,1.436043,1.462715,2.32171793e-04,7366.9
58160,1.486144,1.550662,2.32149894e-04,7368.4
58170,1.526131,1.351263,2.32127993e-04,7369.9
58180,1.392224,1.508119,2.32106089e-04,7371.4
58190,1.396382,1.552418,2.32084182e-04,7372.8
58200,1.506686,1.565535,2.32062274e-04,7374.3
58210,1.389948,1.418274,2.32040363e-04,7375.8
58220,1.500549,1.514169,2.32018449e-04,7377.3
58230,1.405577,1.414824,2.31996534e-04,7378.8
58240,1.452681,1.460050,2.31974616e-04,7380.2
58250,1.441406,1.534014,2.31952695e-04,7381.7
58260,1.358107,1.506007,2.31930773e-04,7383.2
58270,1.362863,1.399491,2.31908848e-04,7384.6
58280,1.344149,1.547834,2.31886920e-04,7386.1
58290,1.509402,1.463669,2.31864991e-04,7387.6
58300,1.428690,1.471995,2.31843058e-04,7389.1
58310,1.485075,1.560892,2.31821124e-04,7390.6
58320,1.453851,1.447685,2.31799187e-04,7392.0
58330,1.407291,1.465987,2.31777248e-04,7393.5
58340,1.422228,1.565286,2.31755307e-04,7395.0
58350,1.491867,1.420197,2.31733363e-04,7396.5
58360,1.546254,1.461561,2.31711417e-04,7397.9
58370,1.508526,1.481853,2.31689469e-04,7399.4
58380,1.403430,1.414111,2.31667518e-04,7400.9
58390,1.480441,1.470742,2.31645565e-04,7402.4
58400,1.509084,1.480730,2.31623609e-04,7403.9
58410,1.376859,1.425225,2.31601652e-04,7405.3
58420,1.397479,1.482448,2.31579692e-04,7406.8
58430,1.380987,1.368505,2.31557729e-04,7408.3
58440,1.444846,1.434856,2.31535765e-04,7409.8
58450,1.445827,1.422307,2.31513798e-04,7411.2
58460,1.468566,1.482705,2.31491828e-04,7412.7
58470,1.553777,1.457508,2.31469856e-04,7414.2
58480,1.396626,1.466877,2.31447882e-04,7415.7
58490,1.452015,1.372542,2.31425906e-04,7417.1
58500,1.454692,1.401745,2.31403927e-04,7418.6
58510,1.519250,1.463002,2.31381946e-04,7420.3
58520,1.461790,1.494076,2.31359963e-04,7421.8
58530,1.441050,1.442150,2.31337978e-04,7423.3
58540,1.390229,1.417694,2.31315990e-04,7424.7
58550,1.512043,1.435543,2.31293999e-04,7426.2
58560,1.497697,1.517253,2.31272007e-04,7427.7
58570,1.392186,1.420552,2.31250012e-04,7429.1
58580,1.368595,1.403002,2.31228015e-04,7430.6
58590,1.377293,1.514010,2.31206015e-04,7432.2
58600,1.396069,1.518937,2.31184013e-04,7433.6
58610,1.405121,1.426870,2.31162009e-04,7435.1
58620,1.509721,1.451267,2.31140003e-04,7436.6
58630,1.390502,1.409691,2.31117994e-04,7438.1
58640,1.584000,1.520737,2.31095983e-04,7439.6
58650,1.545357,1.464656,2.31073969e-04,7441.1
58660,1.445372,1.310656,2.31051954e-04,7442.6
58670,1.452029,1.497084,2.31029936e-04,7444.1
58680,1.406963,1.430115,2.31007915e-04,7445.6
58690,1.449466,1.394371,2.30985893e-04,7447.1
58700,1.382102,1.442633,2.30963868e-04,7448.6
58710,1.437654,1.469895,2.30941840e-04,7450.0
58720,1.498383,1.520780,2.30919811e-04,7451.5
58730,1.503835,1.436369,2.30897779e-04,7453.0
58740,1.523419,1.473956,2.30875745e-04,7454.5
58750,1.394235,1.430605,2.30853708e-04,7456.0
58760,1.477820,1.507042,2.30831669e-04,7457.5
58770,1.420924,1.407052,2.30809628e-04,7459.0
58780,1.402152,1.491644,2.30787585e-04,7460.4
58790,1.416955,1.530035,2.30765539e-04,7461.9
58800,1.439413,1.414913,2.30743491e-04,7463.4
58810,1.376913,1.561585,2.30721441e-04,7464.9
58820,1.323858,1.482222,2.30699388e-04,7466.4
58830,1.495227,1.515175,2.30677334e-04,7467.9
58840,1.447978,1.524201,2.30655276e-04,7469.4
58850,1.489220,1.471326,2.30633217e-04,7470.9
58860,1.639504,1.359143,2.30611155e-04,7472.3
58870,1.432368,1.442923,2.30589091e-04,7473.8
58880,1.407120,1.389522,2.30567025e-04,7475.3
58890,1.453138,1.486006,2.30544956e-04,7476.8
58900,1.384533,1.475044,2.30522885e-04,7478.3
58910,1.409480,1.423643,2.30500812e-04,7479.8
58920,1.451043,1.423549,2.30478736e-04,7481.2
58930,1.447419,1.481294,2.30456659e-04,7482.7
58940,1.388991,1.454076,2.30434578e-04,7484.2
58950,1.489097,1.476883,2.30412496e-04,7485.7
58960,1.401028,1.498302,2.30390411e-04,7487.2
58970,1.580714,1.432628,2.30368324e-04,7488.7
58980,1.350366,1.457871,2.30346235e-04,7490.2
58990,1.378269,1.537169,2.30324144e-04,7491.7
59000,1.427271,1.454673,2.30302050e-04,7493.2
59010,1.490233,1.425489,2.30279954e-04,7494.9
59020,1.404139,1.468393,2.30257855e-04,7496.4
59030,1.543572,1.523541,2.30235755e-04,7497.8
59040,1.485445,1.440133,2.30213652e-04,7499.2
59050,1.497869,1.528106,2.30191546e-04,7500.9
59060,1.519915,1.478630,2.30169439e-04,7502.6
59070,1.565571,1.573087,2.30147329e-04,7504.3
59080,1.493931,1.447367,2.30125217e-04,7506.0
59090,1.400324,1.455292,2.30103103e-04,7507.7
59100,1.459364,1.508737,2.30080986e-04,7509.5
59110,1.460755,1.486355,2.30058867e-04,7511.2
59120,1.467938,1.502135,2.30036746e-04,7512.9
59130,1.457210,1.569231,2.30014623e-04,7514.6
59140,1.466766,1.467414,2.29992497e-04,7516.3
59150,1.510630,1.489018,2.29970369e-04,7518.0
59160,1.414270,1.447381,2.29948239e-04,7519.7
59170,1.530432,1.501415,2.29926106e-04,7521.4
59180,1.413851,1.406317,2.29903971e-04,7523.1
59190,1.485888,1.435927,2.29881834e-04,7524.9
59200,1.419902,1.379756,2.29859695e-04,7526.6
59210,1.391050,1.526675,2.29837553e-04,7528.3
59220,1.444045,1.420118,2.29815409e-04,7530.0
59230,1.530353,1.436128,2.29793263e-04,7531.7
59240,1.522670,1.291330,2.29771115e-04,7533.5
59250,1.384776,1.536346,2.29748964e-04,7535.1
59260,1.385272,1.424844,2.29726811e-04,7536.8
59270,1.463826,1.522326,2.29704656e-04,7538.6
59280,1.377646,1.409008,2.29682498e-04,7540.3
59290,1.414370,1.364491,2.29660339e-04,7542.0
59300,1.526622,1.530285,2.29638177e-04,7543.7
59310,1.517572,1.480309,2.29616012e-04,7545.4
59320,1.464035,1.453922,2.29593846e-04,7547.1
59330,1.458873,1.523851,2.29571677e-04,7548.8
59340,1.475989,1.505367,2.29549506e-04,7550.5
59350,1.478494,1.502309,2.29527333e-04,7552.2
59360,1.441985,1.356989,2.29505157e-04,7553.9
59370,1.430352,1.551229,2.29482980e-04,7555.6
59380,1.433505,1.419270,2.29460800e-04,7557.4
59390,1.413427,1.492846,2.29438617e-04,7559.1
59400,1.422543,1.479554,2.29416433e-04,7560.9
59410,1.381190,1.463191,2.29394246e-04,7562.7
59420,1.425922,1.495295,2.29372057e-04,7564.6
59430,1.366359,1.507326,2.29349865e-04,7566.3
59440,1.343462,1.450057,2.29327672e-04,7568.2
59450,1.498984,1.525818,2.29305476e-04,7569.9
59460,1.528337,1.458206,2.29283278e-04,7571.7
59470,1.441779,1.451898,2.29261078e-04,7573.5
59480,1.425711,1.456857,2.29238875e-04,7575.3
59490,1.504698,1.533987,2.29216670e-04,7577.0
59500,1.465185,1.471187,2.29194463e-04,7578.9
59510,1.504793,1.485496,2.29172254e-04,7580.9
59520,1.556740,1.443227,2.29150042e-04,7582.7
59530,1.382221,1.489017,2.29127829e-04,7584.4
59540,1.424462,1.514325,2.29105613e-04,7586.2
59550,1.505361,1.443983,2.29083394e-04,7588.0
59560,1.530384,1.535805,2.29061174e-04,7589.8
59570,1.420336,1.483285,2.29038951e-04,7591.5
59580,1.326138,1.409519,2.29016726e-04,7593.3
59590,1.584341,1.404728,2.28994499e-04,7595.1
59600,1.403502,1.394460,2.28972269e-04,7596.9
59610,1.455908,1.542856,2.28950038e-04,7598.7
59620,1.436586,1.406904,2.28927804e-04,7600.5
59630,1.446757,1.518380,2.28905568e-04,7602.3
59640,1.338421,1.502660,2.28883329e-04,7604.1
59650,1.355393,1.482468,2.28861089e-04,7605.9
59660,1.602011,1.474766,2.28838846e-04,7607.6
59670,1.436254,1.448098,2.28816601e-04,7609.5
59680,1.427287,1.412692,2.28794353e-04,7611.3
59690,1.537749,1.457386,2.28772104e-04,7612.9
59700,1.375236,1.383566,2.28749852e-04,7614.3
59710,1.466045,1.484955,2.28727598e-04,7615.8
59720,1.508501,1.443172,2.28705342e-04,7617.3
59730,1.524725,1.410503,2.28683083e-04,7618.9
59740,1.496538,1.528491,2.28660822e-04,7620.4
59750,1.425360,1.477930,2.28638559e-04,7621.9
59760,1.456856,1.459577,2.28616294e-04,7623.4
59770,1.407528,1.450383,2.28594027e-04,7624.8
59780,1.410712,1.428249,2.28571757e-04,7626.4
59790,1.473125,1.386050,2.28549485e-04,7627.9
59800,1.519958,1.563183,2.28527211e-04,7629.4
59810,1.410548,1.425028,2.28504935e-04,7630.8
59820,1.405988,1.426394,2.28482657e-04,7632.3
59830,1.496201,1.415638,2.28460376e-04,7633.8
59840,1.494471,1.478603,2.28438093e-04,7635.2
59850,1.442530,1.416209,2.28415808e-04,7636.7
59860,1.498644,1.421708,2.28393520e-04,7638.3
59870,1.404811,1.341483,2.28371231e-04,7639.8
59880,1.550288,1.449801,2.28348939e-04,7641.3
59890,1.448406,1.408673,2.28326645e-04,7642.8
59900,1.494309,1.553967,2.28304349e-04,7644.4
59910,1.461963,1.478447,2.28282050e-04,7646.0
59920,1.367779,1.362116,2.28259750e-04,7647.6
59930,1.339819,1.496525,2.28237447e-04,7649.0
59940,1.466018,1.482697,2.28215142e-04,7650.4
59950,1.477151,1.435660,2.28192834e-04,7651.9
59960,1.469578,1.416511,2.28170525e-04,7653.4
59970,1.597303,1.438981,2.28148213e-04,7654.9
59980,1.439822,1.335237,2.28125899e-04,7656.5
59990,1.503423,1.487377,2.28103583e-04,7657.9
60000,1.448362,1.331776,2.28081265e-04,7659.5
60010,1.451366,1.474739,2.28058944e-04,7661.2
60020,1.388987,1.515323,2.28036622e-04,7662.7
60030,1.458071,1.481373,2.28014297e-04,7664.2
60040,1.428886,1.497190,2.27991969e-04,7665.7
60050,1.452569,1.509203,2.27969640e-04,7667.2
60060,1.385422,1.497883,2.27947308e-04,7668.8
60070,1.460877,1.497024,2.27924975e-04,7670.2
60080,1.395863,1.454422,2.27902639e-04,7671.7
60090,1.532370,1.404075,2.27880301e-04,7673.3
60100,1.473235,1.482520,2.27857960e-04,7674.8
60110,1.399822,1.528175,2.27835618e-04,7676.3
60120,1.397479,1.417687,2.27813273e-04,7677.8
60130,1.475736,1.441921,2.27790926e-04,7679.4
60140,1.583199,1.488582,2.27768577e-04,7681.0
60150,1.379841,1.401643,2.27746225e-04,7682.5
60160,1.466757,1.423139,2.27723872e-04,7684.2
60170,1.526977,1.450260,2.27701516e-04,7685.8
60180,1.366753,1.429548,2.27679158e-04,7687.3
60190,1.462619,1.530023,2.27656798e-04,7688.8
60200,1.421983,1.459205,2.27634436e-04,7690.3
60210,1.494647,1.372952,2.27612071e-04,7691.8
60220,1.485155,1.392671,2.27589705e-04,7693.3
60230,1.424560,1.368941,2.27567336e-04,7694.8
60240,1.467439,1.477875,2.27544965e-04,7696.3
60250,1.471636,1.459597,2.27522591e-04,7697.9
60260,1.411993,1.462792,2.27500216e-04,7699.4
60270,1.465765,1.389279,2.27477838e-04,7700.9
60280,1.487999,1.519128,2.27455459e-04,7702.4
60290,1.420912,1.339729,2.27433077e-04,7703.9
60300,1.467023,1.446359,2.27410692e-04,7705.5
60310,1.438357,1.479114,2.27388306e-04,7706.9
60320,1.465498,1.483988,2.27365918e-04,7708.4
60330,1.598737,1.453134,2.27343527e-04,7709.9
60340,1.422122,1.514811,2.27321134e-04,7711.4
60350,1.415860,1.356279,2.27298739e-04,7712.9
60360,1.403572,1.411942,2.27276342e-04,7714.4
60370,1.396773,1.430142,2.27253942e-04,7716.0
60380,1.465649,1.369718,2.27231541e-04,7717.6
60390,1.452674,1.515325,2.27209137e-04,7719.2
60400,1.405253,1.474704,2.27186731e-04,7720.7
60410,1.575798,1.502873,2.27164323e-04,7722.2
60420,1.403897,1.490140,2.27141912e-04,7723.7
60430,1.397187,1.458960,2.27119500e-04,7725.2
60440,1.404004,1.589862,2.27097085e-04,7726.7
60450,1.354566,1.445627,2.27074668e-04,7728.3
60460,1.502115,1.452208,2.27052249e-04,7729.8
60470,1.463319,1.470042,2.27029828e-04,7731.3
60480,1.477177,1.416330,2.27007405e-04,7732.8
60490,1.468139,1.574182,2.26984979e-04,7734.3
60500,1.450262,1.377061,2.26962552e-04,7735.9
60510,1.484647,1.400781,2.26940122e-04,7737.6
60520,1.407279,1.404728,2.26917690e-04,7739.1
60530,1.443262,1.443926,2.26895256e-04,7740.6
60540,1.536674,1.579407,2.26872819e-04,7742.1
60550,1.480552,1.502153,2.26850381e-04,7743.7
60560,1.460352,1.493084,2.26827940e-04,7745.1
60570,1.477696,1.484411,2.26805497e-04,7746.7
60580,1.305630,1.471435,2.26783052e-04,7748.2
60590,1.357775,1.420776,2.26760605e-04,7749.7
60600,1.498635,1.384264,2.26738156e-04,7751.3
60610,1.352888,1.486346,2.26715704e-04,7752.7
60620,1.426695,1.426746,2.26693251e-04,7754.2
60630,1.490678,1.343770,2.26670795e-04,7755.7
60640,1.407496,1.469338,2.26648337e-04,7757.2
60650,1.352840,1.462447,2.26625877e-04,7758.7
60660,1.351863,1.393423,2.26603415e-04,7760.2
60670,1.401868,1.476484,2.26580950e-04,7761.7
60680,1.472586,1.516007,2.26558484e-04,7763.3
60690,1.454028,1.409046,2.26536015e-04,7765.0
60700,1.390434,1.408119,2.26513544e-04,7766.7
60710,1.408183,1.523206,2.26491071e-04,7768.1
60720,1.387414,1.471963,2.26468596e-04,7769.6
60730,1.335937,1.493734,2.26446119e-04,7771.1
60740,1.546248,1.529710,2.26423639e-04,7772.6
60750,1.411791,1.480021,2.26401158e-04,7774.1
60760,1.430035,1.498566,2.26378674e-04,7775.6
60770,1.488521,1.414011,2.26356188e-04,7777.1
60780,1.435560,1.496435,2.26333700e-04,7778.5
60790,1.461993,1.413333,2.26311210e-04,7780.0
60800,1.428430,1.509260,2.26288717e-04,7781.5
60810,1.416586,1.502928,2.26266223e-04,7783.0
60820,1.439898,1.441912,2.26243726e-04,7784.5
60830,1.432897,1.422712,2.26221228e-04,7786.0
60840,1.480352,1.462997,2.26198727e-04,7787.5
60850,1.383417,1.503077,2.26176224e-04,7789.0
60860,1.423492,1.512635,2.26153718e-04,7790.6
60870,1.403301,1.433112,2.26131211e-04,7792.0
60880,1.347632,1.411348,2.26108702e-04,7793.5
60890,1.367119,1.499662,2.26086190e-04,7795.0
60900,1.401877,1.435928,2.26063676e-04,7796.5
60910,1.548227,1.469084,2.26041160e-04,7798.1
60920,1.368123,1.420596,2.26018642e-04,7799.6
60930,1.422048,1.515218,2.25996122e-04,7801.0
60940,1.594755,1.538004,2.25973600e-04,7802.5
60950,1.534380,1.363603,2.25951076e-04,7804.0
60960,1.428949,1.614585,2.25928549e-04,7805.5
60970,1.394572,1.458746,2.25906020e-04,7806.9
60980,1.387736,1.539385,2.25883490e-04,7808.4
60990,1.410526,1.475184,2.25860957e-04,7809.9
61000,1.417925,1.383733,2.25838422e-04,7811.4
61010,1.453124,1.513043,2.25815885e-04,7813.1
61020,1.521281,1.482419,2.25793345e-04,7814.6
61030,1.516223,1.493762,2.25770804e-04,7816.1
61040,1.494841,1.515481,2.25748260e-04,7817.6
61050,1.483153,1.409125,2.25725715e-04,7819.1
61060,1.359021,1.516759,2.25703167e-04,7820.9
61070,1.434031,1.422607,2.25680617e-04,7822.6
61080,1.481439,1.412650,2.25658065e-04,7824.1
61090,1.478948,1.495586,2.25635511e-04,7825.6
61100,1.419051,1.519818,2.25612954e-04,7827.1
61110,1.601504,1.367910,2.25590396e-04,7828.6
61120,1.523517,1.377747,2.25567835e-04,7830.1
61130,1.467045,1.480611,2.25545273e-04,7831.6
61140,1.388669,1.397843,2.25522708e-04,7833.1
61150,1.353542,1.444324,2.25500141e-04,7834.6
61160,1.404246,1.396074,2.25477572e-04,7836.1
61170,1.575417,1.558959,2.25455001e-04,7837.6
61180,1.425097,1.456219,2.25432428e-04,7839.0
61190,1.473138,1.428316,2.25409852e-04,7840.4
61200,1.478079,1.423621,2.25387275e-04,7842.1
61210,1.422940,1.456679,2.25364695e-04,7843.7
61220,1.427773,1.510711,2.25342114e-04,7845.1
61230,1.472213,1.467616,2.25319530e-04,7846.5
61240,1.420077,1.358838,2.25296944e-04,7847.9
61250,1.362238,1.434476,2.25274356e-04,7849.3
61260,1.443110,1.548549,2.25251766e-04,7850.7
61270,1.524351,1.483727,2.25229174e-04,7852.1
61280,1.420118,1.575547,2.25206579e-04,7853.5
61290,1.470117,1.462997,2.25183983e-04,7854.9
61300,1.481921,1.484016,2.25161385e-04,7856.3
61310,1.535380,1.406089,2.25138784e-04,7857.7
61320,1.426499,1.405675,2.25116181e-04,7859.1
61330,1.433606,1.420914,2.25093576e-04,7860.5
61340,1.472411,1.421192,2.25070969e-04,7861.9
61350,1.431341,1.466137,2.25048360e-04,7863.4
61360,1.426859,1.426706,2.25025749e-04,7864.9
61370,1.493653,1.550750,2.25003136e-04,7866.4
61380,1.473879,1.507423,2.24980521e-04,7867.8
61390,1.508353,1.358528,2.24957903e-04,7869.3
61400,1.431598,1.483531,2.24935284e-04,7870.9
61410,1.343706,1.476720,2.24912662e-04,7872.4
61420,1.379539,1.402808,2.24890038e-04,7873.9
61430,1.482663,1.483162,2.24867412e-04,7875.4
61440,1.547566,1.427388,2.24844785e-04,7876.9
61450,1.530043,1.376524,2.24822155e-04,7878.3
61460,1.468905,1.401442,2.24799522e-04,7879.7
61470,1.404419,1.345309,2.24776888e-04,7881.2
61480,1.494845,1.439632,2.24754252e-04,7882.7
61490,1.404410,1.546915,2.24731614e-04,7884.3
61500,1.484762,1.518573,2.24708973e-04,7885.9
61510,1.378911,1.460350,2.24686331e-04,7887.6
61520,1.393731,1.439678,2.24663686e-04,7889.1
61530,1.447242,1.446176,2.24641039e-04,7890.6
61540,1.410225,1.349096,2.24618390e-04,7892.1
61550,1.421542,1.466644,2.24595740e-04,7893.7
61560,1.429059,1.491108,2.24573087e-04,7895.2
61570,1.396932,1.404668,2.24550432e-04,7896.7
61580,1.416983,1.359459,2.24527774e-04,7898.3
61590,1.412555,1.523826,2.24505115e-04,7899.8
61600,1.391836,1.422212,2.24482454e-04,7901.4
61610,1.567077,1.378190,2.24459791e-04,7902.9
61620,1.498383,1.564486,2.24437125e-04,7904.4
61630,1.498669,1.505398,2.24414458e-04,7905.9
61640,1.490130,1.504876,2.24391788e-04,7907.4
61650,1.381677,1.549708,2.24369116e-04,7909.0
61660,1.461269,1.472581,2.24346442e-04,7910.5
61670,1.393836,1.526931,2.24323767e-04,7912.0
61680,1.392166,1.404280,2.24301089e-04,7913.5
61690,1.447414,1.553064,2.24278409e-04,7914.9
61700,1.383538,1.459603,2.24255727e-04,7916.5
61710,1.400569,1.485856,2.24233043e-04,7918.1
61720,1.575327,1.411349,2.24210356e-04,7919.7
61730,1.412900,1.421615,2.24187668e-04,7921.4
61740,1.427486,1.368272,2.24164978e-04,7923.0
61750,1.362557,1.425941,2.24142285e-04,7924.7
61760,1.523067,1.551757,2.24119591e-04,7926.3
61770,1.518258,1.489555,2.24096894e-04,7927.7
61780,1.483724,1.554196,2.24074196e-04,7929.2
61790,1.369711,1.456839,2.24051495e-04,7930.7
61800,1.407941,1.467455,2.24028792e-04,7932.3
61810,1.463140,1.382584,2.24006087e-04,7933.9
61820,1.483311,1.397313,2.23983380e-04,7935.4
61830,1.479032,1.411585,2.23960672e-04,7937.0
61840,1.363904,1.434748,2.23937961e-04,7938.6
61850,1.310013,1.620755,2.23915247e-04,7940.1
61860,1.438535,1.526042,2.23892532e-04,7941.7
61870,1.374700,1.491970,2.23869815e-04,7943.2
61880,1.525231,1.520925,2.23847096e-04,7944.8
61890,1.444435,1.275230,2.23824375e-04,7946.3
61900,1.501777,1.519817,2.23801651e-04,7947.8
61910,1.500119,1.310125,2.23778926e-04,7949.5
61920,1.523140,1.471824,2.23756198e-04,7951.0
61930,1.490133,1.444215,2.23733469e-04,7952.5
61940,1.401227,1.529706,2.23710737e-04,7954.1
61950,1.451962,1.429480,2.23688004e-04,7955.6
61960,1.542443,1.422278,2.23665268e-04,7957.1
61970,1.421598,1.490815,2.23642530e-04,7958.7
61980,1.475017,1.461836,2.23619790e-04,7960.2
61990,1.518710,1.472777,2.23597049e-04,7961.7
62000,1.400987,1.386994,2.23574305e-04,7963.2
62010,1.480607,1.480086,2.23551559e-04,7965.0
62020,1.540896,1.434392,2.23528811e-04,7966.6
62030,1.409938,1.443546,2.23506061e-04,7968.1
62040,1.477376,1.407146,2.23483309e-04,7969.7
62050,1.436414,1.493999,2.23460555e-04,7971.3
62060,1.390194,1.357268,2.23437799e-04,7972.9
62070,1.531348,1.457838,2.23415040e-04,7974.4
62080,1.419012,1.397566,2.23392280e-04,7976.0
62090,1.610067,1.423211,2.23369518e-04,7977.6
62100,1.432784,1.403367,2.23346753e-04,7979.2
62110,1.463391,1.495230,2.23323987e-04,7980.9
62120,1.548026,1.445020,2.23301219e-04,7982.5
62130,1.507958,1.530940,2.23278448e-04,7984.1
62140,1.419366,1.544190,2.23255676e-04,7985.8
62150,1.401183,1.425033,2.23232901e-04,7987.4
62160,1.546190,1.502844,2.23210125e-04,7989.0
62170,1.395563,1.444712,2.23187346e-04,7990.6
62180,1.409414,1.391855,2.23164565e-04,7992.1
62190,1.348542,1.489073,2.23141783e-04,7993.6
62200,1.413412,1.354917,2.23118998e-04,7995.3
62210,1.460687,1.386595,2.23096211e-04,7996.9
62220,1.497406,1.559255,2.23073423e-04,7998.5
62230,1.400469,1.461460,2.23050632e-04,8000.2
62240,1.457791,1.466131,2.23027839e-04,8001.9
62250,1.454545,1.488209,2.23005044e-04,8003.5
62260,1.395989,1.487232,2.22982247e-04,8005.3
62270,1.398895,1.511692,2.22959448e-04,8006.8
62280,1.538187,1.499381,2.22936647e-04,8008.2
62290,1.439071,1.443023,2.22913844e-04,8009.6
62300,1.388515,1.379570,2.22891039e-04,8011.1
62310,1.495459,1.416813,2.22868232e-04,8012.6
62320,1.402762,1.404059,2.22845423e-04,8014.2
62330,1.509069,1.475621,2.22822612e-04,8015.8
62340,1.478121,1.479448,2.22799799e-04,8017.5
62350,1.413121,1.374892,2.22776984e-04,8019.2
62360,1.470694,1.540608,2.22754167e-04,8020.9
62370,1.476640,1.437804,2.22731348e-04,8022.6
62380,1.536875,1.483739,2.22708527e-04,8024.1
62390,1.383661,1.323009,2.22685704e-04,8025.5
62400,1.344705,1.370904,2.22662878e-04,8026.9
62410,1.448610,1.397430,2.22640051e-04,8028.4
62420,1.315042,1.527745,2.22617222e-04,8029.9
62430,1.579358,1.465553,2.22594391e-04,8031.3
62440,1.552591,1.456477,2.22571557e-04,8032.8
62450,1.394778,1.468500,2.22548722e-04,8034.3
62460,1.368801,1.432780,2.22525885e-04,8035.8
62470,1.445956,1.331968,2.22503046e-04,8037.2
62480,1.421206,1.501264,2.22480204e-04,8038.7
62490,1.524374,1.480940,2.22457361e-04,8040.2
62500,1.448400,1.414098,2.22434516e-04,8041.7
62510,1.550076,1.471378,2.22411668e-04,8043.3
62520,1.395070,1.504180,2.22388819e-04,8044.8
62530,1.393941,1.437523,2.22365968e-04,8046.3
62540,1.390234,1.544691,2.22343114e-04,8047.7
62550,1.442892,1.539918,2.22320259e-04,8049.2
62560,1.413165,1.514342,2.22297402e-04,8050.7
62570,1.526429,1.425799,2.22274542e-04,8052.1
62580,1.458838,1.435821,2.22251681e-04,8053.5
62590,1.403731,1.472716,2.22228818e-04,8055.0
62600,1.346460,1.348308,2.22205952e-04,8056.6
62610,1.463650,1.413387,2.22183085e-04,8058.0
62620,1.567978,1.448369,2.22160215e-04,8059.4
62630,1.348935,1.379189,2.22137344e-04,8060.9
62640,1.487690,1.515905,2.22114471e-04,8062.3
62650,1.496273,1.368156,2.22091595e-04,8063.8
62660,1.469623,1.467572,2.22068718e-04,8065.5
62670,1.395917,1.623512,2.22045839e-04,8067.2
62680,1.427799,1.470988,2.22022957e-04,8068.9
62690,1.428887,1.396254,2.22000074e-04,8070.6
62700,1.419676,1.439398,2.21977189e-04,8072.1
62710,1.449215,1.493073,2.21954301e-04,8073.6
62720,1.446535,1.440156,2.21931412e-04,8075.2
62730,1.425172,1.480358,2.21908521e-04,8076.7
62740,1.354570,1.441630,2.21885627e-04,8078.3
62750,1.358368,1.436482,2.21862732e-04,8079.8
62760,1.441674,1.464787,2.21839835e-04,8081.4
62770,1.459847,1.474504,2.21816936e-04,8083.0
62780,1.489400,1.578793,2.21794034e-04,8084.6
62790,1.441869,1.412757,2.21771131e-04,8086.1
62800,1.446358,1.452803,2.21748226e-04,8087.6
62810,1.364877,1.501057,2.21725319e-04,8089.2
62820,1.484802,1.423609,2.21702409e-04,8090.7
62830,1.366365,1.442286,2.21679498e-04,8092.2
62840,1.395427,1.521871,2.21656585e-04,8093.7
62850,1.509720,1.458855,2.21633670e-04,8095.1
62860,1.537307,1.367948,2.21610753e-04,8096.5
62870,1.460163,1.392402,2.21587834e-04,8097.8
62880,1.460621,1.458913,2.21564913e-04,8099.2
62890,1.515550,1.492325,2.21541990e-04,8100.7
62900,1.490690,1.426307,2.21519065e-04,8102.1
62910,1.357516,1.442575,2.21496138e-04,8103.4
62920,1.481386,1.502405,2.21473209e-04,8104.8
62930,1.445696,1.494323,2.21450278e-04,8106.2
62940,1.396387,1.468770,2.21427345e-04,8107.6
62950,1.367306,1.426039,2.21404410e-04,8108.9
62960,1.360390,1.485457,2.21381473e-04,8110.3
62970,1.344243,1.486059,2.21358534e-04,8111.8
62980,1.381911,1.509032,2.21335593e-04,8113.2
62990,1.471800,1.397153,2.21312650e-04,8114.7
63000,1.563701,1.389645,2.21289706e-04,8116.1
63010,1.428794,1.447667,2.21266759e-04,8117.7
63020,1.377538,1.482939,2.21243810e-04,8119.1
63030,1.481043,1.407926,2.21220860e-04,8120.5
63040,1.498053,1.462947,2.21197907e-04,8122.3
63050,1.456269,1.310674,2.21174952e-04,8124.1
63060,1.384422,1.453950,2.21151996e-04,8125.7
63070,1.448919,1.374307,2.21129037e-04,8127.4
63080,1.400017,1.447578,2.21106077e-04,8129.1
63090,1.531697,1.392818,2.21083114e-04,8130.7
63100,1.448889,1.447964,2.21060150e-04,8132.3
63110,1.471059,1.422571,2.21037184e-04,8133.8
63120,1.359651,1.465680,2.21014215e-04,8135.4
63130,1.469262,1.452714,2.20991245e-04,8137.0
63140,1.358850,1.463607,2.20968273e-04,8138.6
63150,1.457296,1.457580,2.20945299e-04,8140.1
63160,1.358302,1.482984,2.20922322e-04,8141.7
63170,1.443854,1.415396,2.20899344e-04,8143.3
63180,1.418324,1.382832,2.20876364e-04,8144.9
63190,1.453081,1.419672,2.20853382e-04,8146.4
63200,1.612109,1.506467,2.20830398e-04,8148.0
63210,1.369958,1.462899,2.20807412e-04,8149.6
63220,1.398547,1.446711,2.20784424e-04,8151.2
63230,1.563945,1.442517,2.20761435e-04,8152.8
63240,1.401723,1.449197,2.20738443e-04,8154.3
63250,1.380431,1.453546,2.20715449e-04,8155.8
63260,1.395938,1.495275,2.20692453e-04,8157.4
63270,1.473560,1.524954,2.20669456e-04,8158.8
63280,1.450102,1.597869,2.20646456e-04,8160.3
63290,1.410597,1.329803,2.20623455e-04,8161.9
63300,1.612994,1.511768,2.20600451e-04,8163.5
63310,1.446139,1.400168,2.20577446e-04,8165.1
63320,1.402510,1.349795,2.20554438e-04,8166.7
63330,1.565424,1.466239,2.20531429e-04,8168.2
63340,1.502085,1.428707,2.20508418e-04,8169.5
63350,1.491710,1.497457,2.20485405e-04,8171.1
63360,1.415667,1.584898,2.20462390e-04,8172.9
63370,1.401870,1.391220,2.20439373e-04,8174.7
63380,1.369636,1.402751,2.20416354e-04,8176.5
63390,1.418074,1.459181,2.20393333e-04,8177.9
63400,1.469193,1.480470,2.20370310e-04,8179.6
63410,1.554288,1.511312,2.20347285e-04,8181.4
63420,1.434342,1.441921,2.20324258e-04,8183.2
63430,1.425262,1.484244,2.20301230e-04,8184.5
63440,1.479380,1.459553,2.20278199e-04,8186.2
63450,1.480596,1.541392,2.20255166e-04,8188.1
63460,1.399498,1.371625,2.20232132e-04,8189.9
63470,1.434058,1.498954,2.20209095e-04,8191.7
63480,1.507169,1.480387,2.20186057e-04,8193.2
63490,1.483850,1.411094,2.20163017e-04,8194.6
63500,1.475301,1.383055,2.20139975e-04,8195.9
63510,1.401805,1.369009,2.20116931e-04,8197.5
63520,1.501359,1.444372,2.20093885e-04,8199.0
63530,1.352242,1.444044,2.20070837e-04,8200.5
63540,1.475365,1.464617,2.20047787e-04,8201.9
63550,1.489965,1.364134,2.20024735e-04,8203.3
63560,1.439917,1.483146,2.20001681e-04,8204.8
63570,1.513197,1.505921,2.19978625e-04,8206.2
63580,1.357857,1.444227,2.19955568e-04,8207.8
63590,1.357314,1.417152,2.19932508e-04,8209.6
63600,1.479525,1.514718,2.19909447e-04,8211.5
63610,1.404800,1.391253,2.19886383e-04,8213.3
63620,1.456909,1.459803,2.19863318e-04,8214.8
63630,1.523711,1.441481,2.19840251e-04,8216.3
63640,1.579409,1.450561,2.19817182e-04,8217.9
63650,1.416378,1.443540,2.19794111e-04,8219.6
63660,1.411582,1.448872,2.19771038e-04,8221.3
63670,1.457109,1.492655,2.19747963e-04,8222.9
63680,1.389796,1.440101,2.19724886e-04,8224.5
63690,1.434481,1.388352,2.19701808e-04,8226.1
63700,1.402025,1.472932,2.19678727e-04,8227.7
63710,1.514284,1.397808,2.19655644e-04,8229.2
63720,1.473634,1.451894,2.19632560e-04,8230.8
63730,1.349576,1.605399,2.19609474e-04,8232.4
63740,1.441534,1.541235,2.19586385e-04,8234.0
63750,1.335981,1.440803,2.19563295e-04,8235.6
63760,1.505087,1.386628,2.19540203e-04,8237.2
63770,1.308966,1.477635,2.19517109e-04,8238.8
63780,1.432794,1.405856,2.19494013e-04,8240.5
63790,1.429144,1.385842,2.19470916e-04,8242.1
63800,1.504184,1.384086,2.19447816e-04,8243.7
63810,1.464707,1.420635,2.19424714e-04,8245.2
63820,1.463733,1.410727,2.19401611e-04,8246.7
63830,1.433851,1.474151,2.19378505e-04,8248.3
63840,1.442302,1.436620,2.19355398e-04,8249.9
63850,1.456542,1.494323,2.19332289e-04,8251.5
63860,1.330486,1.388337,2.19309178e-04,8253.1
63870,1.385279,1.484836,2.19286065e-04,8254.7
63880,1.487037,1.450636,2.19262950e-04,8256.2
63890,1.360834,1.410097,2.19239833e-04,8257.8
63900,1.487054,1.508751,2.19216714e-04,8259.3
63910,1.397437,1.537401,2.19193594e-04,8260.9
63920,1.377050,1.405902,2.19170471e-04,8262.4
63930,1.364118,1.409301,2.19147347e-04,8264.0
63940,1.375826,1.456481,2.19124221e-04,8265.6
63950,1.406742,1.530701,2.19101092e-04,8267.1
63960,1.403755,1.452988,2.19077962e-04,8268.6
63970,1.532875,1.413190,2.19054830e-04,8270.2
63980,1.455920,1.480556,2.19031697e-04,8271.7
63990,1.473782,1.425862,2.19008561e-04,8273.3
64000,1.431563,1.522647,2.18985423e-04,8274.8
64010,1.414215,1.426119,2.18962284e-04,8276.6
64020,1.452218,1.469830,2.18939142e-04,8278.6
64030,1.535470,1.515815,2.18915999e-04,8280.2
64040,1.497860,1.435134,2.18892854e-04,8281.7
64050,1.568511,1.418021,2.18869707e-04,8283.2
64060,1.314858,1.448874,2.18846558e-04,8284.7
64070,1.436452,1.464444,2.18823407e-04,8286.2
64080,1.542151,1.528131,2.18800254e-04,8287.7
64090,1.350958,1.437053,2.18777100e-04,8289.3
64100,1.486021,1.498914,2.18753943e-04,8291.0
64110,1.380434,1.404891,2.18730785e-04,8292.4
64120,1.500133,1.437471,2.18707625e-04,8294.1
64130,1.379753,1.439841,2.18684463e-04,8295.7
64140,1.494463,1.347820,2.18661299e-04,8297.2
64150,1.446893,1.453763,2.18638133e-04,8298.7
64160,1.449102,1.319320,2.18614965e-04,8300.3
64170,1.373147,1.372282,2.18591796e-04,8302.0
64180,1.491188,1.484422,2.18568624e-04,8303.7
64190,1.388902,1.356933,2.18545451e-04,8305.3
64200,1.393504,1.456846,2.18522276e-04,8306.9
64210,1.475001,1.407158,2.18499099e-04,8308.5
64220,1.392327,1.424082,2.18475920e-04,8310.1
64230,1.495843,1.433646,2.18452739e-04,8311.7
64240,1.420464,1.448085,2.18429556e-04,8313.4
64250,1.440113,1.428517,2.18406371e-04,8315.1
64260,1.474627,1.569721,2.18383185e-04,8316.9
64270,1.515621,1.405777,2.18359997e-04,8318.6
64280,1.425626,1.470710,2.18336807e-04,8320.3
64290,1.507095,1.447228,2.18313615e-04,8322.0
64300,1.387864,1.545426,2.18290421e-04,8323.5
64310,1.563737,1.462863,2.18267225e-04,8325.2
64320,1.344404,1.408282,2.18244027e-04,8326.8
64330,1.400158,1.344467,2.18220828e-04,8328.5
64340,1.390186,1.495784,2.18197626e-04,8330.1
64350,1.514562,1.415693,2.18174423e-04,8331.8
64360,1.441757,1.383791,2.18151218e-04,8334.1
64370,1.387226,1.400995,2.18128011e-04,8335.7
64380,1.402084,1.513737,2.18104802e-04,8337.4
64390,1.444340,1.442349,2.18081592e-04,8339.0
64400,1.504472,1.549462,2.18058379e-04,8340.6
64410,1.374847,1.426826,2.18035165e-04,8342.2
64420,1.551218,1.473111,2.18011949e-04,8343.9
64430,1.360685,1.476029,2.17988731e-04,8345.4
64440,1.454976,1.392423,2.17965511e-04,8347.1
64450,1.420440,1.494110,2.17942289e-04,8348.7
64460,1.438121,1.454993,2.17919065e-04,8350.5
64470,1.449954,1.464432,2.17895840e-04,8352.3
64480,1.467613,1.432921,2.17872613e-04,8354.1
64490,1.370444,1.402058,2.17849383e-04,8355.8
64500,1.481179,1.368593,2.17826152e-04,8357.5
64510,1.469542,1.544483,2.17802920e-04,8359.3
64520,1.453960,1.542345,2.17779685e-04,8360.9
64530,1.438704,1.427291,2.17756448e-04,8362.5
64540,1.476349,1.434593,2.17733210e-04,8364.1
64550,1.438002,1.481638,2.17709970e-04,8365.6
64560,1.441859,1.497938,2.17686728e-04,8367.1
64570,1.465230,1.413645,2.17663484e-04,8368.6
64580,1.530450,1.322537,2.17640238e-04,8370.2
64590,1.454344,1.397918,2.17616990e-04,8371.8
64600,1.515427,1.431829,2.17593741e-04,8373.5
64610,1.465372,1.333705,2.17570490e-04,8375.1
64620,1.347219,1.528880,2.17547236e-04,8376.8
64630,1.476536,1.461067,2.17523981e-04,8378.4
64640,1.502232,1.383427,2.17500725e-04,8380.0
64650,1.601230,1.407564,2.17477466e-04,8381.6
64660,1.563908,1.490442,2.17454205e-04,8383.3
64670,1.348991,1.466282,2.17430943e-04,8384.9
64680,1.342599,1.488046,2.17407679e-04,8386.6
64690,1.461252,1.410644,2.17384413e-04,8388.4
64700,1.506013,1.391819,2.17361145e-04,8390.1
64710,1.457291,1.526401,2.17337876e-04,8391.8
64720,1.433757,1.479918,2.17314604e-04,8393.4
64730,1.489055,1.638708,2.17291331e-04,8395.0
64740,1.360342,1.440385,2.17268056e-04,8396.6
64750,1.428355,1.305339,2.17244779e-04,8398.2
64760,1.453798,1.542992,2.17221500e-04,8399.9
64770,1.538170,1.441650,2.17198219e-04,8401.5
64780,1.408243,1.381404,2.17174937e-04,8403.1
64790,1.508886,1.468369,2.17151653e-04,8404.8
64800,1.399490,1.346208,2.17128367e-04,8406.4
64810,1.477368,1.293166,2.17105079e-04,8408.0
64820,1.435669,1.444595,2.17081789e-04,8409.7
64830,1.396504,1.432968,2.17058497e-04,8411.3
64840,1.493341,1.357742,2.17035204e-04,8412.9
64850,1.480425,1.448368,2.17011909e-04,8414.7
64860,1.336184,1.331514,2.16988612e-04,8416.5
64870,1.382175,1.536401,2.16965313e-04,8418.3
64880,1.483993,1.317233,2.16942012e-04,8420.2
64890,1.563945,1.402405,2.16918710e-04,8422.0
64900,1.385192,1.464787,2.16895406e-04,8423.7
64910,1.390974,1.483559,2.16872100e-04,8425.4
64920,1.464385,1.314148,2.16848792e-04,8427.1
64930,1.342393,1.441906,2.16825482e-04,8428.7
64940,1.471166,1.493200,2.16802171e-04,8430.3
64950,1.416535,1.461372,2.16778857e-04,8431.9
64960,1.405475,1.420021,2.16755542e-04,8433.5
64970,1.430110,1.437249,2.16732225e-04,8435.1
64980,1.458403,1.397077,2.16708906e-04,8436.8
64990,1.476576,1.434585,2.16685586e-04,8438.4
65000,1.451434,1.397054,2.16662263e-04,8440.0
65010,1.424606,1.483192,2.16638939e-04,8441.7
65020,1.363419,1.372243,2.16615613e-04,8443.3
65030,1.385415,1.454964,2.16592285e-04,8445.0
65040,1.494237,1.416179,2.16568956e-04,8446.5
65050,1.451500,1.509768,2.16545624e-04,8448.0
65060,1.389397,1.449310,2.16522291e-04,8449.5
65070,1.420840,1.479997,2.16498956e-04,8451.1
65080,1.492171,1.370646,2.16475619e-04,8452.7
65090,1.439510,1.577898,2.16452281e-04,8454.2
65100,1.414864,1.408841,2.16428940e-04,8455.8
65110,1.403387,1.424215,2.16405598e-04,8457.3
65120,1.402341,1.316058,2.16382254e-04,8458.8
65130,1.510369,1.530090,2.16358908e-04,8460.3
65140,1.490747,1.496729,2.16335561e-04,8461.9
65150,1.529529,1.492121,2.16312211e-04,8463.7
65160,1.404304,1.419306,2.16288860e-04,8465.4
65170,1.376809,1.419188,2.16265507e-04,8467.1
65180,1.418056,1.439361,2.16242152e-04,8468.7
65190,1.434794,1.449645,2.16218796e-04,8470.2
65200,1.388493,1.509517,2.16195437e-04,8471.7
65210,1.408987,1.432365,2.16172077e-04,8473.3
65220,1.379147,1.439854,2.16148715e-04,8474.9
65230,1.504599,1.607601,2.16125352e-04,8476.5
65240,1.318004,1.528916,2.16101986e-04,8478.1
65250,1.358815,1.558419,2.16078619e-04,8479.6
65260,1.359613,1.457117,2.16055250e-04,8481.2
65270,1.403194,1.417509,2.16031879e-04,8482.8
65280,1.496086,1.530192,2.16008506e-04,8484.3
65290,1.381580,1.362864,2.15985132e-04,8485.8
65300,1.411621,1.399744,2.15961756e-04,8487.4
65310,1.385426,1.457825,2.15938378e-04,8489.0
65320,1.487036,1.547201,2.15914998e-04,8490.7
65330,1.398769,1.492790,2.15891616e-04,8492.3
65340,1.407458,1.463992,2.15868233e-04,8493.9
65350,1.404131,1.451678,2.15844848e-04,8495.5
65360,1.472843,1.413187,2.15821461e-04,8497.0
65370,1.351304,1.425748,2.15798072e-04,8498.6
65380,1.396090,1.381729,2.15774682e-04,8500.1
65390,1.385842,1.508619,2.15751289e-04,8501.7
65400,1.327728,1.509277,2.15727895e-04,8503.3
65410,1.400234,1.497339,2.15704500e-04,8504.9
65420,1.423915,1.461567,2.15681102e-04,8506.5
65430,1.411632,1.354128,2.15657703e-04,8508.0
65440,1.358341,1.312714,2.15634302e-04,8509.6
65450,1.401783,1.396744,2.15610899e-04,8511.1
65460,1.377481,1.402048,2.15587494e-04,8512.6
65470,1.423243,1.502466,2.15564088e-04,8514.2
65480,1.308334,1.423099,2.15540680e-04,8515.8
65490,1.398293,1.469627,2.15517270e-04,8517.3
65500,1.451259,1.401290,2.15493858e-04,8518.9
65510,1.513247,1.423772,2.15470444e-04,8520.7
65520,1.435452,1.418082,2.15447029e-04,8522.3
65530,1.441729,1.399525,2.15423612e-04,8523.8
65540,1.542528,1.583994,2.15400193e-04,8525.3
65550,1.449482,1.443722,2.15376773e-04,8526.8
65560,1.420543,1.503285,2.15353351e-04,8528.0
65570,1.319700,1.512870,2.15329927e-04,8529.2
65580,1.403157,1.417225,2.15306501e-04,8530.3
65590,1.388099,1.431155,2.15283073e-04,8531.5
65600,1.382878,1.560453,2.15259644e-04,8532.6
65610,1.427370,1.448476,2.15236213e-04,8533.7
65620,1.534253,1.433754,2.15212780e-04,8534.9
65630,1.497844,1.466349,2.15189345e-04,8536.0
65640,1.422330,1.448110,2.15165909e-04,8537.1
65650,1.605229,1.514864,2.15142471e-04,8538.2
65660,1.452055,1.502388,2.15119031e-04,8539.4
65670,1.439600,1.500510,2.15095589e-04,8540.5
65680,1.349992,1.385256,2.15072146e-04,8541.6
65690,1.438787,1.419843,2.15048701e-04,8542.7
65700,1.379279,1.401461,2.15025254e-04,8543.9
65710,1.527495,1.512655,2.15001805e-04,8545.1
65720,1.429162,1.419552,2.14978355e-04,8546.2
65730,1.488188,1.426890,2.14954903e-04,8547.3
65740,1.471647,1.485900,2.14931449e-04,8548.4
65750,1.483860,1.491763,2.14907994e-04,8549.5
65760,1.428007,1.311232,2.14884536e-04,8550.7
65770,1.382002,1.429608,2.14861077e-04,8551.8
65780,1.443392,1.449762,2.14837616e-04,8553.0
65790,1.519757,1.514049,2.14814154e-04,8554.1
65800,1.476694,1.439757,2.14790689e-04,8555.2
65810,1.369202,1.397775,2.14767223e-04,8556.4
65820,1.427812,1.493090,2.14743755e-04,8557.5
65830,1.497682,1.514812,2.14720286e-04,8558.6
65840,1.547813,1.362742,2.14696815e-04,8559.8
65850,1.439161,1.485698,2.14673342e-04,8560.9
65860,1.498723,1.442234,2.14649867e-04,8562.0
65870,1.463168,1.449023,2.14626390e-04,8563.1
65880,1.439829,1.511204,2.14602912e-04,8564.2
65890,1.388189,1.443495,2.14579432e-04,8565.3
65900,1.406131,1.428800,2.14555950e-04,8566.4
65910,1.431021,1.406917,2.14532467e-04,8567.6
65920,1.450022,1.339407,2.14508982e-04,8568.7
65930,1.392262,1.362812,2.14485495e-04,8569.8
65940,1.430460,1.513195,2.14462006e-04,8570.9
65950,1.378335,1.502860,2.14438516e-04,8572.0
65960,1.353032,1.361560,2.14415024e-04,8573.2
65970,1.499785,1.416580,2.14391530e-04,8574.3
65980,1.455471,1.425798,2.14368035e-04,8575.4
65990,1.373748,1.477192,2.14344537e-04,8576.5
66000,1.439048,1.411010,2.14321038e-04,8577.6
66010,1.470055,1.517093,2.14297538e-04,8579.0
66020,1.445325,1.462415,2.14274035e-04,8580.1
66030,1.406809,1.381183,2.14250531e-04,8581.2
66040,1.414079,1.441820,2.14227025e-04,8582.3
66050,1.435014,1.397864,2.14203517e-04,8583.4
66060,1.421298,1.516016,2.14180008e-04,8584.5
66070,1.437144,1.475186,2.14156497e-04,8585.7
66080,1.410714,1.507828,2.14132984e-04,8586.8
66090,1.438239,1.429782,2.14109470e-04,8587.9
66100,1.406131,1.403711,2.14085954e-04,8589.0
66110,1.486035,1.390440,2.14062436e-04,8590.1
66120,1.351188,1.442931,2.14038916e-04,8591.2
66130,1.395891,1.454807,2.14015395e-04,8592.3
66140,1.437501,1.404106,2.13991872e-04,8593.4
66150,1.445852,1.414247,2.13968347e-04,8594.5
66160,1.474709,1.376350,2.13944820e-04,8595.7
66170,1.501414,1.439832,2.13921292e-04,8596.8
66180,1.465019,1.395189,2.13897762e-04,8597.9
66190,1.437344,1.443636,2.13874231e-04,8599.0
66200,1.459923,1.466263,2.13850697e-04,8600.1
66210,1.438336,1.545933,2.13827162e-04,8601.2
66220,1.534421,1.463912,2.13803626e-04,8602.3
66230,1.664538,1.456990,2.13780087e-04,8603.4
66240,1.525542,1.452064,2.13756547e-04,8604.5
66250,1.357534,1.373575,2.13733005e-04,8605.6
66260,1.388548,1.433732,2.13709462e-04,8606.7
66270,1.480091,1.440176,2.13685916e-04,8607.9
66280,1.416262,1.460348,2.13662369e-04,8609.0
66290,1.499430,1.460951,2.13638821e-04,8610.1
66300,1.428576,1.524417,2.13615270e-04,8611.2
66310,1.369309,1.504284,2.13591718e-04,8612.3
66320,1.436117,1.472015,2.13568164e-04,8613.4
66330,1.425570,1.412597,2.13544609e-04,8614.5
66340,1.402699,1.488035,2.13521052e-04,8615.6
66350,1.433350,1.456113,2.13497493e-04,8616.7
66360,1.500245,1.399199,2.13473932e-04,8617.8
66370,1.406530,1.347639,2.13450370e-04,8618.9
66380,1.449947,1.547746,2.13426806e-04,8620.1
66390,1.391316,1.464291,2.13403241e-04,8621.2
66400,1.386533,1.453208,2.13379673e-04,8622.3
66410,1.464368,1.497524,2.13356104e-04,8623.4
66420,1.424929,1.343882,2.13332533e-04,8624.5
66430,1.636564,1.397724,2.13308961e-04,8625.6
66440,1.446091,1.441198,2.13285387e-04,8626.7
66450,1.399537,1.522054,2.13261811e-04,8627.8
66460,1.450828,1.567331,2.13238234e-04,8629.0
66470,1.519867,1.425766,2.13214655e-04,8630.1
66480,1.383551,1.461926,2.13191074e-04,8631.2
66490,1.397126,1.544071,2.13167491e-04,8632.3
66500,1.483051,1.449368,2.13143907e-04,8633.4
66510,1.453456,1.423823,2.13120321e-04,8634.7
66520,1.480717,1.427161,2.13096733e-04,8635.8
66530,1.415303,1.445966,2.13073144e-04,8636.9
66540,1.441150,1.440625,2.13049553e-04,8638.0
66550,1.421257,1.382395,2.13025961e-04,8639.1
66560,1.482658,1.375767,2.13002366e-04,8640.3
66570,1.477437,1.521341,2.12978770e-04,8641.4
66580,1.415752,1.409545,2.12955173e-04,8642.5
66590,1.433627,1.460930,2.12931573e-04,8643.6
66600,1.564058,1.474509,2.12907972e-04,8644.7
66610,1.462663,1.507659,2.12884370e-04,8645.8
66620,1.517940,1.401741,2.12860765e-04,8646.9
66630,1.386061,1.513551,2.12837159e-04,8648.1
66640,1.268504,1.376677,2.12813551e-04,8649.2
66650,1.482834,1.458568,2.12789942e-04,8650.3
66660,1.397388,1.411917,2.12766331e-04,8651.4
66670,1.574261,1.522681,2.12742718e-04,8652.5
66680,1.364485,1.403794,2.12719104e-04,8653.6
66690,1.459934,1.456984,2.12695488e-04,8654.7
66700,1.385999,1.446548,2.12671870e-04,8655.8
66710,1.426519,1.446116,2.12648251e-04,8657.0
66720,1.576191,1.444806,2.12624630e-04,8658.1
66730,1.443232,1.498495,2.12601007e-04,8659.2
66740,1.358833,1.313193,2.12577383e-04,8660.3
66750,1.535863,1.395319,2.12553756e-04,8661.4
66760,1.493090,1.371362,2.12530129e-04,8662.5
66770,1.545241,1.532210,2.12506499e-04,8663.7
66780,1.405308,1.442184,2.12482868e-04,8664.8
66790,1.412774,1.480195,2.12459236e-04,8665.9
66800,1.347569,1.362101,2.12435601e-04,8667.0
66810,1.444662,1.397542,2.12411965e-04,8668.1
66820,1.393804,1.478464,2.12388328e-04,8669.3
66830,1.594233,1.468522,2.12364688e-04,8670.4
66840,1.440208,1.452420,2.12341047e-04,8671.5
66850,1.398806,1.388672,2.12317405e-04,8672.6
66860,1.518204,1.511312,2.12293760e-04,8673.7
66870,1.428641,1.516933,2.12270114e-04,8674.9
66880,1.491256,1.482011,2.12246467e-04,8676.0
66890,1.407145,1.302162,2.12222817e-04,8677.1
66900,1.356059,1.407285,2.12199167e-04,8678.2
66910,1.554772,1.397297,2.12175514e-04,8679.3
66920,1.407039,1.449107,2.12151860e-04,8680.4
66930,1.393939,1.447707,2.12128204e-04,8681.5
66940,1.367447,1.486358,2.12104546e-04,8682.6
66950,1.416278,1.433528,2.12080887e-04,8683.7
66960,1.395122,1.267160,2.12057226e-04,8684.9
66970,1.428166,1.407610,2.12033564e-04,8686.0
66980,1.363849,1.477158,2.12009900e-04,8687.1
66990,1.488687,1.397474,2.11986234e-04,8688.2
67000,1.434416,1.394090,2.11962567e-04,8689.3
67010,1.463567,1.405863,2.11938898e-04,8690.6
67020,1.331045,1.359063,2.11915227e-04,8691.7
67030,1.458401,1.366521,2.11891555e-04,8692.9
67040,1.464473,1.419332,2.11867881e-04,8694.0
67050,1.424075,1.472408,2.11844205e-04,8695.1
67060,1.366452,1.437602,2.11820528e-04,8696.2
67070,1.412025,1.372220,2.11796849e-04,8697.3
67080,1.445045,1.528275,2.11773169e-04,8698.4
67090,1.485434,1.400469,2.11749486e-04,8699.5
67100,1.514704,1.395612,2.11725803e-04,8700.6
67110,1.414030,1.382314,2.11702117e-04,8701.7
67120,1.385371,1.437312,2.11678430e-04,8702.8
67130,1.444518,1.525448,2.11654742e-04,8703.9
67140,1.388296,1.401682,2.11631051e-04,8705.1
67150,1.407984,1.436319,2.11607359e-04,8706.2
67160,1.382868,1.378049,2.11583666e-04,8707.3
67170,1.421517,1.434503,2.11559971e-04,8708.4
67180,1.351348,1.421153,2.11536274e-04,8709.5
67190,1.409987,1.482569,2.11512575e-04,8710.6
67200,1.467162,1.462732,2.11488875e-04,8711.7
67210,1.471680,1.453594,2.11465174e-04,8712.8
67220,1.383222,1.406088,2.11441470e-04,8713.9
67230,1.405125,1.437674,2.11417765e-04,8715.1
67240,1.383125,1.428968,2.11394059e-04,8716.2
67250,1.427369,1.329897,2.11370351e-04,8717.3
67260,1.345085,1.395251,2.11346641e-04,8718.4
67270,1.417081,1.440654,2.11322929e-04,8719.5
67280,1.470288,1.457977,2.11299216e-04,8720.6
67290,1.413629,1.498289,2.11275502e-04,8721.7
67300,1.442290,1.561924,2.11251785e-04,8722.9
67310,1.318094,1.451035,2.11228067e-04,8724.0
67320,1.449013,1.508715,2.11204348e-04,8725.1
67330,1.518903,1.481236,2.11180627e-04,8726.2
67340,1.498720,1.488693,2.11156904e-04,8727.3
67350,1.492798,1.401110,2.11133180e-04,8728.4
67360,1.490223,1.456081,2.11109454e-04,8729.5
67370,1.363971,1.442780,2.11085726e-04,8730.6
67380,1.377751,1.516974,2.11061997e-04,8731.8
67390,1.453631,1.508649,2.11038266e-04,8732.9
67400,1.466892,1.466108,2.11014534e-04,8734.0
67410,1.419642,1.392844,2.10990800e-04,8735.1
67420,1.433396,1.415940,2.10967064e-04,8736.2
67430,1.446571,1.496815,2.10943327e-04,8737.3
67440,1.398477,1.463817,2.10919588e-04,8738.5
67450,1.422801,1.507103,2.10895847e-04,8739.6
67460,1.470509,1.469397,2.10872105e-04,8740.7
67470,1.458532,1.599903,2.10848362e-04,8741.8
67480,1.394394,1.444025,2.10824616e-04,8742.9
67490,1.418204,1.495602,2.10800869e-04,8744.1
67500,1.534986,1.493206,2.10777121e-04,8745.2
67510,1.494590,1.433459,2.10753371e-04,8746.5
67520,1.447921,1.504834,2.10729619e-04,8747.6
67530,1.440448,1.419676,2.10705866e-04,8748.7
67540,1.398249,1.433872,2.10682111e-04,8749.9
67550,1.474587,1.333515,2.10658355e-04,8751.0
67560,1.501445,1.329149,2.10634597e-04,8752.1
67570,1.380201,1.426975,2.10610837e-04,8753.3
67580,1.483237,1.425130,2.10587076e-04,8754.4
67590,1.385463,1.440370,2.10563313e-04,8755.5
67600,1.434794,1.467641,2.10539548e-04,8756.6
67610,1.448929,1.507082,2.10515782e-04,8757.8
67620,1.535717,1.442109,2.10492015e-04,8758.9
67630,1.390740,1.491680,2.10468245e-04,8760.0
67640,1.378307,1.479063,2.10444475e-04,8761.1
67650,1.466918,1.478186,2.10420702e-04,8762.3
67660,1.463122,1.550491,2.10396928e-04,8763.4
67670,1.493093,1.369946,2.10373153e-04,8764.5
67680,1.406990,1.430415,2.10349375e-04,8765.6
67690,1.478422,1.375344,2.10325597e-04,8766.8
67700,1.499763,1.457837,2.10301816e-04,8767.9
67710,1.493087,1.502638,2.10278034e-04,8769.0
67720,1.331759,1.452563,2.10254251e-04,8770.1
67730,1.641320,1.451347,2.10230466e-04,8771.3
67740,1.471852,1.475547,2.10206679e-04,8772.4
67750,1.508811,1.426078,2.10182891e-04,8773.5
67760,1.442872,1.350437,2.10159101e-04,8774.7
67770,1.426843,1.497169,2.10135310e-04,8775.8
67780,1.420278,1.345343,2.10111517e-04,8777.0
67790,1.402899,1.341557,2.10087722e-04,8778.1
67800,1.433322,1.520358,2.10063926e-04,8779.2
67810,1.414586,1.482391,2.10040128e-04,8780.3
67820,1.358693,1.387341,2.10016329e-04,8781.5
67830,1.433150,1.491759,2.09992528e-04,8782.5
67840,1.426550,1.470378,2.09968726e-04,8783.7
67850,1.380673,1.358866,2.09944922e-04,8784.8
67860,1.420958,1.429970,2.09921116e-04,8785.9
67870,1.442503,1.488239,2.09897309e-04,8787.0
67880,1.359681,1.536700,2.09873500e-04,8788.2
67890,1.452637,1.486620,2.09849690e-04,8789.3
67900,1.525758,1.429348,2.09825878e-04,8790.4
67910,1.367404,1.459728,2.09802065e-04,8791.5
67920,1.469149,1.564450,2.09778250e-04,8792.7
67930,1.494673,1.412694,2.09754433e-04,8793.8
67940,1.390375,1.426433,2.09730615e-04,8794.9
67950,1.325951,1.467053,2.09706795e-04,8796.0
67960,1.440013,1.546165,2.09682974e-04,8797.2
67970,1.372938,1.565971,2.09659151e-04,8798.3
67980,1.414817,1.407269,2.09635327e-04,8799.4
67990,1.354186,1.495126,2.09611501e-04,8800.5
68000,1.472217,1.486945,2.09587673e-04,8801.6
68010,1.450827,1.546916,2.09563844e-04,8802.9
68020,1.405833,1.461377,2.09540014e-04,8804.0
68030,1.410699,1.389225,2.09516182e-04,8805.1
68040,1.369831,1.524668,2.09492348e-04,8806.2
68050,1.548176,1.434785,2.09468512e-04,8807.4
68060,1.326891,1.427852,2.09444676e-04,8808.5
68070,1.513494,1.377535,2.09420837e-04,8809.6
68080,1.372559,1.374890,2.09396997e-04,8810.7
68090,1.524328,1.403403,2.09373156e-04,8811.8
68100,1.398917,1.429212,2.09349313e-04,8813.0
68110,1.293914,1.461887,2.09325468e-04,8814.1
68120,1.306536,1.379123,2.09301622e-04,8815.2
68130,1.454398,1.534740,2.09277774e-04,8816.3
68140,1.471047,1.418938,2.09253925e-04,8817.4
68150,1.349789,1.398950,2.09230074e-04,8818.5
68160,1.445578,1.407001,2.09206222e-04,8819.6
68170,1.545456,1.364003,2.09182368e-04,8820.7
68180,1.424061,1.448445,2.09158513e-04,8821.8
68190,1.355110,1.490517,2.09134656e-04,8822.9
68200,1.401981,1.453413,2.09110797e-04,8824.0
68210,1.402381,1.496153,2.09086937e-04,8825.1
68220,1.396821,1.493745,2.09063075e-04,8826.2
68230,1.468051,1.337808,2.09039212e-04,8827.4
68240,1.523340,1.448200,2.09015348e-04,8828.5
68250,1.445361,1.478702,2.08991481e-04,8829.6
68260,1.401995,1.334361,2.08967614e-04,8830.7
68270,1.330509,1.358385,2.08943744e-04,8831.8
68280,1.415679,1.427046,2.08919873e-04,8832.9
68290,1.425627,1.483293,2.08896001e-04,8834.0
68300,1.397329,1.439677,2.08872127e-04,8835.1
68310,1.452204,1.418087,2.08848252e-04,8836.2
68320,1.355191,1.468680,2.08824375e-04,8837.4
68330,1.423006,1.439341,2.08800496e-04,8838.5
68340,1.522220,1.521509,2.08776616e-04,8839.6
68350,1.383500,1.437043,2.08752735e-04,8840.7
68360,1.462564,1.525410,2.08728851e-04,8841.8
68370,1.472027,1.440308,2.08704967e-04,8842.9
68380,1.382035,1.481402,2.08681081e-04,8844.0
68390,1.495935,1.515229,2.08657193e-04,8845.1
68400,1.398739,1.401435,2.08633304e-04,8846.3
68410,1.468029,1.501118,2.08609413e-04,8847.4
68420,1.497825,1.336654,2.08585521e-04,8848.5
68430,1.432609,1.535512,2.08561627e-04,8849.6
68440,1.397914,1.519269,2.08537732e-04,8850.8
68450,1.387315,1.419477,2.08513835e-04,8851.9
68460,1.423798,1.340261,2.08489936e-04,8853.0
68470,1.375073,1.526459,2.08466037e-04,8854.1
68480,1.386334,1.502044,2.08442135e-04,8855.2
68490,1.390357,1.409923,2.08418232e-04,8856.3
68500,1.426492,1.443759,2.08394328e-04,8857.5
68510,1.404383,1.363427,2.08370422e-04,8858.8
68520,1.488112,1.438972,2.08346514e-04,8859.9
68530,1.415734,1.382046,2.08322605e-04,8861.0
68540,1.385427,1.355427,2.08298695e-04,8862.1
68550,1.433377,1.441801,2.08274783e-04,8863.2
68560,1.526511,1.324449,2.08250869e-04,8864.3
68570,1.451476,1.436329,2.08226954e-04,8865.4
68580,1.408454,1.346964,2.08203038e-04,8866.5
68590,1.428578,1.406544,2.08179120e-04,8867.7
68600,1.428167,1.503692,2.08155200e-04,8868.8
68610,1.494820,1.383178,2.08131279e-04,8869.9
68620,1.361373,1.469080,2.08107356e-04,8871.0
68630,1.455061,1.391618,2.08083432e-04,8872.1
68640,1.481977,1.376686,2.08059507e-04,8873.2
68650,1.338738,1.373186,2.08035580e-04,8874.3
68660,1.451809,1.543686,2.08011651e-04,8875.4
68670,1.350460,1.574464,2.07987721e-04,8876.5
68680,1.481324,1.434852,2.07963789e-04,8877.6
68690,1.437918,1.403145,2.07939856e-04,8878.8
68700,1.390784,1.482884,2.07915922e-04,8879.9
68710,1.431645,1.429984,2.07891985e-04,8881.0
68720,1.360154,1.369435,2.07868048e-04,8882.1
68730,1.391059,1.379928,2.07844109e-04,8883.2
68740,1.476036,1.519072,2.07820168e-04,8884.4
68750,1.530228,1.419513,2.07796226e-04,8885.5
68760,1.445679,1.496582,2.07772282e-04,8886.6
68770,1.395138,1.446095,2.07748337e-04,8887.7
68780,1.440913,1.453915,2.07724391e-04,8888.8
68790,1.395379,1.416390,2.07700442e-04,8889.9
68800,1.382572,1.542224,2.07676493e-04,8891.0
68810,1.498669,1.438601,2.07652542e-04,8892.1
68820,1.431613,1.489459,2.07628589e-04,8893.2
68830,1.445085,1.436042,2.07604635e-04,8894.3
68840,1.444757,1.514184,2.07580680e-04,8895.4
68850,1.466641,1.393696,2.07556723e-04,8896.6
68860,1.461748,1.492611,2.07532764e-04,8897.7
68870,1.449671,1.463113,2.07508804e-04,8898.8
68880,1.429255,1.445795,2.07484842e-04,8899.9
68890,1.353280,1.493810,2.07460879e-04,8901.1
68900,1.448636,1.370110,2.07436915e-04,8902.2
68910,1.461338,1.473980,2.07412949e-04,8903.3
68920,1.470905,1.441139,2.07388982e-04,8904.4
68930,1.385501,1.516327,2.07365013e-04,8905.5
68940,1.373344,1.418605,2.07341042e-04,8906.6
68950,1.327584,1.352178,2.07317070e-04,8907.8
68960,1.470779,1.379140,2.07293097e-04,8908.9
68970,1.450562,1.396303,2.07269122e-04,8910.0
68980,1.385060,1.386586,2.07245146e-04,8911.1
68990,1.440730,1.375851,2.07221168e-04,8912.2
69000,1.389904,1.531240,2.07197189e-04,8913.3
69010,1.424612,1.520331,2.07173208e-04,8914.6
69020,1.330094,1.409374,2.07149226e-04,8915.7
69030,1.355649,1.491510,2.07125242e-04,8916.8
69040,1.428795,1.373177,2.07101257e-04,8918.0
69050,1.481311,1.443346,2.07077270e-04,8919.1
69060,1.429606,1.435277,2.07053282e-04,8920.2
69070,1.387403,1.379711,2.07029292e-04,8921.3
69080,1.396411,1.444837,2.07005301e-04,8922.4
69090,1.383065,1.394482,2.06981309e-04,8923.5
69100,1.486583,1.422395,2.06957315e-04,8924.6
69110,1.362040,1.346102,2.06933319e-04,8925.8
69120,1.520423,1.477439,2.06909322e-04,8927.0
69130,1.412492,1.424128,2.06885324e-04,8928.2
69140,1.526007,1.413226,2.06861324e-04,8929.4
69150,1.443242,1.401501,2.06837323e-04,8930.5
69160,1.331976,1.483598,2.06813320e-04,8931.7
69170,1.285079,1.325304,2.06789316e-04,8932.8
69180,1.451204,1.403721,2.06765310e-04,8933.9
69190,1.400908,1.465093,2.06741303e-04,8935.0
69200,1.412665,1.402762,2.06717294e-04,8936.2
69210,1.432050,1.522438,2.06693284e-04,8937.3
69220,1.370357,1.460664,2.06669273e-04,8938.4
69230,1.450330,1.511700,2.06645260e-04,8939.5
69240,1.347981,1.434759,2.06621245e-04,8940.6
69250,1.435829,1.539200,2.06597229e-04,8941.7
69260,1.468274,1.448490,2.06573212e-04,8942.8
69270,1.439066,1.418765,2.06549193e-04,8943.9
69280,1.549758,1.400175,2.06525173e-04,8945.0
69290,1.416665,1.470119,2.06501151e-04,8946.1
69300,1.313206,1.423517,2.06477128e-04,8947.2
69310,1.463998,1.513904,2.06453103e-04,8948.4
69320,1.410307,1.492918,2.06429077e-04,8949.5
69330,1.444011,1.520475,2.06405050e-04,8950.6
69340,1.504447,1.515354,2.06381021e-04,8951.7
69350,1.436311,1.453484,2.06356990e-04,8952.8
69360,1.454160,1.419487,2.06332958e-04,8953.9
69370,1.395062,1.308185,2.06308925e-04,8955.0
69380,1.491868,1.378134,2.06284890e-04,8956.1
69390,1.426456,1.421033,2.06260854e-04,8957.2
69400,1.404813,1.437890,2.06236816e-04,8958.3
69410,1.532778,1.252295,2.06212777e-04,8959.5
69420,1.479347,1.391629,2.06188737e-04,8960.6
69430,1.429797,1.515421,2.06164695e-04,8961.7
69440,1.392716,1.434062,2.06140651e-04,8962.8
69450,1.552497,1.451086,2.06116606e-04,8963.9
69460,1.377322,1.366542,2.06092560e-04,8965.1
69470,1.414521,1.481501,2.06068512e-04,8966.2
69480,1.527630,1.533471,2.06044463e-04,8967.3
69490,1.349791,1.466089,2.06020413e-04,8968.4
69500,1.446655,1.564030,2.05996361e-04,8969.5
69510,1.456843,1.347445,2.05972307e-04,8970.8
69520,1.452259,1.377190,2.05948252e-04,8971.9
69530,1.439610,1.402527,2.05924196e-04,8973.0
69540,1.311928,1.536769,2.05900138e-04,8974.1
69550,1.467642,1.531277,2.05876079e-04,8975.3
69560,1.426963,1.424927,2.05852018e-04,8976.4
69570,1.357763,1.511642,2.05827956e-04,8977.5
69580,1.564299,1.447722,2.05803893e-04,8978.6
69590,1.478745,1.368995,2.05779828e-04,8979.7
69600,1.445417,1.472145,2.05755762e-04,8980.9
69610,1.381977,1.364610,2.05731694e-04,8982.0
69620,1.405782,1.384692,2.05707625e-04,8983.1
69630,1.345558,1.379434,2.05683554e-04,8984.2
69640,1.405154,1.397161,2.05659482e-04,8985.3
69650,1.488761,1.404260,2.05635409e-04,8986.5
69660,1.336697,1.394252,2.05611334e-04,8987.6
69670,1.409166,1.352643,2.05587257e-04,8988.7
69680,1.431684,1.442626,2.05563180e-04,8989.8
69690,1.450327,1.356158,2.05539101e-04,8991.0
69700,1.404982,1.481531,2.05515020e-04,8992.1
69710,1.498805,1.451255,2.05490938e-04,8993.2
69720,1.468687,1.526811,2.05466855e-04,8994.3
69730,1.498470,1.393693,2.05442770e-04,8995.4
69740,1.465451,1.485836,2.05418684e-04,8996.6
69750,1.478318,1.348091,2.05394596e-04,8997.7
69760,1.449455,1.343027,2.05370507e-04,8998.8
69770,1.471615,1.434920,2.05346417e-04,9000.0
69780,1.568678,1.477035,2.05322325e-04,9001.1
69790,1.515543,1.288881,2.05298231e-04,9002.2
69800,1.527876,1.445605,2.05274137e-04,9003.3
69810,1.466147,1.433854,2.05250041e-04,9004.4
69820,1.513906,1.398607,2.05225943e-04,9005.6
69830,1.404263,1.488543,2.05201844e-04,9006.7
69840,1.416579,1.368275,2.05177744e-04,9007.8
69850,1.388011,1.388035,2.05153642e-04,9008.9
69860,1.432720,1.325890,2.05129539e-04,9010.1
69870,1.438460,1.395704,2.05105435e-04,9011.2
69880,1.450928,1.359610,2.05081329e-04,9012.3
69890,1.331919,1.460059,2.05057221e-04,9013.4
69900,1.430196,1.388665,2.05033113e-04,9014.5
69910,1.383425,1.415621,2.05009002e-04,9015.7
69920,1.449042,1.411112,2.04984891e-04,9016.8
69930,1.353215,1.421596,2.04960778e-04,9017.9
69940,1.419912,1.451309,2.04936664e-04,9019.0
69950,1.402776,1.428441,2.04912548e-04,9020.2
69960,1.327763,1.430592,2.04888431e-04,9021.3
69970,1.478308,1.451325,2.04864312e-04,9022.4
69980,1.337907,1.386132,2.04840193e-04,9023.5
69990,1.393908,1.466001,2.04816071e-04,9024.6
70000,1.413728,1.427655,2.04791949e-04,9025.8
70010,1.377546,1.425578,2.04767824e-04,9027.1
70020,1.387783,1.410630,2.04743699e-04,9028.2
70030,1.274153,1.387620,2.04719572e-04,9029.3
70040,1.515366,1.358867,2.04695444e-04,9030.4
70050,1.423061,1.399057,2.04671314e-04,9031.5
70060,1.549122,1.318761,2.04647183e-04,9032.7
70070,1.511337,1.395875,2.04623051e-04,9033.8
70080,1.458615,1.462307,2.04598917e-04,9034.9
70090,1.513958,1.507280,2.04574782e-04,9036.0
70100,1.388917,1.493041,2.04550645e-04,9037.2
70110,1.347087,1.496620,2.04526507e-04,9038.3
70120,1.374142,1.401825,2.04502368e-04,9039.4
70130,1.498127,1.417529,2.04478227e-04,9040.5
70140,1.343573,1.400303,2.04454085e-04,9041.6
70150,1.498022,1.437769,2.04429942e-04,9042.8
70160,1.433137,1.445946,2.04405797e-04,9043.9
70170,1.338765,1.452169,2.04381651e-04,9045.0
70180,1.439340,1.430410,2.04357503e-04,9046.1
70190,1.372317,1.321690,2.04333354e-04,9047.3
70200,1.555977,1.494747,2.04309204e-04,9048.4
70210,1.504686,1.335920,2.04285052e-04,9049.5
70220,1.470165,1.462593,2.04260899e-04,9050.6
70230,1.392596,1.494863,2.04236744e-04,9051.7
70240,1.500391,1.505557,2.04212589e-04,9052.8
70250,1.390010,1.454474,2.04188431e-04,9053.9
70260,1.353763,1.454342,2.04164273e-04,9055.0
70270,1.426741,1.402173,2.04140113e-04,9056.1
70280,1.448847,1.607267,2.04115952e-04,9057.2
70290,1.410495,1.374738,2.04091789e-04,9058.4
70300,1.505458,1.538574,2.04067625e-04,9059.5
70310,1.343004,1.533096,2.04043459e-04,9060.6
70320,1.397795,1.526083,2.04019293e-04,9061.7
70330,1.429898,1.455807,2.03995124e-04,9062.8
70340,1.463201,1.466937,2.03970955e-04,9063.9
70350,1.474843,1.352549,2.03946784e-04,9065.0
70360,1.361493,1.398930,2.03922612e-04,9066.1
70370,1.363184,1.407199,2.03898438e-04,9067.2
70380,1.488040,1.424413,2.03874263e-04,9068.3
70390,1.505129,1.405591,2.03850087e-04,9069.4
70400,1.503416,1.442672,2.03825909e-04,9070.6
70410,1.433524,1.486784,2.03801730e-04,9071.7
70420,1.494748,1.439527,2.03777550e-04,9072.8
70430,1.474402,1.586816,2.03753368e-04,9073.9
70440,1.467842,1.481324,2.03729185e-04,9075.0
70450,1.422264,1.530505,2.03705000e-04,9076.2
70460,1.477363,1.330734,2.03680815e-04,9077.3
70470,1.377005,1.434805,2.03656627e-04,9078.4
70480,1.439069,1.483899,2.03632439e-04,9079.5
70490,1.428149,1.341715,2.03608249e-04,9080.6
70500,1.299482,1.478332,2.03584058e-04,9081.7
70510,1.376870,1.465265,2.03559865e-04,9083.0
70520,1.395899,1.533057,2.03535671e-04,9084.1
70530,1.431099,1.512179,2.03511476e-04,9085.2
70540,1.342009,1.475345,2.03487279e-04,9086.4
70550,1.455746,1.558385,2.03463081e-04,9087.5
70560,1.447398,1.473059,2.03438882e-04,9088.6
70570,1.433701,1.398920,2.03414682e-04,9089.7
70580,1.396816,1.497705,2.03390480e-04,9090.8
70590,1.395247,1.371303,2.03366276e-04,9091.9
70600,1.430750,1.458118,2.03342072e-04,9093.1
70610,1.469818,1.346724,2.03317866e-04,9094.2
70620,1.404355,1.466609,2.03293658e-04,9095.3
70630,1.401547,1.448262,2.03269449e-04,9096.4
70640,1.513440,1.432275,2.03245239e-04,9097.5
70650,1.392476,1.368750,2.03221028e-04,9098.6
70660,1.363765,1.478961,2.03196815e-04,9099.7
70670,1.416097,1.402147,2.03172601e-04,9100.8
70680,1.425422,1.435688,2.03148386e-04,9102.0
70690,1.381262,1.445837,2.03124169e-04,9103.1
70700,1.407824,1.372474,2.03099951e-04,9104.2
70710,1.457010,1.436244,2.03075732e-04,9105.3
70720,1.460998,1.450568,2.03051511e-04,9106.4
70730,1.434772,1.436862,2.03027289e-04,9107.5
70740,1.405132,1.482163,2.03003066e-04,9108.6
70750,1.415212,1.326728,2.02978841e-04,9109.7
70760,1.340068,1.489037,2.02954615e-04,9110.8
70770,1.470828,1.408732,2.02930388e-04,9111.9
70780,1.437781,1.545549,2.02906159e-04,9113.0
70790,1.451196,1.412697,2.02881929e-04,9114.1
70800,1.476570,1.489316,2.02857698e-04,9115.3
70810,1.509067,1.400029,2.02833465e-04,9116.4
70820,1.414945,1.437268,2.02809231e-04,9117.5
70830,1.465513,1.479774,2.02784996e-04,9118.6
70840,1.426917,1.405161,2.02760759e-04,9119.7
70850,1.474996,1.361285,2.02736521e-04,9120.8
70860,1.379409,1.411617,2.02712282e-04,9121.9
70870,1.409388,1.549263,2.02688041e-04,9123.0
70880,1.443266,1.433940,2.02663799e-04,9124.1
70890,1.429456,1.392710,2.02639556e-04,9125.2
70900,1.486220,1.488341,2.02615312e-04,9126.3
70910,1.358957,1.457002,2.02591066e-04,9127.4
70920,1.431041,1.415367,2.02566819e-04,9128.6
70930,1.372149,1.430168,2.02542570e-04,9129.7
70940,1.464292,1.478265,2.02518320e-04,9130.8
70950,1.407094,1.390028,2.02494069e-04,9131.9
70960,1.420404,1.382450,2.02469817e-04,9133.0
70970,1.452893,1.431251,2.02445563e-04,9134.2
70980,1.445920,1.373525,2.02421308e-04,9135.3
70990,1.400740,1.525020,2.02397052e-04,9136.4
71000,1.400566,1.418041,2.02372794e-04,9137.5
71010,1.442906,1.426601,2.02348535e-04,9138.8
71020,1.506444,1.424390,2.02324275e-04,9139.9
71030,1.371947,1.428341,2.02300013e-04,9141.0
71040,1.414689,1.449378,2.02275750e-04,9142.1
71050,1.527503,1.406829,2.02251486e-04,9143.2
71060,1.449203,1.393821,2.02227221e-04,9144.4
71070,1.635504,1.428767,2.02202954e-04,9145.5
71080,1.466123,1.482543,2.02178686e-04,9146.6
71090,1.391060,1.376706,2.02154417e-04,9147.7
71100,1.539112,1.405273,2.02130146e-04,9148.8
71110,1.330932,1.415264,2.02105874e-04,9149.9
71120,1.434380,1.414385,2.02081601e-04,9151.0
71130,1.506504,1.480069,2.02057326e-04,9152.1
71140,1.465295,1.437940,2.02033050e-04,9153.2
71150,1.485685,1.464893,2.02008773e-04,9154.3
71160,1.408806,1.524144,2.01984495e-04,9155.5
71170,1.517794,1.438843,2.01960215e-04,9156.6
71180,1.385685,1.527697,2.01935934e-04,9157.7
71190,1.421089,1.550386,2.01911651e-04,9158.8
71200,1.426114,1.465273,2.01887368e-04,9159.9
71210,1.529159,1.427459,2.01863083e-04,9161.0
71220,1.410071,1.389403,2.01838797e-04,9162.1
71230,1.482681,1.393454,2.01814509e-04,9163.2
71240,1.383219,1.410177,2.01790220e-04,9164.4
71250,1.324878,1.514559,2.01765930e-04,9165.5
71260,1.351497,1.444730,2.01741639e-04,9166.6
71270,1.356251,1.400466,2.01717346e-04,9167.7
71280,1.427800,1.389628,2.01693052e-04,9168.8
71290,1.466418,1.415607,2.01668757e-04,9169.9
71300,1.437510,1.325084,2.01644461e-04,9171.1
71310,1.387381,1.524564,2.01620163e-04,9172.2
71320,1.422537,1.453724,2.01595864e-04,9173.3
71330,1.323404,1.491765,2.01571564e-04,9174.4
71340,1.379263,1.468786,2.01547262e-04,9175.5
71350,1.422908,1.447763,2.01522959e-04,9176.6
71360,1.385337,1.397424,2.01498655e-04,9177.7
71370,1.460400,1.390333,2.01474350e-04,9178.8
71380,1.411304,1.485922,2.01450043e-04,9179.9
71390,1.475842,1.547435,2.01425735e-04,9181.1
71400,1.474843,1.487076,2.01401426e-04,9182.2
71410,1.405754,1.527428,2.01377115e-04,9183.3
71420,1.396840,1.561848,2.01352803e-04,9184.4
71430,1.448357,1.411168,2.01328490e-04,9185.5
71440,1.457628,1.433543,2.01304176e-04,9186.6
71450,1.463508,1.376403,2.01279860e-04,9187.7
71460,1.427742,1.313055,2.01255543e-04,9188.9
71470,1.330314,1.381257,2.01231225e-04,9190.0
71480,1.394909,1.485970,2.01206906e-04,9191.1
71490,1.482288,1.486142,2.01182585e-04,9192.2
71500,1.452030,1.374100,2.01158263e-04,9193.3
71510,1.439484,1.583880,2.01133940e-04,9194.6
71520,1.545248,1.425802,2.01109615e-04,9195.8
71530,1.309861,1.380953,2.01085290e-04,9196.9
71540,1.396925,1.474147,2.01060963e-04,9198.0
71550,1.467880,1.397147,2.01036634e-04,9199.1
71560,1.407324,1.375841,2.01012305e-04,9200.3
71570,1.416182,1.415914,2.00987974e-04,9201.4
71580,1.494977,1.536780,2.00963642e-04,9202.5
71590,1.409763,1.527989,2.00939309e-04,9203.6
71600,1.333844,1.506424,2.00914974e-04,9204.7
71610,1.412391,1.505976,2.00890638e-04,9205.8
71620,1.356829,1.425696,2.00866301e-04,9207.0
71630,1.455099,1.450416,2.00841963e-04,9208.1
71640,1.555946,1.463315,2.00817623e-04,9209.2
71650,1.418492,1.444683,2.00793283e-04,9210.3
71660,1.499238,1.417408,2.00768940e-04,9211.4
71670,1.463559,1.557608,2.00744597e-04,9212.5
71680,1.402943,1.318801,2.00720253e-04,9213.6
71690,1.364351,1.400850,2.00695907e-04,9214.7
71700,1.463425,1.428491,2.00671560e-04,9215.9
71710,1.377918,1.445757,2.00647211e-04,9217.0
71720,1.356524,1.373720,2.00622862e-04,9218.1
71730,1.381612,1.325588,2.00598511e-04,9219.2
71740,1.396832,1.410388,2.00574159e-04,9220.3
71750,1.478610,1.444996,2.00549806e-04,9221.5
71760,1.462138,1.511905,2.00525451e-04,9222.6
71770,1.526559,1.328889,2.00501095e-04,9223.7
71780,1.464262,1.399371,2.00476738e-04,9224.8
71790,1.487766,1.503369,2.00452380e-04,9226.0
71800,1.455566,1.456947,2.00428020e-04,9227.1
71810,1.349563,1.388142,2.00403660e-04,9228.2
71820,1.588601,1.431680,2.00379298e-04,9229.4
71830,1.414573,1.407987,2.00354934e-04,9230.5
71840,1.446078,1.448180,2.00330570e-04,9231.6
71850,1.453096,1.423260,2.00306204e-04,9232.8
71860,1.415308,1.406498,2.00281837e-04,9233.9
71870,1.447200,1.439271,2.00257469e-04,9235.0
71880,1.353369,1.409016,2.00233100e-04,9236.2
71890,1.463550,1.424973,2.00208729e-04,9237.3
71900,1.339285,1.434746,2.00184357e-04,9238.4
71910,1.365332,1.431454,2.00159984e-04,9239.6
71920,1.485868,1.465651,2.00135610e-04,9240.7
71930,1.417781,1.437720,2.00111234e-04,9241.8
71940,1.387172,1.569166,2.00086858e-04,9243.0
71950,1.342216,1.452466,2.00062480e-04,9244.1
71960,1.362208,1.565666,2.00038100e-04,9245.2
71970,1.399811,1.477324,2.00013720e-04,9246.3
71980,1.465899,1.583013,1.99989338e-04,9247.4
71990,1.453708,1.492725,1.99964955e-04,9248.6
72000,1.373678,1.489119,1.99940571e-04,9249.7
72010,1.364018,1.426773,1.99916186e-04,9251.1
72020,1.432853,1.477229,1.99891799e-04,9252.2
72030,1.385232,1.440433,1.99867411e-04,9253.4
72040,1.518469,1.377613,1.99843022e-04,9254.5
72050,1.474059,1.466138,1.99818632e-04,9255.6
72060,1.377583,1.472875,1.99794241e-04,9256.7
72070,1.388190,1.398802,1.99769848e-04,9257.9
72080,1.500925,1.480012,1.99745454e-04,9259.0
72090,1.532865,1.449545,1.99721059e-04,9260.1
72100,1.357781,1.521611,1.99696663e-04,9261.3
72110,1.482975,1.480625,1.99672265e-04,9262.4
72120,1.545266,1.387663,1.99647866e-04,9263.5
72130,1.394521,1.469516,1.99623467e-04,9264.6
72140,1.404207,1.468472,1.99599065e-04,9265.8
72150,1.509578,1.505714,1.99574663e-04,9266.9
72160,1.430567,1.396730,1.99550259e-04,9268.0
72170,1.369893,1.411158,1.99525855e-04,9269.1
72180,1.428798,1.451063,1.99501449e-04,9270.3
72190,1.335678,1.448527,1.99477041e-04,9271.4
72200,1.533913,1.543998,1.99452633e-04,9272.5
72210,1.379834,1.434765,1.99428223e-04,9273.7
72220,1.481372,1.360575,1.99403813e-04,9274.8
72230,1.511433,1.510370,1.99379401e-04,9275.9
72240,1.324562,1.496011,1.99354987e-04,9277.0
72250,1.465857,1.507084,1.99330573e-04,9278.1
72260,1.409323,1.378680,1.99306157e-04,9279.2
72270,1.376547,1.345229,1.99281741e-04,9280.3
72280,1.400251,1.250798,1.99257323e-04,9281.4
72290,1.390408,1.463006,1.99232903e-04,9282.5
72300,1.393930,1.433288,1.99208483e-04,9283.7
72310,1.410858,1.418311,1.99184061e-04,9284.8
72320,1.375488,1.460864,1.99159638e-04,9285.9
72330,1.368924,1.362063,1.99135214e-04,9287.0
72340,1.433270,1.427914,1.99110789e-04,9288.1
72350,1.346432,1.403927,1.99086363e-04,9289.2
72360,1.392411,1.459486,1.99061935e-04,9290.3
72370,1.480078,1.327770,1.99037507e-04,9291.4
72380,1.462907,1.494873,1.99013077e-04,9292.5
72390,1.358506,1.439920,1.98988645e-04,9293.7
72400,1.414902,1.495028,1.98964213e-04,9294.8
72410,1.428763,1.383657,1.98939780e-04,9295.9
72420,1.414880,1.486329,1.98915345e-04,9297.0
72430,1.420446,1.376149,1.98890909e-04,9298.1
72440,1.381773,1.486787,1.98866472e-04,9299.2
72450,1.373598,1.388425,1.98842034e-04,9300.4
72460,1.392792,1.536702,1.98817594e-04,9301.5
72470,1.433239,1.327058,1.98793154e-04,9302.6
72480,1.431459,1.520667,1.98768712e-04,9303.7
72490,1.638093,1.460907,1.98744269e-04,9304.8
72500,1.437985,1.332119,1.98719825e-04,9305.9
72510,1.444741,1.451199,1.98695379e-04,9307.2
72520,1.416185,1.447767,1.98670933e-04,9308.3
72530,1.413656,1.362957,1.98646485e-04,9309.4
72540,1.426497,1.265653,1.98622036e-04,9310.5
72550,1.472772,1.524262,1.98597586e-04,9311.6
72560,1.494257,1.428716,1.98573135e-04,9312.7
72570,1.446167,1.416784,1.98548682e-04,9313.9
72580,1.400637,1.407193,1.98524229e-04,9315.0
72590,1.449915,1.446540,1.98499774e-04,9316.1
72600,1.463877,1.429668,1.98475318e-04,9317.2
72610,1.494249,1.548204,1.98450861e-04,9318.3
72620,1.340545,1.390404,1.98426403e-04,9319.4
72630,1.442991,1.430265,1.98401943e-04,9320.6
72640,1.385396,1.476235,1.98377483e-04,9321.7
72650,1.395205,1.490968,1.98353021e-04,9322.8
72660,1.377664,1.374691,1.98328558e-04,9323.9
72670,1.337726,1.348817,1.98304094e-04,9325.1
72680,1.424319,1.460660,1.98279629e-04,9326.2
72690,1.549261,1.428994,1.98255162e-04,9327.3
72700,1.452551,1.510556,1.98230695e-04,9328.4
72710,1.364395,1.360200,1.98206226e-04,9329.5
72720,1.422912,1.402113,1.98181756e-04,9330.6
72730,1.443330,1.412483,1.98157285e-04,9331.8
72740,1.355621,1.419968,1.98132813e-04,9332.9
72750,1.500611,1.573647,1.98108339e-04,9334.0
72760,1.382041,1.490331,1.98083865e-04,9335.1
72770,1.445385,1.422934,1.98059389e-04,9336.2
72780,1.523809,1.455492,1.98034912e-04,9337.3
72790,1.416582,1.430018,1.98010434e-04,9338.4
72800,1.420905,1.425148,1.97985955e-04,9339.5
72810,1.390001,1.501009,1.97961474e-04,9340.6
72820,1.345588,1.426428,1.97936993e-04,9341.7
72830,1.424839,1.506974,1.97912510e-04,9342.8
72840,1.419630,1.391684,1.97888027e-04,9343.9
72850,1.449027,1.358957,1.97863542e-04,9345.0
72860,1.422911,1.349022,1.97839056e-04,9346.1
72870,1.343128,1.390742,1.97814568e-04,9347.3
72880,1.347413,1.364570,1.97790080e-04,9348.4
72890,1.439563,1.537915,1.97765590e-04,9349.5
72900,1.361661,1.341607,1.97741100e-04,9350.6
72910,1.473599,1.483967,1.97716608e-04,9351.7
72920,1.444907,1.420357,1.97692115e-04,9352.8
72930,1.536651,1.408854,1.97667621e-04,9354.0
72940,1.441050,1.334645,1.97643126e-04,9355.1
72950,1.381712,1.403316,1.97618629e-04,9356.2
72960,1.460209,1.540859,1.97594132e-04,9357.3
72970,1.486404,1.349185,1.97569633e-04,9358.4
72980,1.459541,1.405255,1.97545133e-04,9359.5
72990,1.527299,1.430333,1.97520632e-04,9360.6
73000,1.436784,1.427439,1.97496130e-04,9361.7
73010,1.348540,1.472577,1.97471627e-04,9363.0
73020,1.398669,1.445901,1.97447123e-04,9364.1
73030,1.469494,1.429370,1.97422617e-04,9365.2
73040,1.367060,1.436632,1.97398110e-04,9366.3
73050,1.464853,1.535646,1.97373603e-04,9367.5
73060,1.471923,1.500923,1.97349094e-04,9368.6
73070,1.389941,1.419605,1.97324584e-04,9369.7
73080,1.486473,1.413514,1.97300073e-04,9370.8
73090,1.438546,1.503058,1.97275560e-04,9371.9
73100,1.414051,1.437021,1.97251047e-04,9373.0
73110,1.426907,1.445143,1.97226532e-04,9374.1
73120,1.349630,1.427389,1.97202017e-04,9375.2
73130,1.449716,1.370342,1.97177500e-04,9376.4
73140,1.389690,1.440410,1.97152982e-04,9377.5
73150,1.397551,1.438673,1.97128463e-04,9378.6
73160,1.444160,1.456097,1.97103943e-04,9379.7
73170,1.449114,1.451519,1.97079422e-04,9380.8
73180,1.402581,1.482233,1.97054899e-04,9381.9
73190,1.361825,1.548006,1.97030376e-04,9383.0
73200,1.415141,1.335024,1.97005851e-04,9384.1
73210,1.498899,1.497561,1.96981325e-04,9385.2
73220,1.488141,1.558559,1.96956798e-04,9386.4
73230,1.348420,1.490574,1.96932270e-04,9387.5
73240,1.461047,1.492805,1.96907741e-04,9388.6
73250,1.531143,1.453290,1.96883211e-04,9389.7
73260,1.442300,1.337544,1.96858680e-04,9390.8
73270,1.481708,1.455193,1.96834147e-04,9391.9
73280,1.407046,1.441772,1.96809614e-04,9393.0
73290,1.389650,1.409675,1.96785079e-04,9394.2
73300,1.397519,1.400714,1.96760543e-04,9395.3
73310,1.420223,1.397152,1.96736006e-04,9396.4
73320,1.477782,1.412513,1.96711468e-04,9397.5
73330,1.366236,1.453383,1.96686929e-04,9398.6
73340,1.478939,1.492578,1.96662389e-04,9399.7
73350,1.395395,1.406951,1.96637847e-04,9400.8
73360,1.427861,1.394732,1.96613305e-04,9401.9
73370,1.462917,1.408371,1.96588761e-04,9403.0
73380,1.415458,1.347417,1.96564217e-04,9404.1
73390,1.493123,1.461522,1.96539671e-04,9405.2
73400,1.436337,1.449887,1.96515124e-04,9406.3
73410,1.380669,1.505264,1.96490576e-04,9407.4
73420,1.394791,1.447552,1.96466027e-04,9408.6
73430,1.450752,1.492754,1.96441477e-04,9409.7
73440,1.462627,1.558152,1.96416926e-04,9410.8
73450,1.378537,1.462257,1.96392373e-04,9411.9
73460,1.454001,1.427392,1.96367820e-04,9413.0
73470,1.483592,1.364836,1.96343265e-04,9414.2
73480,1.466457,1.494613,1.96318710e-04,9415.3
73490,1.486411,1.446574,1.96294153e-04,9416.4
73500,1.436251,1.382226,1.96269595e-04,9417.5
73510,1.477586,1.342366,1.96245036e-04,9418.8
73520,1.420800,1.429388,1.96220476e-04,9419.9
73530,1.369765,1.403978,1.96195915e-04,9421.0
73540,1.423185,1.371057,1.96171353e-04,9422.1
73550,1.395177,1.407602,1.96146789e-04,9423.2
73560,1.500917,1.455144,1.96122225e-04,9424.4
73570,1.445952,1.506602,1.96097659e-04,9425.5
73580,1.492469,1.409629,1.96073093e-04,9426.6
73590,1.413557,1.346670,1.96048525e-04,9427.7
73600,1.440912,1.322665,1.96023956e-04,9428.8
73610,1.441249,1.399490,1.95999387e-04,9429.9
73620,1.434848,1.472136,1.95974816e-04,9431.0
73630,1.386571,1.430881,1.95950244e-04,9432.1
73640,1.395339,1.370878,1.95925671e-04,9433.2
73650,1.440751,1.412943,1.95901096e-04,9434.4
73660,1.571084,1.384306,1.95876521e-04,9435.5
73670,1.421934,1.542493,1.95851945e-04,9436.6
73680,1.420560,1.360994,1.95827367e-04,9437.7
73690,1.487570,1.477114,1.95802789e-04,9438.8
73700,1.401068,1.434145,1.95778209e-04,9439.9
73710,1.397069,1.411722,1.95753629e-04,9441.0
73720,1.410193,1.396571,1.95729047e-04,9442.1
73730,1.449383,1.384826,1.95704464e-04,9443.2
73740,1.385746,1.415037,1.95679880e-04,9444.3
73750,1.513876,1.529203,1.95655296e-04,9445.5
73760,1.409893,1.452104,1.95630710e-04,9446.6
73770,1.465470,1.411159,1.95606122e-04,9447.7
73780,1.335701,1.461525,1.95581534e-04,9448.8
73790,1.365374,1.378770,1.95556945e-04,9449.9
73800,1.367620,1.392489,1.95532355e-04,9451.0
73810,1.472214,1.362191,1.95507763e-04,9452.2
73820,1.450756,1.388649,1.95483171e-04,9453.3
73830,1.419419,1.420654,1.95458578e-04,9454.4
73840,1.332057,1.404791,1.95433983e-04,9455.5
73850,1.548710,1.335262,1.95409387e-04,9456.6
73860,1.466238,1.370760,1.95384791e-04,9457.7
73870,1.508302,1.377257,1.95360193e-04,9458.9
73880,1.491736,1.420249,1.95335594e-04,9460.0
73890,1.452413,1.494335,1.95310994e-04,9461.1
73900,1.495087,1.286496,1.95286393e-04,9462.2
73910,1.504887,1.401661,1.95261791e-04,9463.3
73920,1.328108,1.449240,1.95237188e-04,9464.5
73930,1.405883,1.374241,1.95212584e-04,9465.6
73940,1.362451,1.441846,1.95187979e-04,9466.7
73950,1.432599,1.323156,1.95163373e-04,9467.8
73960,1.443360,1.349313,1.95138766e-04,9468.9
73970,1.420325,1.432382,1.95114157e-04,9470.1
73980,1.464860,1.344873,1.95089548e-04,9471.2
73990,1.492108,1.400973,1.95064938e-04,9472.3
74000,1.443352,1.377979,1.95040326e-04,9473.4
74010,1.356970,1.374560,1.95015714e-04,9474.7
74020,1.484410,1.503097,1.94991100e-04,9475.8
74030,1.451272,1.400669,1.94966485e-04,9477.0
74040,1.459170,1.541486,1.94941870e-04,9478.1
74050,1.496063,1.490576,1.94917253e-04,9479.2
74060,1.342367,1.408662,1.94892635e-04,9480.4
74070,1.335161,1.494077,1.94868016e-04,9481.5
74080,1.312877,1.418844,1.94843397e-04,9482.6
74090,1.392268,1.495772,1.94818776e-04,9483.8
74100,1.479282,1.396489,1.94794154e-04,9484.9
74110,1.382758,1.458179,1.94769531e-04,9486.0
74120,1.337650,1.495829,1.94744907e-04,9487.1
74130,1.342683,1.445571,1.94720282e-04,9488.3
74140,1.366038,1.434642,1.94695656e-04,9489.4
74150,1.388698,1.540159,1.94671028e-04,9490.5
74160,1.523050,1.435016,1.94646400e-04,9491.6
74170,1.420351,1.453035,1.94621771e-04,9492.7
74180,1.488319,1.385702,1.94597141e-04,9493.9
74190,1.455943,1.378060,1.94572510e-04,9495.0
74200,1.381044,1.521571,1.94547877e-04,9496.1
74210,1.429845,1.405280,1.94523244e-04,9497.3
74220,1.403790,1.456308,1.94498609e-04,9498.4
74230,1.449616,1.402253,1.94473974e-04,9499.5
74240,1.333084,1.328218,1.94449338e-04,9500.7
74250,1.423712,1.489753,1.94424700e-04,9501.8
74260,1.353180,1.468564,1.94400062e-04,9502.9
74270,1.415598,1.489362,1.94375422e-04,9504.0
74280,1.328651,1.373150,1.94350782e-04,9505.1
74290,1.404572,1.393185,1.94326140e-04,9506.3
74300,1.365219,1.451672,1.94301497e-04,9507.4
74310,1.470322,1.499533,1.94276854e-04,9508.5
74320,1.495378,1.452934,1.94252209e-04,9509.6
74330,1.456330,1.409362,1.94227563e-04,9510.8
74340,1.371648,1.390866,1.94202917e-04,9511.9
74350,1.402009,1.534139,1.94178269e-04,9513.0
74360,1.340624,1.473722,1.94153620e-04,9514.1
74370,1.458155,1.492418,1.94128970e-04,9515.2
74380,1.435676,1.368048,1.94104320e-04,9516.3
74390,1.517956,1.495866,1.94079668e-04,9517.4
74400,1.484390,1.515338,1.94055015e-04,9518.6
74410,1.412600,1.447886,1.94030361e-04,9519.7
74420,1.403278,1.355516,1.94005706e-04,9520.8
74430,1.456414,1.431965,1.93981050e-04,9521.9
74440,1.344481,1.382825,1.93956394e-04,9523.0
74450,1.337237,1.356050,1.93931736e-04,9524.1
74460,1.403489,1.426507,1.93907077e-04,9525.3
74470,1.464476,1.441235,1.93882417e-04,9526.4
74480,1.400008,1.549353,1.93857756e-04,9527.5
74490,1.462480,1.530375,1.93833094e-04,9528.6
74500,1.349439,1.463194,1.93808431e-04,9529.7
74510,1.516129,1.324899,1.93783767e-04,9531.0
74520,1.473430,1.377824,1.93759102e-04,9532.1
74530,1.424930,1.275295,1.93734436e-04,9533.2
74540,1.310127,1.463515,1.93709769e-04,9534.3
74550,1.422999,1.336692,1.93685101e-04,9535.4
74560,1.495488,1.366784,1.93660432e-04,9536.5
74570,1.418700,1.409207,1.93635762e-04,9537.6
74580,1.367397,1.344495,1.93611091e-04,9538.7
74590,1.489467,1.456522,1.93586419e-04,9539.8
74600,1.457247,1.479516,1.93561746e-04,9541.0
74610,1.438685,1.334255,1.93537072e-04,9542.1
74620,1.374828,1.393512,1.93512397e-04,9543.2
74630,1.499217,1.458015,1.93487721e-04,9544.3
74640,1.370021,1.437663,1.93463044e-04,9545.4
74650,1.488024,1.470937,1.93438367e-04,9546.5
74660,1.439747,1.504777,1.93413688e-04,9547.6
74670,1.378504,1.496812,1.93389008e-04,9548.7
74680,1.330464,1.492232,1.93364327e-04,9549.8
74690,1.424611,1.434555,1.93339645e-04,9550.9
74700,1.386553,1.423663,1.93314962e-04,9552.0
74710,1.297297,1.417303,1.93290278e-04,9553.2
74720,1.443749,1.496310,1.93265593e-04,9554.3
74730,1.402957,1.359864,1.93240907e-04,9555.4
74740,1.487206,1.362969,1.93216220e-04,9556.5
74750,1.460864,1.495465,1.93191532e-04,9557.6
74760,1.490561,1.404973,1.93166844e-04,9558.7
74770,1.466969,1.436925,1.93142154e-04,9559.8
74780,1.456672,1.378752,1.93117463e-04,9560.9
74790,1.335199,1.433686,1.93092771e-04,9562.0
74800,1.387134,1.372137,1.93068078e-04,9563.2
74810,1.448623,1.498806,1.93043384e-04,9564.3
74820,1.378048,1.449757,1.93018690e-04,9565.4
74830,1.501558,1.421742,1.92993994e-04,9566.5
74840,1.508839,1.454955,1.92969297e-04,9567.6
74850,1.509838,1.480027,1.92944600e-04,9568.7
74860,1.416176,1.305967,1.92919901e-04,9569.8
74870,1.378510,1.495714,1.92895201e-04,9570.9
74880,1.371958,1.379603,1.92870501e-04,9572.0
74890,1.468118,1.397043,1.92845799e-04,9573.1
74900,1.495016,1.389218,1.92821097e-04,9574.3
74910,1.427167,1.430539,1.92796393e-04,9575.4
74920,1.462221,1.526951,1.92771688e-04,9576.5
74930,1.502298,1.356449,1.92746983e-04,9577.6
74940,1.423421,1.443577,1.92722277e-04,9578.7
74950,1.387394,1.392548,1.92697569e-04,9579.8
74960,1.469353,1.525961,1.92672861e-04,9581.0
74970,1.351398,1.449675,1.92648151e-04,9582.1
74980,1.409005,1.449179,1.92623441e-04,9583.2
74990,1.401456,1.516476,1.92598730e-04,9584.3
75000,1.394291,1.547454,1.92574018e-04,9585.4
75010,1.485778,1.355320,1.92549304e-04,9586.7
75020,1.423271,1.276606,1.92524590e-04,9587.8
75030,1.344627,1.478110,1.92499875e-04,9588.9
75040,1.413254,1.451783,1.92475159e-04,9590.0
75050,1.404044,1.478339,1.92450442e-04,9591.2
75060,1.417012,1.496885,1.92425724e-04,9592.3
75070,1.529310,1.359464,1.92401005e-04,9593.4
75080,1.448320,1.449668,1.92376285e-04,9594.5
75090,1.422405,1.325002,1.92351564e-04,9595.6
75100,1.366394,1.560332,1.92326842e-04,9596.7
75110,1.407413,1.381686,1.92302119e-04,9597.9
75120,1.344896,1.496289,1.92277396e-04,9599.0
75130,1.464749,1.536811,1.92252671e-04,9600.1
75140,1.439140,1.441384,1.92227945e-04,9601.2
75150,1.313064,1.514020,1.92203219e-04,9602.3
75160,1.395331,1.345102,1.92178491e-04,9603.4
75170,1.408656,1.422092,1.92153762e-04,9604.5
75180,1.442858,1.385966,1.92129033e-04,9605.6
75190,1.492211,1.420127,1.92104303e-04,9606.7
75200,1.370396,1.458839,1.92079571e-04,9607.8
75210,1.334370,1.409961,1.92054839e-04,9608.9
75220,1.382909,1.432013,1.92030106e-04,9610.1
75230,1.432358,1.435473,1.92005371e-04,9611.2
75240,1.385113,1.449702,1.91980636e-04,9612.3
75250,1.361259,1.473122,1.91955900e-04,9613.4
75260,1.432031,1.493146,1.91931163e-04,9614.5
75270,1.385326,1.400465,1.91906425e-04,9615.6
75280,1.437501,1.482492,1.91881686e-04,9616.7
75290,1.430124,1.475644,1.91856946e-04,9617.9
75300,1.397272,1.380072,1.91832205e-04,9619.0
75310,1.388026,1.443818,1.91807464e-04,9620.1
75320,1.478930,1.474257,1.91782721e-04,9621.2
75330,1.482754,1.367649,1.91757977e-04,9622.3
75340,1.458098,1.357069,1.91733233e-04,9623.4
75350,1.347673,1.291212,1.91708487e-04,9624.6
75360,1.408719,1.294918,1.91683741e-04,9625.7
75370,1.484888,1.494332,1.91658994e-04,9626.8
75380,1.354195,1.331323,1.91634245e-04,9627.9
75390,1.429946,1.375843,1.91609496e-04,9629.0
75400,1.507685,1.414261,1.91584746e-04,9630.2
75410,1.349183,1.469696,1.91559995e-04,9631.3
75420,1.414145,1.452057,1.91535243e-04,9632.4
75430,1.407278,1.476270,1.91510490e-04,9633.5
75440,1.467597,1.587224,1.91485736e-04,9634.6
75450,1.452202,1.469615,1.91460981e-04,9635.7
75460,1.426364,1.543247,1.91436226e-04,9636.8
75470,1.483932,1.373908,1.91411469e-04,9637.9
75480,1.457711,1.417520,1.91386711e-04,9639.1
75490,1.416682,1.388362,1.91361953e-04,9640.2
75500,1.474075,1.391880,1.91337193e-04,9641.3
75510,1.478925,1.401591,1.91312433e-04,9642.6
75520,1.509183,1.384320,1.91287672e-04,9643.7
75530,1.281403,1.423032,1.91262910e-04,9644.8
75540,1.366423,1.416459,1.91238147e-04,9645.9
75550,1.485850,1.494330,1.91213383e-04,9647.0
75560,1.441629,1.348989,1.91188618e-04,9648.1
75570,1.392841,1.385943,1.91163852e-04,9649.3
75580,1.493524,1.487043,1.91139085e-04,9650.4
75590,1.444127,1.448917,1.91114317e-04,9651.5
75600,1.377365,1.421484,1.91089549e-04,9652.6
75610,1.451739,1.449954,1.91064779e-04,9653.7
75620,1.439138,1.369716,1.91040009e-04,9654.8
75630,1.373688,1.362218,1.91015238e-04,9655.9
75640,1.330264,1.464707,1.90990465e-04,9657.1
75650,1.335028,1.317274,1.90965692e-04,9658.2
75660,1.410508,1.423207,1.90940918e-04,9659.3
75670,1.364367,1.462008,1.90916143e-04,9660.4
75680,1.385680,1.495395,1.90891368e-04,9661.5
75690,1.369792,1.513180,1.90866591e-04,9662.6
75700,1.379483,1.432616,1.90841813e-04,9663.7
75710,1.592193,1.357664,1.90817035e-04,9664.8
75720,1.350181,1.422321,1.90792255e-04,9666.0
75730,1.500516,1.435917,1.90767475e-04,9667.1
75740,1.381566,1.450908,1.90742693e-04,9668.2
75750,1.493549,1.501575,1.90717911e-04,9669.3
75760,1.504525,1.417017,1.90693128e-04,9670.4
75770,1.440487,1.311143,1.90668344e-04,9671.5
75780,1.407694,1.414026,1.90643559e-04,9672.7
75790,1.411200,1.371526,1.90618774e-04,9673.7
75800,1.377266,1.463875,1.90593987e-04,9674.9
75810,1.414224,1.429056,1.90569199e-04,9676.0
75820,1.465492,1.434024,1.90544411e-04,9677.1
75830,1.490406,1.465012,1.90519622e-04,9678.2
75840,1.458689,1.405756,1.90494831e-04,9679.3
75850,1.370781,1.451979,1.90470040e-04,9680.4
75860,1.348386,1.534598,1.90445248e-04,9681.5
75870,1.406394,1.427215,1.90420455e-04,9682.7
75880,1.354476,1.462307,1.90395662e-04,9683.8
75890,1.447258,1.504881,1.90370867e-04,9684.9
75900,1.320463,1.419092,1.90346071e-04,9686.0
75910,1.389460,1.404639,1.90321275e-04,9687.1
75920,1.386161,1.460884,1.90296477e-04,9688.2
75930,1.378114,1.441563,1.90271679e-04,9689.3
75940,1.533210,1.362000,1.90246880e-04,9690.5
75950,1.380212,1.415646,1.90222080e-04,9691.6
75960,1.348906,1.449535,1.90197279e-04,9692.7
75970,1.338961,1.398599,1.90172478e-04,9693.8
75980,1.469021,1.394141,1.90147675e-04,9694.9
75990,1.409519,1.360361,1.90122871e-04,9696.0
76000,1.519179,1.523923,1.90098067e-04,9697.1
76010,1.485188,1.411689,1.90073262e-04,9698.4
76020,1.374418,1.407459,1.90048456e-04,9699.6
76030,1.574975,1.435373,1.90023649e-04,9700.7
76040,1.398125,1.365311,1.89998841e-04,9701.8
76050,1.417116,1.488256,1.89974032e-04,9702.9
76060,1.466985,1.413827,1.89949222e-04,9704.0
76070,1.524572,1.408386,1.89924412e-04,9705.2
76080,1.434422,1.377863,1.89899600e-04,9706.3
76090,1.436037,1.376323,1.89874788e-04,9707.4
76100,1.337444,1.444999,1.89849975e-04,9708.5
76110,1.393957,1.478095,1.89825161e-04,9709.7
76120,1.504508,1.409701,1.89800346e-04,9710.8
76130,1.358897,1.436488,1.89775530e-04,9711.9
76140,1.454832,1.492908,1.89750714e-04,9713.0
76150,1.328378,1.442712,1.89725896e-04,9714.2
76160,1.444311,1.430804,1.89701078e-04,9715.3
76170,1.385787,1.422550,1.89676259e-04,9716.4
76180,1.462557,1.452228,1.89651439e-04,9717.5
76190,1.498662,1.492654,1.89626618e-04,9718.6
76200,1.333067,1.340032,1.89601796e-04,9719.7
76210,1.449820,1.500410,1.89576973e-04,9720.9
76220,1.341132,1.580879,1.89552150e-04,9722.0
76230,1.429261,1.354157,1.89527325e-04,9723.1
76240,1.360011,1.383775,1.89502500e-04,9724.2
76250,1.397866,1.497240,1.89477674e-04,9725.3
76260,1.483019,1.476414,1.89452847e-04,9726.5
76270,1.379419,1.488848,1.89428019e-04,9727.6
76280,1.504066,1.448458,1.89403191e-04,9728.7
76290,1.383568,1.441396,1.89378361e-04,9729.8
76300,1.471758,1.375977,1.89353531e-04,9730.9
76310,1.463271,1.336350,1.89328700e-04,9732.1
76320,1.421707,1.426460,1.89303868e-04,9733.2
76330,1.396519,1.497600,1.89279035e-04,9734.3
76340,1.503996,1.548629,1.89254201e-04,9735.4
76350,1.328073,1.455953,1.89229366e-04,9736.6
76360,1.510374,1.465183,1.89204531e-04,9737.7
76370,1.488519,1.441540,1.89179695e-04,9738.8
76380,1.434767,1.439771,1.89154858e-04,9739.9
76390,1.417891,1.409521,1.89130020e-04,9741.1
76400,1.473018,1.512145,1.89105181e-04,9742.2
76410,1.358825,1.449285,1.89080341e-04,9743.3
76420,1.508456,1.374785,1.89055501e-04,9744.5
76430,1.466830,1.412394,1.89030659e-04,9745.6
76440,1.398564,1.398430,1.89005817e-04,9746.7
76450,1.394848,1.455109,1.88980974e-04,9747.8
76460,1.441179,1.396477,1.88956130e-04,9749.0
76470,1.418163,1.294116,1.88931285e-04,9750.1
76480,1.456625,1.506989,1.88906440e-04,9751.2
76490,1.398687,1.389679,1.88881594e-04,9752.3
76500,1.407103,1.388201,1.88856746e-04,9753.4
76510,1.437881,1.526004,1.88831898e-04,9754.7
76520,1.511348,1.455427,1.88807049e-04,9755.8
76530,1.451063,1.378794,1.88782200e-04,9756.9
76540,1.379555,1.422034,1.88757349e-04,9758.0
76550,1.381890,1.400897,1.88732498e-04,9759.1
76560,1.338337,1.564053,1.88707646e-04,9760.2
76570,1.463225,1.346031,1.88682793e-04,9761.4
76580,1.350068,1.398748,1.88657939e-04,9762.5
76590,1.480163,1.379803,1.88633084e-04,9763.6
76600,1.419095,1.415722,1.88608228e-04,9764.7
76610,1.493654,1.344357,1.88583372e-04,9765.8
76620,1.527522,1.386998,1.88558515e-04,9766.9
76630,1.465484,1.427927,1.88533657e-04,9768.0
76640,1.372324,1.383844,1.88508798e-04,9769.2
76650,1.416256,1.493780,1.88483939e-04,9770.3
76660,1.443631,1.460860,1.88459078e-04,9771.4
76670,1.482424,1.397744,1.88434217e-04,9772.5
76680,1.409404,1.483597,1.88409355e-04,9773.6
76690,1.461960,1.400600,1.88384492e-04,9774.7
76700,1.377204,1.415514,1.88359628e-04,9775.8
76710,1.321617,1.480296,1.88334764e-04,9776.9
76720,1.419436,1.361489,1.88309898e-04,9778.0
76730,1.439743,1.391762,1.88285032e-04,9779.1
76740,1.367676,1.422447,1.88260165e-04,9780.2
76750,1.454699,1.436946,1.88235297e-04,9781.4
76760,1.479892,1.385893,1.88210429e-04,9782.5
76770,1.417671,1.435164,1.88185559e-04,9783.6
76780,1.445666,1.417232,1.88160689e-04,9784.7
76790,1.509350,1.476074,1.88135818e-04,9785.8
76800,1.490360,1.435698,1.88110946e-04,9786.9
76810,1.442597,1.318268,1.88086073e-04,9788.0
76820,1.478701,1.478611,1.88061200e-04,9789.1
76830,1.379388,1.472324,1.88036326e-04,9790.2
76840,1.352574,1.331758,1.88011450e-04,9791.4
76850,1.409933,1.412841,1.87986575e-04,9792.5
76860,1.468086,1.453356,1.87961698e-04,9793.6
76870,1.429674,1.384014,1.87936820e-04,9794.7
76880,1.345844,1.555461,1.87911942e-04,9795.8
76890,1.420509,1.389908,1.87887063e-04,9796.9
76900,1.500522,1.552162,1.87862183e-04,9798.0
76910,1.398147,1.419050,1.87837302e-04,9799.1
76920,1.468634,1.420244,1.87812421e-04,9800.2
76930,1.430171,1.366199,1.87787539e-04,9801.3
76940,1.433555,1.519857,1.87762655e-04,9802.4
76950,1.341694,1.413768,1.87737772e-04,9803.6
76960,1.500695,1.489991,1.87712887e-04,9804.7
76970,1.439003,1.463211,1.87688001e-04,9805.8
76980,1.460511,1.477482,1.87663115e-04,9806.9
76990,1.456841,1.411338,1.87638228e-04,9808.0
77000,1.378948,1.397495,1.87613340e-04,9809.1
77010,1.402886,1.437353,1.87588451e-04,9810.4
77020,1.488554,1.481008,1.87563562e-04,9811.5
77030,1.443912,1.436334,1.87538672e-04,9812.7
77040,1.360734,1.418090,1.87513781e-04,9813.8
77050,1.382382,1.391494,1.87488889e-04,9814.9
77060,1.362451,1.365291,1.87463996e-04,9816.0
77070,1.429330,1.415274,1.87439103e-04,9817.1
77080,1.360966,1.438353,1.87414209e-04,9818.2
77090,1.355904,1.358064,1.87389314e-04,9819.3
77100,1.448984,1.376369,1.87364418e-04,9820.4
77110,1.438242,1.455505,1.87339522e-04,9821.5
77120,1.379028,1.401661,1.87314624e-04,9822.6
77130,1.375373,1.424245,1.87289726e-04,9823.7
77140,1.419016,1.347510,1.87264827e-04,9824.8
77150,1.332788,1.428958,1.87239928e-04,9825.9
77160,1.372099,1.338466,1.87215027e-04,9827.0
77170,1.563263,1.377420,1.87190126e-04,9828.1
77180,1.417775,1.461162,1.87165224e-04,9829.2
77190,1.325724,1.455437,1.87140322e-04,9830.4
77200,1.370109,1.468879,1.87115418e-04,9831.5
77210,1.326464,1.428129,1.87090514e-04,9832.6
77220,1.455653,1.386250,1.87065609e-04,9833.7
77230,1.391760,1.393701,1.87040703e-04,9834.8
77240,1.556620,1.397174,1.87015796e-04,9835.9
77250,1.407645,1.367458,1.86990889e-04,9837.0
77260,1.440299,1.498525,1.86965981e-04,9838.1
77270,1.306552,1.475590,1.86941072e-04,9839.2
77280,1.534086,1.382035,1.86916162e-04,9840.4
77290,1.411497,1.425252,1.86891252e-04,9841.5
77300,1.445562,1.436345,1.86866341e-04,9842.6
77310,1.351189,1.520911,1.86841429e-04,9843.7
77320,1.360337,1.461071,1.86816516e-04,9844.8
77330,1.389889,1.373414,1.86791602e-04,9845.9
77340,1.398561,1.362544,1.86766688e-04,9847.0
77350,1.399902,1.423560,1.86741773e-04,9848.1
77360,1.451990,1.537519,1.86716857e-04,9849.2
77370,1.447416,1.447641,1.86691941e-04,9850.3
77380,1.383006,1.408727,1.86667023e-04,9851.5
77390,1.531406,1.417575,1.86642105e-04,9852.6
77400,1.595693,1.432136,1.86617187e-04,9853.7
77410,1.416955,1.350190,1.86592267e-04,9854.8
77420,1.533027,1.478938,1.86567347e-04,9855.9
77430,1.507720,1.418273,1.86542426e-04,9857.0
77440,1.440417,1.477493,1.86517504e-04,9858.1
77450,1.445523,1.370634,1.86492581e-04,9859.2
77460,1.468922,1.423656,1.86467658e-04,9860.3
77470,1.369066,1.477662,1.86442734e-04,9861.4
77480,1.401183,1.507925,1.86417809e-04,9862.6
77490,1.364692,1.479126,1.86392883e-04,9863.7
77500,1.373235,1.328995,1.86367957e-04,9864.8
77510,1.306817,1.398739,1.86343030e-04,9866.1
77520,1.399480,1.470543,1.86318102e-04,9867.2
77530,1.483544,1.372648,1.86293174e-04,9868.3
77540,1.402187,1.403638,1.86268244e-04,9869.4
77550,1.366902,1.386933,1.86243314e-04,9870.5
77560,1.472189,1.396404,1.86218383e-04,9871.6
77570,1.399896,1.334331,1.86193452e-04,9872.8
77580,1.391696,1.432902,1.86168520e-04,9873.9
77590,1.368838,1.404589,1.86143587e-04,9875.0
77600,1.387421,1.427706,1.86118653e-04,9876.1
77610,1.439389,1.387547,1.86093718e-04,9877.2
77620,1.350377,1.339729,1.86068783e-04,9878.3
77630,1.401438,1.459464,1.86043847e-04,9879.4
77640,1.492161,1.420095,1.86018910e-04,9880.5
77650,1.465668,1.454313,1.85993973e-04,9881.6
77660,1.489217,1.414985,1.85969035e-04,9882.7
77670,1.354785,1.495338,1.85944096e-04,9883.8
77680,1.502477,1.543293,1.85919156e-04,9884.9
77690,1.471717,1.458477,1.85894216e-04,9886.1
77700,1.394064,1.312889,1.85869275e-04,9887.2
77710,1.443811,1.448553,1.85844333e-04,9888.3
77720,1.429701,1.353359,1.85819390e-04,9889.4
77730,1.422832,1.452609,1.85794447e-04,9890.6
77740,1.407522,1.424312,1.85769503e-04,9891.7
77750,1.448751,1.426686,1.85744558e-04,9892.8
77760,1.525612,1.450934,1.85719613e-04,9893.9
77770,1.387556,1.383803,1.85694667e-04,9895.0
77780,1.404599,1.395809,1.85669720e-04,9896.1
77790,1.466051,1.403506,1.85644772e-04,9897.2
77800,1.439866,1.370212,1.85619824e-04,9898.3
77810,1.438497,1.481756,1.85594874e-04,9899.4
77820,1.418209,1.410704,1.85569925e-04,9900.6
77830,1.371212,1.439529,1.85544974e-04,9901.7
77840,1.511077,1.405656,1.85520023e-04,9902.8
77850,1.401818,1.313846,1.85495071e-04,9903.9
77860,1.409939,1.340244,1.85470118e-04,9905.0
77870,1.421745,1.485258,1.85445165e-04,9906.1
77880,1.413319,1.465736,1.85420211e-04,9907.3
77890,1.404880,1.417410,1.85395256e-04,9908.4
77900,1.339791,1.375618,1.85370300e-04,9909.5
77910,1.381871,1.394639,1.85345344e-04,9910.6
77920,1.410442,1.376078,1.85320387e-04,9911.7
77930,1.397901,1.412663,1.85295429e-04,9912.9
77940,1.434659,1.455561,1.85270471e-04,9914.0
77950,1.376663,1.465872,1.85245512e-04,9915.1
77960,1.400013,1.385885,1.85220552e-04,9916.2
77970,1.362559,1.442131,1.85195592e-04,9917.3
77980,1.389287,1.426230,1.85170630e-04,9918.4
77990,1.475108,1.225561,1.85145669e-04,9919.5
78000,1.372162,1.456315,1.85120706e-04,9920.6
78010,1.397276,1.420648,1.85095743e-04,9921.9
78020,1.363200,1.453417,1.85070779e-04,9923.0
78030,1.470496,1.417008,1.85045814e-04,9924.1
78040,1.502631,1.526561,1.85020848e-04,9925.2
78050,1.390160,1.365904,1.84995882e-04,9926.4
78060,1.390946,1.438488,1.84970915e-04,9927.5
78070,1.336868,1.379582,1.84945948e-04,9928.6
78080,1.416683,1.516232,1.84920980e-04,9929.7
78090,1.431138,1.456710,1.84896011e-04,9930.8
78100,1.332091,1.500964,1.84871041e-04,9932.0
78110,1.438356,1.390572,1.84846071e-04,9933.1
78120,1.461509,1.349643,1.84821100e-04,9934.2
78130,1.335937,1.470985,1.84796128e-04,9935.3
78140,1.381242,1.366777,1.84771156e-04,9936.4
78150,1.325192,1.456485,1.84746183e-04,9937.5
78160,1.292877,1.487941,1.84721209e-04,9938.6
78170,1.439806,1.471027,1.84696234e-04,9939.7
78180,1.420652,1.524246,1.84671259e-04,9940.9
78190,1.367904,1.474540,1.84646283e-04,9942.0
78200,1.356920,1.540580,1.84621307e-04,9943.1
78210,1.471027,1.433243,1.84596330e-04,9944.2
78220,1.472039,1.420808,1.84571352e-04,9945.3
78230,1.284705,1.443288,1.84546373e-04,9946.5
78240,1.336850,1.326085,1.84521394e-04,9947.6
78250,1.412251,1.491430,1.84496414e-04,9948.7
78260,1.475146,1.471920,1.84471433e-04,9949.9
78270,1.385071,1.387830,1.84446452e-04,9951.0
78280,1.467846,1.345651,1.84421470e-04,9952.1
78290,1.388067,1.334119,1.84396487e-04,9953.2
78300,1.542733,1.435666,1.84371504e-04,9954.3
78310,1.298777,1.410678,1.84346520e-04,9955.4
78320,1.455747,1.420285,1.84321535e-04,9956.6
78330,1.383367,1.369440,1.84296550e-04,9957.7
78340,1.438262,1.432287,1.84271564e-04,9958.8
78350,1.470254,1.664056,1.84246577e-04,9959.9
78360,1.457964,1.464477,1.84221590e-04,9961.0
78370,1.369397,1.377409,1.84196602e-04,9962.2
78380,1.478757,1.472131,1.84171613e-04,9963.3
78390,1.386638,1.417432,1.84146623e-04,9964.4
78400,1.396451,1.540712,1.84121633e-04,9965.5
78410,1.419544,1.438874,1.84096643e-04,9966.7
78420,1.390979,1.480517,1.84071651e-04,9967.8
78430,1.386574,1.319696,1.84046659e-04,9968.9
78440,1.379978,1.314671,1.84021666e-04,9970.1
78450,1.451172,1.411398,1.83996673e-04,9971.2
78460,1.287418,1.505254,1.83971679e-04,9972.3
78470,1.443127,1.367102,1.83946684e-04,9973.4
78480,1.415523,1.463573,1.83921689e-04,9974.6
78490,1.509713,1.534410,1.83896693e-04,9975.7
78500,1.468720,1.503933,1.83871696e-04,9976.8
78510,1.446472,1.432196,1.83846698e-04,9978.1
78520,1.359803,1.500102,1.83821700e-04,9979.2
78530,1.442202,1.506313,1.83796702e-04,9980.4
78540,1.501801,1.332884,1.83771702e-04,9981.5
78550,1.344282,1.374901,1.83746702e-04,9982.6
78560,1.354896,1.530463,1.83721702e-04,9983.8
78570,1.363785,1.449528,1.83696700e-04,9984.9
78580,1.416870,1.376752,1.83671698e-04,9986.0
78590,1.414304,1.477664,1.83646696e-04,9987.1
78600,1.408457,1.416855,1.83621692e-04,9988.3
78610,1.415442,1.383493,1.83596688e-04,9989.4
78620,1.390764,1.425082,1.83571684e-04,9990.5
78630,1.376786,1.361931,1.83546679e-04,9991.6
78640,1.396889,1.367231,1.83521673e-04,9992.8
78650,1.347339,1.371788,1.83496666e-04,9993.9
78660,1.415498,1.364500,1.83471659e-04,9995.0
78670,1.423303,1.470057,1.83446651e-04,9996.2
78680,1.486139,1.391196,1.83421643e-04,9997.3
78690,1.359997,1.349811,1.83396634e-04,9998.4
78700,1.375328,1.335181,1.83371624e-04,9999.5
78710,1.359462,1.327954,1.83346613e-04,10000.6
78720,1.451628,1.434705,1.83321602e-04,10001.7
78730,1.429142,1.399410,1.83296591e-04,10002.8
78740,1.326591,1.618493,1.83271578e-04,10003.9
78750,1.475652,1.439887,1.83246565e-04,10005.0
78760,1.383690,1.435770,1.83221552e-04,10006.1
78770,1.524310,1.368255,1.83196537e-04,10007.2
78780,1.367223,1.490242,1.83171523e-04,10008.4
78790,1.425724,1.436917,1.83146507e-04,10009.5
78800,1.395110,1.476744,1.83121491e-04,10010.6
78810,1.522024,1.408503,1.83096474e-04,10011.7
78820,1.443971,1.505816,1.83071457e-04,10012.8
78830,1.350312,1.353346,1.83046439e-04,10013.9
78840,1.365749,1.398093,1.83021420e-04,10015.0
78850,1.406323,1.476829,1.82996401e-04,10016.1
78860,1.349521,1.327955,1.82971381e-04,10017.3
78870,1.396767,1.490915,1.82946360e-04,10018.4
78880,1.272667,1.497885,1.82921339e-04,10019.5
78890,1.325884,1.412791,1.82896317e-04,10020.6
78900,1.344704,1.445842,1.82871295e-04,10021.8
78910,1.482089,1.448371,1.82846272e-04,10022.9
78920,1.471550,1.489217,1.82821248e-04,10024.0
78930,1.409662,1.532794,1.82796224e-04,10025.1
78940,1.385132,1.358245,1.82771199e-04,10026.3
78950,1.355761,1.408954,1.82746173e-04,10027.4
78960,1.357525,1.383468,1.82721147e-04,10028.5
78970,1.360293,1.471416,1.82696120e-04,10029.6
78980,1.385247,1.410890,1.82671093e-04,10030.7
78990,1.457508,1.489982,1.82646065e-04,10031.8
79000,1.464586,1.446111,1.82621036e-04,10032.9
79010,1.497830,1.415015,1.82596007e-04,10034.2
79020,1.418158,1.468527,1.82570977e-04,10035.3
79030,1.352861,1.423553,1.82545946e-04,10036.4
79040,1.395893,1.501232,1.82520915e-04,10037.6
79050,1.412151,1.532053,1.82495883e-04,10038.6
79060,1.289174,1.379680,1.82470851e-04,10039.7
79070,1.409704,1.336055,1.82445818e-04,10040.9
79080,1.433800,1.450113,1.82420785e-04,10042.0
79090,1.369498,1.336122,1.82395750e-04,10043.1
79100,1.330968,1.450491,1.82370716e-04,10044.2
79110,1.369980,1.482520,1.82345680e-04,10045.3
79120,1.442064,1.433280,1.82320644e-04,10046.4
79130,1.424191,1.391737,1.82295608e-04,10047.5
79140,1.511413,1.438652,1.82270570e-04,10048.6
79150,1.467072,1.347210,1.82245533e-04,10049.8
79160,1.427727,1.408406,1.82220494e-04,10050.9
79170,1.411346,1.541156,1.82195455e-04,10052.0
79180,1.442319,1.449842,1.82170416e-04,10053.1
79190,1.554520,1.434255,1.82145375e-04,10054.2
79200,1.270269,1.454724,1.82120335e-04,10055.3
79210,1.367874,1.244891,1.82095293e-04,10056.4
79220,1.427915,1.435936,1.82070251e-04,10057.5
79230,1.391519,1.490220,1.82045209e-04,10058.7
79240,1.441893,1.381470,1.82020165e-04,10059.8
79250,1.397039,1.430585,1.81995121e-04,10060.9
79260,1.414608,1.443562,1.81970077e-04,10062.0
79270,1.505402,1.462920,1.81945032e-04,10063.1
79280,1.410449,1.427279,1.81919987e-04,10064.3
79290,1.345352,1.579005,1.81894940e-04,10065.4
79300,1.407640,1.473705,1.81869894e-04,10066.5
79310,1.440702,1.382631,1.81844846e-04,10067.6
79320,1.429308,1.403283,1.81819798e-04,10068.7
79330,1.398045,1.332091,1.81794750e-04,10069.8
79340,1.466041,1.415740,1.81769701e-04,10070.9
79350,1.322164,1.378480,1.81744651e-04,10072.1
79360,1.362127,1.316170,1.81719601e-04,10073.2
79370,1.442404,1.423894,1.81694550e-04,10074.3
79380,1.323756,1.316236,1.81669498e-04,10075.4
79390,1.364037,1.409455,1.81644446e-04,10076.5
79400,1.302098,1.428495,1.81619394e-04,10077.6
79410,1.415885,1.457313,1.81594340e-04,10078.7
79420,1.477390,1.417739,1.81569287e-04,10079.8
79430,1.282616,1.475149,1.81544232e-04,10080.9
79440,1.385524,1.342621,1.81519177e-04,10082.0
79450,1.411349,1.468066,1.81494122e-04,10083.1
79460,1.471003,1.397417,1.81469066e-04,10084.2
79470,1.341002,1.345261,1.81444009e-04,10085.4
79480,1.357387,1.412396,1.81418952e-04,10086.5
79490,1.445034,1.394720,1.81393894e-04,10087.6
79500,1.487229,1.412109,1.81368836e-04,10088.7
79510,1.313533,1.445268,1.81343777e-04,10090.0
79520,1.446863,1.357986,1.81318717e-04,10091.1
79530,1.439569,1.393561,1.81293657e-04,10092.2
79540,1.466664,1.413969,1.81268596e-04,10093.4
79550,1.366884,1.277679,1.81243535e-04,10094.5
79560,1.444352,1.487638,1.81218473e-04,10095.6
79570,1.377770,1.363536,1.81193411e-04,10096.7
79580,1.470387,1.375912,1.81168348e-04,10097.8
79590,1.406996,1.394809,1.81143284e-04,10098.9
79600,1.383578,1.368761,1.81118220e-04,10100.0
79610,1.459194,1.405035,1.81093156e-04,10101.1
79620,1.364484,1.414084,1.81068090e-04,10102.2
79630,1.436761,1.381486,1.81043025e-04,10103.3
79640,1.362078,1.449168,1.81017958e-04,10104.5
79650,1.396535,1.521056,1.80992891e-04,10105.6
79660,1.399223,1.410325,1.80967824e-04,10106.7
79670,1.361639,1.471841,1.80942756e-04,10107.8
79680,1.510998,1.446751,1.80917687e-04,10108.9
79690,1.368227,1.405256,1.80892618e-04,10110.0
79700,1.354242,1.492357,1.80867549e-04,10111.1
79710,1.499395,1.372106,1.80842478e-04,10112.3
79720,1.366132,1.454288,1.80817408e-04,10113.4
79730,1.493317,1.464349,1.80792336e-04,10114.5
79740,1.301577,1.481616,1.80767264e-04,10115.6
79750,1.394709,1.413641,1.80742192e-04,10116.7
79760,1.300167,1.570235,1.80717119e-04,10117.8
79770,1.382621,1.449781,1.80692045e-04,10118.9
79780,1.372145,1.396756,1.80666971e-04,10120.0
79790,1.494813,1.362804,1.80641897e-04,10121.2
79800,1.465919,1.431606,1.80616822e-04,10122.3
79810,1.430991,1.472552,1.80591746e-04,10123.4
79820,1.398266,1.464257,1.80566670e-04,10124.5
79830,1.525664,1.409813,1.80541593e-04,10125.6
79840,1.422939,1.390932,1.80516515e-04,10126.7
79850,1.430575,1.459714,1.80491437e-04,10127.8
79860,1.367533,1.557539,1.80466359e-04,10128.9
79870,1.368206,1.399798,1.80441280e-04,10130.0
79880,1.384193,1.428272,1.80416200e-04,10131.1
79890,1.509635,1.386297,1.80391120e-04,10132.2
79900,1.332554,1.345778,1.80366040e-04,10133.4
79910,1.408334,1.370096,1.80340959e-04,10134.5
79920,1.474470,1.491211,1.80315877e-04,10135.6
79930,1.337743,1.493137,1.80290795e-04,10136.7
79940,1.490708,1.480464,1.80265712e-04,10137.8
79950,1.346707,1.386086,1.80240629e-04,10138.9
79960,1.415801,1.381331,1.80215545e-04,10140.0
79970,1.426320,1.402278,1.80190461e-04,10141.1
79980,1.396262,1.408066,1.80165376e-04,10142.2
79990,1.367836,1.471509,1.80140290e-04,10143.4
80000,1.386728,1.415469,1.80115204e-04,10144.5
80010,1.414462,1.429267,1.80090118e-04,10145.8
80020,1.359527,1.503127,1.80065031e-04,10146.9
80030,1.404291,1.451179,1.80039943e-04,10148.0
80040,1.416896,1.397880,1.80014855e-04,10149.1
80050,1.447081,1.408587,1.79989767e-04,10150.2
80060,1.439607,1.435651,1.79964678e-04,10151.4
80070,1.430752,1.526462,1.79939588e-04,10152.5
80080,1.351063,1.341897,1.79914498e-04,10153.6
80090,1.378590,1.392406,1.79889407e-04,10154.7
80100,1.331723,1.404341,1.79864316e-04,10155.8
80110,1.322789,1.393625,1.79839224e-04,10156.9
80120,1.417460,1.438550,1.79814132e-04,10158.0
80130,1.403672,1.456791,1.79789039e-04,10159.1
80140,1.425044,1.488530,1.79763946e-04,10160.2
80150,1.415342,1.426838,1.79738852e-04,10161.3
80160,1.400432,1.462207,1.79713758e-04,10162.4
80170,1.348030,1.489049,1.79688663e-04,10163.6
80180,1.494424,1.401754,1.79663568e-04,10164.7
80190,1.406549,1.419208,1.79638472e-04,10165.8
80200,1.475178,1.323758,1.79613376e-04,10166.9
80210,1.446657,1.521895,1.79588279e-04,10168.0
80220,1.477087,1.392991,1.79563181e-04,10169.1
80230,1.259731,1.388484,1.79538084e-04,10170.2
80240,1.416438,1.379185,1.79512985e-04,10171.4
80250,1.506927,1.334641,1.79487886e-04,10172.5
80260,1.390481,1.440804,1.79462787e-04,10173.6
80270,1.474086,1.390639,1.79437687e-04,10174.7
80280,1.424647,1.380062,1.79412587e-04,10175.8
80290,1.328125,1.441395,1.79387486e-04,10176.9
80300,1.272711,1.318064,1.79362384e-04,10178.0
80310,1.446338,1.457644,1.79337282e-04,10179.2
80320,1.384595,1.381345,1.79312180e-04,10180.3
80330,1.342410,1.389042,1.79287077e-04,10181.4
80340,1.435432,1.447472,1.79261974e-04,10182.5
80350,1.505258,1.464855,1.79236870e-04,10183.6
80360,1.359564,1.490807,1.79211765e-04,10184.7
80370,1.345246,1.523792,1.79186660e-04,10185.9
80380,1.509928,1.382834,1.79161555e-04,10187.0
80390,1.371643,1.334700,1.79136449e-04,10188.1
80400,1.419190,1.472254,1.79111343e-04,10189.2
80410,1.423467,1.480612,1.79086236e-04,10190.3
80420,1.452033,1.453683,1.79061128e-04,10191.5
80430,1.448423,1.427318,1.79036020e-04,10192.6
80440,1.377484,1.448007,1.79010912e-04,10193.7
80450,1.433862,1.413660,1.78985803e-04,10194.8
80460,1.434133,1.471262,1.78960694e-04,10196.0
80470,1.445631,1.338515,1.78935584e-04,10197.1
80480,1.536432,1.516106,1.78910474e-04,10198.2
80490,1.494845,1.348391,1.78885363e-04,10199.3
80500,1.411513,1.402553,1.78860252e-04,10200.5
80510,1.445660,1.422463,1.78835140e-04,10201.8
80520,1.386126,1.482882,1.78810028e-04,10202.9
80530,1.428308,1.389222,1.78784915e-04,10204.0
80540,1.462095,1.485056,1.78759802e-04,10205.1
80550,1.431623,1.392490,1.78734688e-04,10206.3
80560,1.421202,1.492177,1.78709574e-04,10207.4
80570,1.332969,1.468611,1.78684459e-04,10208.5
80580,1.551495,1.383925,1.78659344e-04,10209.6
80590,1.407832,1.355375,1.78634228e-04,10210.7
80600,1.371376,1.360914,1.78609112e-04,10211.9
80610,1.518033,1.393065,1.78583996e-04,10213.0
80620,1.443720,1.404850,1.78558878e-04,10214.1
80630,1.423629,1.395175,1.78533761e-04,10215.2
80640,1.402118,1.498440,1.78508643e-04,10216.4
80650,1.441102,1.422990,1.78483524e-04,10217.5
80660,1.464917,1.412126,1.78458406e-04,10218.6
80670,1.412109,1.502995,1.78433286e-04,10219.7
80680,1.464233,1.442185,1.78408166e-04,10220.9
80690,1.448218,1.416277,1.78383046e-04,10222.0
80700,1.585775,1.444499,1.78357925e-04,10223.1
80710,1.431576,1.346103,1.78332804e-04,10224.2
80720,1.452077,1.384012,1.78307682e-04,10225.4
80730,1.368260,1.414879,1.78282560e-04,10226.5
80740,1.409097,1.474562,1.78257437e-04,10227.6
80750,1.422060,1.430597,1.78232314e-04,10228.7
80760,1.286907,1.442422,1.78207190e-04,10229.8
80770,1.442661,1.413277,1.78182066e-04,10230.9
80780,1.483671,1.361998,1.78156942e-04,10232.1
80790,1.363059,1.378646,1.78131817e-04,10233.2
80800,1.473306,1.462499,1.78106691e-04,10234.3
80810,1.401071,1.355199,1.78081565e-04,10235.5
80820,1.528762,1.409817,1.78056439e-04,10236.6
80830,1.341403,1.341474,1.78031312e-04,10237.7
80840,1.375230,1.294053,1.78006185e-04,10238.8
80850,1.398923,1.447937,1.77981057e-04,10239.9
80860,1.423728,1.400874,1.77955929e-04,10241.0
80870,1.404604,1.423651,1.77930800e-04,10242.1
80880,1.342225,1.404022,1.77905671e-04,10243.2
80890,1.372322,1.504570,1.77880542e-04,10244.3
80900,1.458218,1.548055,1.77855412e-04,10245.5
80910,1.460643,1.303451,1.77830281e-04,10246.6
80920,1.386399,1.432635,1.77805150e-04,10247.7
80930,1.367430,1.435653,1.77780019e-04,10248.8
80940,1.408853,1.497842,1.77754887e-04,10249.9
80950,1.316357,1.428073,1.77729755e-04,10251.0
80960,1.410660,1.326430,1.77704622e-04,10252.1
80970,1.344197,1.465605,1.77679489e-04,10253.2
80980,1.400562,1.421935,1.77654356e-04,10254.3
80990,1.472801,1.466624,1.77629222e-04,10255.4
81000,1.439309,1.387877,1.77604087e-04,10256.5
81010,1.396348,1.473923,1.77578952e-04,10257.8
81020,1.398902,1.454527,1.77553817e-04,10259.0
81030,1.359889,1.432876,1.77528681e-04,10260.1
81040,1.444605,1.521475,1.77503545e-04,10261.2
81050,1.527387,1.434137,1.77478408e-04,10262.3
81060,1.420938,1.479793,1.77453271e-04,10263.4
81070,1.549263,1.426121,1.77428134e-04,10264.5
81080,1.360417,1.461472,1.77402996e-04,10265.6
81090,1.493242,1.501899,1.77377857e-04,10266.7
81100,1.510035,1.461235,1.77352719e-04,10267.8
81110,1.320856,1.442314,1.77327579e-04,10268.9
81120,1.460718,1.374921,1.77302440e-04,10270.0
81130,1.422763,1.370025,1.77277299e-04,10271.1
81140,1.357795,1.435950,1.77252159e-04,10272.2
81150,1.441899,1.419448,1.77227018e-04,10273.4
81160,1.290822,1.394145,1.77201877e-04,10274.5
81170,1.387728,1.399852,1.77176735e-04,10275.6
81180,1.376493,1.346861,1.77151592e-04,10276.7
81190,1.362917,1.453087,1.77126450e-04,10277.8
81200,1.460363,1.360037,1.77101307e-04,10278.9
81210,1.365771,1.545193,1.77076163e-04,10280.0
81220,1.329079,1.467480,1.77051019e-04,10281.1
81230,1.358268,1.436216,1.77025875e-04,10282.3
81240,1.497626,1.443493,1.77000730e-04,10283.4
81250,1.516881,1.489286,1.76975585e-04,10284.5
81260,1.406159,1.501074,1.76950439e-04,10285.6
81270,1.318209,1.505933,1.76925293e-04,10286.7
81280,1.413206,1.498888,1.76900147e-04,10287.8
81290,1.442637,1.469350,1.76875000e-04,10288.9
81300,1.413308,1.428994,1.76849853e-04,10290.0
81310,1.409134,1.389011,1.76824705e-04,10291.2
81320,1.409209,1.420430,1.76799557e-04,10292.3
81330,1.363564,1.451547,1.76774408e-04,10293.4
81340,1.380170,1.491088,1.76749259e-04,10294.5
81350,1.389386,1.433536,1.76724110e-04,10295.6
81360,1.377002,1.406721,1.76698960e-04,10296.7
81370,1.459386,1.398416,1.76673810e-04,10297.8
81380,1.435381,1.400146,1.76648659e-04,10298.9
81390,1.372106,1.528251,1.76623508e-04,10300.0
81400,1.347907,1.333771,1.76598357e-04,10301.1
81410,1.399699,1.412887,1.76573205e-04,10302.2
81420,1.442204,1.437937,1.76548053e-04,10303.4
81430,1.337925,1.544631,1.76522900e-04,10304.5
81440,1.503919,1.360430,1.76497747e-04,10305.6
81450,1.387729,1.411156,1.76472594e-04,10306.7
81460,1.359722,1.448940,1.76447440e-04,10307.8
81470,1.302356,1.449551,1.76422286e-04,10308.9
81480,1.412896,1.528258,1.76397131e-04,10310.0
81490,1.460463,1.352439,1.76371976e-04,10311.1
81500,1.457049,1.433058,1.76346821e-04,10312.2
81510,1.399303,1.397884,1.76321665e-04,10313.5
81520,1.416048,1.398840,1.76296509e-04,10314.6
81530,1.419538,1.401714,1.76271352e-04,10315.7
81540,1.300154,1.389060,1.76246195e-04,10316.8
81550,1.520230,1.394480,1.76221038e-04,10317.9
81560,1.386425,1.350030,1.76195880e-04,10319.0
81570,1.377701,1.316622,1.76170722e-04,10320.2
81580,1.440255,1.467723,1.76145563e-04,10321.3
81590,1.470252,1.444170,1.76120404e-04,10322.4
81600,1.393905,1.473394,1.76095245e-04,10323.5
81610,1.408668,1.516817,1.76070085e-04,10324.6
81620,1.405051,1.369882,1.76044925e-04,10325.7
81630,1.369180,1.415576,1.76019765e-04,10326.8
81640,1.465255,1.452018,1.75994604e-04,10327.9
81650,1.430004,1.478846,1.75969443e-04,10329.0
81660,1.403982,1.406382,1.75944281e-04,10330.1
81670,1.436378,1.390807,1.75919119e-04,10331.3
81680,1.298436,1.359572,1.75893956e-04,10332.4
81690,1.422515,1.400536,1.75868794e-04,10333.5
81700,1.311445,1.480998,1.75843630e-04,10334.6
81710,1.342852,1.408700,1.75818467e-04,10335.7
81720,1.539406,1.399651,1.75793303e-04,10336.8
81730,1.436391,1.355767,1.75768139e-04,10338.0
81740,1.507904,1.413171,1.75742974e-04,10339.1
81750,1.432970,1.432491,1.75717809e-04,10340.2
81760,1.390670,1.466285,1.75692643e-04,10341.3
81770,1.469944,1.424755,1.75667478e-04,10342.4
81780,1.422272,1.406752,1.75642311e-04,10343.5
81790,1.499765,1.360909,1.75617145e-04,10344.6
81800,1.353403,1.450063,1.75591978e-04,10345.7
81810,1.413100,1.422020,1.75566811e-04,10346.9
81820,1.360168,1.417614,1.75541643e-04,10348.0
81830,1.358776,1.466668,1.75516475e-04,10349.1
81840,1.380395,1.406019,1.75491306e-04,10350.2
81850,1.398721,1.458801,1.75466138e-04,10351.3
81860,1.333776,1.439139,1.75440969e-04,10352.4
81870,1.332029,1.495725,1.75415799e-04,10353.5
81880,1.432761,1.418421,1.75390629e-04,10354.6
81890,1.471781,1.397138,1.75365459e-04,10355.7
81900,1.388207,1.341416,1.75340288e-04,10356.8
81910,1.378588,1.469121,1.75315117e-04,10357.9
81920,1.409235,1.366563,1.75289946e-04,10359.0
81930,1.338689,1.385301,1.75264774e-04,10360.1
81940,1.322293,1.333626,1.75239602e-04,10361.3
81950,1.483538,1.339192,1.75214430e-04,10362.4
81960,1.522113,1.525131,1.75189257e-04,10363.5
81970,1.478831,1.472932,1.75164084e-04,10364.6
81980,1.334241,1.415331,1.75138911e-04,10365.7
81990,1.351502,1.352206,1.75113737e-04,10366.8
82000,1.422887,1.347722,1.75088563e-04,10367.9
82010,1.388861,1.338841,1.75063388e-04,10369.2
82020,1.387398,1.480543,1.75038213e-04,10370.3
82030,1.434887,1.398491,1.75013038e-04,10371.4
82040,1.435319,1.446239,1.74987862e-04,10372.5
82050,1.314710,1.517278,1.74962686e-04,10373.7
82060,1.437799,1.351789,1.74937510e-04,10374.8
82070,1.322281,1.412094,1.74912334e-04,10375.9
82080,1.431522,1.439112,1.74887157e-04,10377.0
82090,1.311279,1.528234,1.74861979e-04,10378.1
82100,1.311208,1.320265,1.74836802e-04,10379.2
82110,1.390729,1.422970,1.74811624e-04,10380.3
82120,1.394930,1.504267,1.74786445e-04,10381.4
82130,1.369287,1.432982,1.74761267e-04,10382.5
82140,1.340420,1.499688,1.74736088e-04,10383.6
82150,1.375326,1.357965,1.74710908e-04,10384.7
82160,1.499062,1.399319,1.74685728e-04,10385.8
82170,1.391881,1.396578,1.74660548e-04,10386.9
82180,1.493294,1.432691,1.74635368e-04,10388.1
82190,1.374794,1.515807,1.74610187e-04,10389.2
82200,1.408510,1.403998,1.74585006e-04,10390.3
82210,1.346384,1.406095,1.74559825e-04,10391.4
82220,1.354657,1.406619,1.74534643e-04,10392.5
82230,1.481401,1.404267,1.74509461e-04,10393.6
82240,1.341110,1.407592,1.74484279e-04,10394.7
82250,1.357188,1.452724,1.74459096e-04,10395.8
82260,1.387745,1.493218,1.74433913e-04,10396.9
82270,1.454593,1.367249,1.74408729e-04,10398.0
82280,1.455799,1.505822,1.74383546e-04,10399.1
82290,1.393096,1.495148,1.74358362e-04,10400.3
82300,1.374318,1.355509,1.74333177e-04,10401.4
82310,1.458485,1.379887,1.74307993e-04,10402.5
82320,1.509310,1.483642,1.74282808e-04,10403.6
82330,1.416816,1.497598,1.74257622e-04,10404.7
82340,1.423863,1.519449,1.74232437e-04,10405.8
82350,1.330672,1.415947,1.74207251e-04,10406.9
82360,1.366251,1.375754,1.74182064e-04,10408.0
82370,1.395739,1.291889,1.74156878e-04,10409.1
82380,1.438528,1.391373,1.74131691e-04,10410.3
82390,1.396880,1.340880,1.74106503e-04,10411.4
82400,1.379203,1.468962,1.74081316e-04,10412.5
82410,1.399466,1.468302,1.74056128e-04,10413.6
82420,1.392192,1.413488,1.74030940e-04,10414.7
82430,1.411386,1.428916,1.74005751e-04,10415.8
82440,1.393298,1.429214,1.73980562e-04,10416.9
82450,1.352435,1.437011,1.73955373e-04,10418.0
82460,1.364961,1.407399,1.73930184e-04,10419.2
82470,1.440225,1.435212,1.73904994e-04,10420.3
82480,1.484851,1.310920,1.73879804e-04,10421.4
82490,1.401881,1.420712,1.73854613e-04,10422.5
82500,1.457243,1.408078,1.73829422e-04,10423.6
82510,1.518313,1.424006,1.73804231e-04,10424.9
82520,1.386199,1.428256,1.73779040e-04,10426.0
82530,1.353350,1.527091,1.73753848e-04,10427.1
82540,1.374068,1.389862,1.73728656e-04,10428.3
82550,1.401471,1.446628,1.73703464e-04,10429.4
82560,1.446375,1.384668,1.73678272e-04,10430.5
82570,1.440904,1.478008,1.73653079e-04,10431.6
82580,1.400011,1.325238,1.73627886e-04,10432.8
82590,1.421851,1.449713,1.73602692e-04,10433.9
82600,1.322372,1.428446,1.73577498e-04,10435.0
82610,1.431144,1.461988,1.73552304e-04,10436.1
82620,1.355244,1.397817,1.73527110e-04,10437.3
82630,1.333048,1.362103,1.73501915e-04,10438.4
82640,1.356415,1.445310,1.73476720e-04,10439.5
82650,1.449580,1.406879,1.73451525e-04,10440.6
82660,1.433002,1.479392,1.73426329e-04,10441.7
82670,1.427366,1.387003,1.73401133e-04,10442.8
82680,1.424637,1.451527,1.73375937e-04,10444.0
82690,1.388854,1.457899,1.73350741e-04,10445.1
82700,1.359973,1.416909,1.73325544e-04,10446.2
82710,1.453444,1.382775,1.73300347e-04,10447.3
82720,1.435849,1.351249,1.73275150e-04,10448.4
82730,1.346250,1.448700,1.73249952e-04,10449.6
82740,1.499995,1.411201,1.73224754e-04,10450.7
82750,1.433068,1.421793,1.73199556e-04,10451.8
82760,1.398793,1.527024,1.73174358e-04,10452.9
82770,1.424138,1.471578,1.73149159e-04,10454.0
82780,1.389304,1.413242,1.73123960e-04,10455.1
82790,1.423267,1.512091,1.73098760e-04,10456.2
82800,1.390121,1.335206,1.73073561e-04,10457.4
82810,1.438146,1.417421,1.73048361e-04,10458.5
82820,1.473718,1.363772,1.73023161e-04,10459.6
82830,1.329474,1.400785,1.72997960e-04,10460.7
82840,1.331936,1.452934,1.72972760e-04,10461.9
82850,1.485066,1.347892,1.72947558e-04,10463.0
82860,1.489772,1.421527,1.72922357e-04,10464.1
82870,1.319207,1.426384,1.72897156e-04,10465.2
82880,1.363310,1.424966,1.72871954e-04,10466.3
82890,1.457334,1.495967,1.72846752e-04,10467.5
82900,1.489923,1.428929,1.72821549e-04,10468.6
82910,1.424019,1.481287,1.72796347e-04,10469.7
82920,1.469343,1.521289,1.72771144e-04,10470.8
82930,1.377974,1.516744,1.72745940e-04,10471.9
82940,1.371097,1.454859,1.72720737e-04,10473.0
82950,1.343619,1.482991,1.72695533e-04,10474.2
82960,1.383534,1.438051,1.72670329e-04,10475.3
82970,1.453189,1.481450,1.72645125e-04,10476.4
82980,1.402897,1.489088,1.72619920e-04,10477.5
82990,1.404850,1.337914,1.72594715e-04,10478.6
83000,1.470121,1.343871,1.72569510e-04,10479.7
83010,1.401079,1.430091,1.72544305e-04,10481.0
83020,1.367738,1.445028,1.72519099e-04,10482.1
83030,1.443462,1.488916,1.72493894e-04,10483.2
83040,1.428943,1.416115,1.72468687e-04,10484.3
83050,1.473151,1.354504,1.72443481e-04,10485.4
83060,1.410781,1.479163,1.72418274e-04,10486.5
83070,1.316418,1.304839,1.72393067e-04,10487.6
83080,1.377665,1.435893,1.72367860e-04,10488.7
83090,1.391677,1.389389,1.72342653e-04,10489.8
83100,1.345290,1.359242,1.72317445e-04,10491.0
83110,1.271705,1.375993,1.72292237e-04,10492.1
83120,1.366932,1.385646,1.72267029e-04,10493.2
83130,1.444052,1.500970,1.72241820e-04,10494.3
83140,1.398578,1.295212,1.72216612e-04,10495.4
83150,1.396116,1.512574,1.72191403e-04,10496.5
83160,1.515258,1.406729,1.72166193e-04,10497.6
83170,1.414321,1.371895,1.72140984e-04,10498.7
83180,1.342906,1.528906,1.72115774e-04,10499.8
83190,1.430380,1.500994,1.72090564e-04,10500.9
83200,1.385331,1.338237,1.72065354e-04,10502.0
83210,1.280577,1.455879,1.72040144e-04,10503.1
83220,1.413841,1.356232,1.72014933e-04,10504.3
83230,1.455579,1.415536,1.71989722e-04,10505.4
83240,1.370680,1.431702,1.71964511e-04,10506.5
83250,1.301316,1.459522,1.71939299e-04,10507.6
83260,1.520657,1.383919,1.71914088e-04,10508.7
83270,1.331372,1.506190,1.71888876e-04,10509.8
83280,1.344677,1.407893,1.71863664e-04,10510.9
83290,1.489266,1.346731,1.71838451e-04,10512.0
83300,1.408718,1.399725,1.71813238e-04,10513.2
83310,1.344938,1.538736,1.71788026e-04,10514.3
83320,1.331157,1.313757,1.71762812e-04,10515.4
83330,1.422078,1.402500,1.71737599e-04,10516.5
83340,1.330551,1.456017,1.71712385e-04,10517.6
83350,1.455856,1.391224,1.71687172e-04,10518.7
83360,1.346226,1.310967,1.71661958e-04,10519.8
83370,1.447191,1.387912,1.71636743e-04,10520.9
83380,1.418747,1.416692,1.71611529e-04,10522.0
83390,1.516007,1.463547,1.71586314e-04,10523.1
83400,1.356699,1.452659,1.71561099e-04,10524.3
83410,1.448261,1.379567,1.71535884e-04,10525.4
83420,1.480284,1.475097,1.71510668e-04,10526.5
83430,1.408064,1.374100,1.71485453e-04,10527.6
83440,1.298734,1.436037,1.71460237e-04,10528.7
83450,1.362526,1.432064,1.71435021e-04,10529.9
83460,1.446911,1.270004,1.71409804e-04,10531.0
83470,1.405820,1.518989,1.71384588e-04,10532.1
83480,1.362579,1.382142,1.71359371e-04,10533.2
83490,1.553795,1.253279,1.71334154e-04,10534.3
83500,1.509750,1.452692,1.71308937e-04,10535.4
83510,1.413817,1.323036,1.71283719e-04,10536.7
83520,1.466436,1.411398,1.71258501e-04,10537.8
83530,1.439080,1.324111,1.71233284e-04,10538.9
83540,1.406857,1.442904,1.71208065e-04,10540.0
83550,1.364680,1.530769,1.71182847e-04,10541.1
83560,1.355381,1.399301,1.71157628e-04,10542.2
83570,1.338934,1.448038,1.71132410e-04,10543.3
83580,1.439358,1.512490,1.71107191e-04,10544.4
83590,1.373567,1.378785,1.71081972e-04,10545.5
83600,1.311990,1.429662,1.71056752e-04,10546.6
83610,1.394169,1.399476,1.71031532e-04,10547.7
83620,1.435051,1.389533,1.71006313e-04,10548.8
83630,1.448623,1.427075,1.70981093e-04,10549.9
83640,1.358435,1.256113,1.70955872e-04,10551.1
83650,1.330220,1.336389,1.70930652e-04,10552.2
83660,1.404561,1.472384,1.70905431e-04,10553.3
83670,1.388986,1.433081,1.70880210e-04,10554.4
83680,1.441084,1.516291,1.70854989e-04,10555.5
83690,1.423171,1.441194,1.70829768e-04,10556.6
83700,1.422092,1.481435,1.70804546e-04,10557.7
83710,1.347776,1.416540,1.70779325e-04,10558.8
83720,1.418024,1.630235,1.70754103e-04,10559.9
83730,1.506196,1.420798,1.70728881e-04,10561.0
83740,1.485533,1.454538,1.70703658e-04,10562.1
83750,1.448293,1.469539,1.70678436e-04,10563.2
83760,1.303865,1.386968,1.70653213e-04,10564.4
83770,1.363449,1.303868,1.70627990e-04,10565.5
83780,1.340611,1.385459,1.70602767e-04,10566.6
83790,1.438517,1.437214,1.70577544e-04,10567.7
83800,1.341389,1.460231,1.70552320e-04,10568.8
83810,1.414501,1.340275,1.70527097e-04,10569.9
83820,1.327373,1.349496,1.70501873e-04,10571.0
83830,1.463827,1.380205,1.70476649e-04,10572.1
83840,1.355856,1.553718,1.70451425e-04,10573.2
83850,1.386684,1.449062,1.70426200e-04,10574.3
83860,1.385640,1.430943,1.70400976e-04,10575.4
83870,1.446949,1.449956,1.70375751e-04,10576.5
83880,1.486718,1.411333,1.70350526e-04,10577.6
83890,1.478548,1.414343,1.70325301e-04,10578.8
83900,1.417015,1.318226,1.70300075e-04,10579.9
83910,1.381643,1.417443,1.70274850e-04,10581.0
83920,1.454256,1.421121,1.70249624e-04,10582.1
83930,1.419909,1.416615,1.70224398e-04,10583.2
83940,1.466606,1.451333,1.70199172e-04,10584.3
83950,1.422342,1.345276,1.70173945e-04,10585.4
83960,1.357217,1.397310,1.70148719e-04,10586.6
83970,1.465541,1.474895,1.70123492e-04,10587.7
83980,1.402521,1.339193,1.70098265e-04,10588.8
83990,1.523542,1.355943,1.70073038e-04,10589.9
84000,1.328619,1.438595,1.70047811e-04,10591.0
84010,1.414154,1.294685,1.70022584e-04,10592.3
84020,1.422664,1.468639,1.69997356e-04,10593.4
84030,1.377338,1.393224,1.69972129e-04,10594.5
84040,1.527685,1.315421,1.69946901e-04,10595.7
84050,1.475101,1.288494,1.69921673e-04,10596.8
84060,1.370113,1.395260,1.69896444e-04,10597.9
84070,1.464164,1.386483,1.69871216e-04,10599.0
84080,1.414860,1.377367,1.69845987e-04,10600.1
84090,1.312611,1.355960,1.69820759e-04,10601.2
84100,1.341094,1.433038,1.69795530e-04,10602.3
84110,1.488061,1.410233,1.69770301e-04,10603.4
84120,1.368001,1.386228,1.69745071e-04,10604.5
84130,1.305555,1.453232,1.69719842e-04,10605.6
84140,1.447703,1.472334,1.69694612e-04,10606.7
84150,1.383944,1.395016,1.69669383e-04,10607.9
84160,1.388092,1.348658,1.69644153e-04,10609.0
84170,1.400300,1.319901,1.69618923e-04,10610.1
84180,1.403878,1.386042,1.69593692e-04,10611.2
84190,1.355615,1.410966,1.69568462e-04,10612.3
84200,1.308247,1.479386,1.69543231e-04,10613.4
84210,1.277162,1.410460,1.69518001e-04,10614.5
84220,1.347790,1.452301,1.69492770e-04,10615.7
84230,1.484712,1.373434,1.69467539e-04,10616.8
84240,1.537014,1.342775,1.69442308e-04,10617.9
84250,1.531262,1.425133,1.69417076e-04,10619.0
84260,1.481638,1.462912,1.69391845e-04,10620.2
84270,1.354996,1.316361,1.69366613e-04,10621.3
84280,1.425149,1.415902,1.69341381e-04,10622.4
84290,1.386024,1.406243,1.69316149e-04,10623.5
84300,1.336697,1.317604,1.69290917e-04,10624.6
84310,1.444941,1.401772,1.69265685e-04,10625.7
84320,1.423810,1.423615,1.69240452e-04,10626.8
84330,1.439736,1.397565,1.69215220e-04,10628.0
84340,1.377584,1.316215,1.69189987e-04,10629.1
84350,1.405137,1.436570,1.69164754e-04,10630.2
84360,1.423283,1.355813,1.69139521e-04,10631.3
84370,1.351717,1.447495,1.69114288e-04,10632.4
84380,1.475049,1.324907,1.69089055e-04,10633.5
84390,1.357234,1.399281,1.69063822e-04,10634.6
84400,1.327919,1.389323,1.69038588e-04,10635.7
84410,1.336777,1.381985,1.69013354e-04,10636.8
84420,1.440102,1.400747,1.68988120e-04,10637.9
84430,1.402800,1.439692,1.68962886e-04,10639.1
84440,1.339706,1.403801,1.68937652e-04,10640.1
84450,1.394288,1.443945,1.68912418e-04,10641.3
84460,1.376162,1.426045,1.68887184e-04,10642.4
84470,1.333742,1.498557,1.68861949e-04,10643.5
84480,1.432385,1.413717,1.68836714e-04,10644.6
84490,1.381040,1.309452,1.68811480e-04,10645.7
84500,1.395247,1.419760,1.68786245e-04,10646.8
84510,1.476463,1.363310,1.68761010e-04,10648.1
84520,1.360475,1.509947,1.68735774e-04,10649.3
84530,1.491684,1.383253,1.68710539e-04,10650.4
84540,1.396485,1.409769,1.68685304e-04,10651.5
84550,1.380830,1.406764,1.68660068e-04,10652.6
84560,1.397678,1.407540,1.68634832e-04,10653.7
84570,1.392562,1.452403,1.68609596e-04,10654.8
84580,1.435397,1.390966,1.68584360e-04,10655.9
84590,1.385554,1.474093,1.68559124e-04,10657.0
84600,1.341723,1.331923,1.68533888e-04,10658.2
84610,1.511886,1.416921,1.68508652e-04,10659.3
84620,1.408165,1.435432,1.68483415e-04,10660.4
84630,1.391030,1.458092,1.68458179e-04,10661.6
84640,1.358111,1.460967,1.68432942e-04,10662.7
84650,1.275414,1.411303,1.68407705e-04,10663.8
84660,1.312804,1.465745,1.68382468e-04,10664.9
84670,1.387792,1.365993,1.68357231e-04,10666.1
84680,1.446953,1.426080,1.68331994e-04,10667.2
84690,1.300783,1.369645,1.68306757e-04,10668.3
84700,1.420969,1.342408,1.68281519e-04,10669.4
84710,1.420024,1.397989,1.68256282e-04,10670.5
84720,1.473691,1.310964,1.68231044e-04,10671.6
84730,1.384482,1.385257,1.68205806e-04,10672.8
84740,1.407315,1.530165,1.68180568e-04,10673.9
84750,1.319356,1.369141,1.68155330e-04,10675.0
84760,1.343789,1.358158,1.68130092e-04,10676.2
84770,1.320637,1.364156,1.68104854e-04,10677.3
84780,1.387357,1.327466,1.68079616e-04,10678.4
84790,1.480352,1.517543,1.68054377e-04,10679.5
84800,1.463908,1.298654,1.68029139e-04,10680.6
84810,1.326946,1.378580,1.68003900e-04,10681.7
84820,1.487336,1.494243,1.67978661e-04,10682.9
84830,1.388208,1.356664,1.67953422e-04,10684.0
84840,1.314015,1.444439,1.67928184e-04,10685.1
84850,1.469569,1.351536,1.67902944e-04,10686.2
84860,1.459630,1.354627,1.67877705e-04,10687.3
84870,1.355696,1.372754,1.67852466e-04,10688.4
84880,1.338672,1.459000,1.67827227e-04,10689.6
84890,1.454408,1.378185,1.67801987e-04,10690.7
84900,1.369444,1.399441,1.67776748e-04,10691.8
84910,1.415131,1.368947,1.67751508e-04,10693.0
84920,1.324333,1.415650,1.67726268e-04,10694.1
84930,1.377208,1.421443,1.67701028e-04,10695.2
84940,1.438473,1.455677,1.67675789e-04,10696.3
84950,1.506580,1.389222,1.67650548e-04,10697.4
84960,1.262558,1.365768,1.67625308e-04,10698.5
84970,1.403006,1.506553,1.67600068e-04,10699.7
84980,1.378919,1.476729,1.67574828e-04,10700.8
84990,1.327205,1.351811,1.67549587e-04,10701.9
85000,1.402982,1.370471,1.67524347e-04,10703.1
85010,1.337156,1.420313,1.67499106e-04,10704.4
85020,1.432000,1.418301,1.67473866e-04,10705.5
85030,1.410969,1.402174,1.67448625e-04,10706.6
85040,1.331722,1.439677,1.67423384e-04,10707.8
85050,1.393010,1.405819,1.67398143e-04,10708.9
85060,1.416731,1.516101,1.67372902e-04,10710.0
85070,1.379051,1.417759,1.67347661e-04,10711.1
85080,1.369388,1.355088,1.67322420e-04,10712.2
85090,1.292226,1.391812,1.67297179e-04,10713.4
85100,1.301139,1.410048,1.67271937e-04,10714.5
85110,1.368568,1.433023,1.67246696e-04,10715.6
85120,1.352505,1.428416,1.67221455e-04,10716.7
85130,1.357372,1.456267,1.67196213e-04,10717.8
85140,1.329331,1.447201,1.67170971e-04,10719.0
85150,1.355198,1.452414,1.67145730e-04,10720.1
85160,1.483747,1.533194,1.67120488e-04,10721.2
85170,1.359682,1.374505,1.67095246e-04,10722.3
85180,1.344850,1.434483,1.67070004e-04,10723.4
85190,1.520133,1.343009,1.67044762e-04,10724.5
85200,1.388320,1.410150,1.67019520e-04,10725.7
85210,1.491553,1.380334,1.66994278e-04,10726.8
85220,1.396178,1.503930,1.66969036e-04,10727.9
85230,1.430173,1.409157,1.66943793e-04,10729.0
85240,1.297683,1.409692,1.66918551e-04,10730.2
85250,1.258003,1.332209,1.66893309e-04,10731.3
85260,1.482593,1.385554,1.66868066e-04,10732.4
85270,1.424669,1.318232,1.66842823e-04,10733.6
85280,1.445830,1.448646,1.66817581e-04,10734.7
85290,1.436754,1.454015,1.66792338e-04,10735.8
85300,1.462190,1.426049,1.66767095e-04,10736.9
85310,1.404142,1.459488,1.66741853e-04,10738.1
85320,1.440417,1.531364,1.66716610e-04,10739.2
85330,1.458084,1.470649,1.66691367e-04,10740.3
85340,1.286346,1.409096,1.66666124e-04,10741.4
85350,1.408917,1.281773,1.66640881e-04,10742.6
85360,1.358489,1.420834,1.66615638e-04,10743.7
85370,1.444749,1.368209,1.66590394e-04,10744.9
85380,1.361767,1.354593,1.66565151e-04,10746.0
85390,1.396499,1.348228,1.66539908e-04,10747.2
85400,1.426523,1.336845,1.66514665e-04,10748.3
85410,1.382889,1.506295,1.66489421e-04,10749.4
85420,1.334704,1.371241,1.66464178e-04,10750.6
85430,1.406812,1.289054,1.66438934e-04,10751.7
85440,1.396713,1.423010,1.66413691e-04,10752.8
85450,1.392159,1.467995,1.66388447e-04,10753.9
85460,1.324806,1.358803,1.66363204e-04,10755.1
85470,1.399248,1.504555,1.66337960e-04,10756.2
85480,1.403995,1.429341,1.66312716e-04,10757.3
85490,1.378246,1.292801,1.66287472e-04,10758.4
85500,1.420478,1.524501,1.66262229e-04,10759.6
85510,1.428461,1.560381,1.66236985e-04,10760.9
85520,1.384801,1.385836,1.66211741e-04,10762.0
85530,1.344209,1.380325,1.66186497e-04,10763.2
85540,1.396804,1.426711,1.66161253e-04,10764.3
85550,1.442060,1.374279,1.66136009e-04,10765.4
85560,1.293740,1.417382,1.66110765e-04,10766.6
85570,1.443552,1.518894,1.66085521e-04,10767.7
85580,1.330534,1.460971,1.66060277e-04,10768.8
85590,1.337691,1.357764,1.66035032e-04,10770.0
85600,1.422831,1.441530,1.66009788e-04,10771.1
85610,1.400573,1.423521,1.65984544e-04,10772.2
85620,1.446289,1.391652,1.65959300e-04,10773.3
85630,1.446300,1.428007,1.65934055e-04,10774.5
85640,1.410284,1.463912,1.65908811e-04,10775.7
85650,1.370208,1.426230,1.65883567e-04,10776.8
85660,1.451175,1.470781,1.65858322e-04,10777.9
85670,1.407216,1.420456,1.65833078e-04,10779.1
85680,1.423311,1.361256,1.65807833e-04,10780.2
85690,1.457915,1.424619,1.65782589e-04,10781.3
85700,1.407787,1.447251,1.65757344e-04,10782.4
85710,1.374958,1.379280,1.65732100e-04,10783.5
85720,1.348556,1.389074,1.65706855e-04,10784.7
85730,1.375542,1.357183,1.65681611e-04,10785.8
85740,1.430536,1.390175,1.65656366e-04,10786.9
85750,1.368068,1.362509,1.65631121e-04,10788.0
85760,1.448630,1.408757,1.65605877e-04,10789.2
85770,1.436979,1.445305,1.65580632e-04,10790.3
85780,1.437210,1.328942,1.65555387e-04,10791.4
85790,1.325022,1.359210,1.65530142e-04,10792.5
85800,1.380804,1.361917,1.65504898e-04,10793.7
85810,1.398176,1.306214,1.65479653e-04,10794.9
85820,1.426767,1.416533,1.65454408e-04,10796.1
85830,1.343213,1.325987,1.65429163e-04,10797.3
85840,1.540425,1.414165,1.65403918e-04,10798.5
85850,1.313034,1.278432,1.65378674e-04,10799.7
85860,1.509372,1.501513,1.65353429e-04,10800.8
85870,1.430291,1.471430,1.65328184e-04,10802.0
85880,1.491542,1.409420,1.65302939e-04,10803.1
85890,1.369038,1.399820,1.65277694e-04,10804.3
85900,1.414119,1.446253,1.65252449e-04,10805.4
85910,1.339659,1.478124,1.65227204e-04,10806.6
85920,1.326687,1.393108,1.65201959e-04,10807.7
85930,1.508379,1.438664,1.65176715e-04,10808.9
85940,1.452559,1.382001,1.65151470e-04,10810.0
85950,1.405904,1.361321,1.65126225e-04,10811.2
85960,1.365616,1.387771,1.65100980e-04,10812.3
85970,1.241112,1.446464,1.65075735e-04,10813.4
85980,1.436608,1.350781,1.65050490e-04,10814.5
85990,1.388882,1.424617,1.65025245e-04,10815.7
86000,1.479405,1.452232,1.65000000e-04,10816.8
86010,1.342929,1.431333,1.64974755e-04,10818.2
86020,1.441586,1.364715,1.64949510e-04,10819.4
86030,1.479296,1.394821,1.64924265e-04,10820.5
86040,1.456917,1.309732,1.64899020e-04,10821.6
86050,1.346418,1.430153,1.64873775e-04,10822.8
86060,1.437492,1.370989,1.64848530e-04,10823.9
86070,1.403306,1.386771,1.64823285e-04,10825.0
86080,1.463856,1.369976,1.64798041e-04,10826.1
86090,1.395198,1.414676,1.64772796e-04,10827.3
86100,1.362143,1.382938,1.64747551e-04,10828.4
86110,1.392720,1.398387,1.64722306e-04,10829.5
86120,1.461750,1.472775,1.64697061e-04,10830.6
86130,1.453888,1.413761,1.64671816e-04,10831.7
86140,1.442338,1.408671,1.64646571e-04,10832.8
86150,1.383938,1.635493,1.64621326e-04,10834.0
86160,1.424572,1.378551,1.64596082e-04,10835.1
86170,1.428160,1.469507,1.64570837e-04,10836.2
86180,1.410858,1.446583,1.64545592e-04,10837.3
86190,1.364013,1.572272,1.64520347e-04,10838.4
86200,1.452915,1.328148,1.64495102e-04,10839.5
86210,1.393245,1.519907,1.64469858e-04,10840.7
86220,1.323669,1.392969,1.64444613e-04,10841.8
86230,1.414012,1.337229,1.64419368e-04,10842.9
86240,1.390324,1.411579,1.64394123e-04,10844.0
86250,1.415419,1.469240,1.64368879e-04,10845.2
86260,1.452352,1.459049,1.64343634e-04,10846.3
86270,1.466809,1.476093,1.64318389e-04,10847.4
86280,1.386407,1.374165,1.64293145e-04,10848.6
86290,1.454104,1.362696,1.64267900e-04,10849.7
86300,1.522261,1.365275,1.64242656e-04,10850.8
86310,1.468732,1.450155,1.64217411e-04,10851.9
86320,1.401247,1.368468,1.64192167e-04,10853.0
86330,1.348808,1.286559,1.64166922e-04,10854.2
86340,1.381214,1.425472,1.64141678e-04,10855.3
86350,1.354614,1.487923,1.64116433e-04,10856.5
86360,1.395559,1.490993,1.64091189e-04,10857.6
86370,1.435102,1.478932,1.64065945e-04,10858.7
86380,1.401660,1.303875,1.64040700e-04,10859.8
86390,1.383299,1.476761,1.64015456e-04,10860.9
86400,1.381387,1.536434,1.63990212e-04,10862.0
86410,1.532826,1.390234,1.63964968e-04,10863.2
86420,1.416524,1.469898,1.63939723e-04,10864.3
86430,1.362187,1.410017,1.63914479e-04,10865.4
86440,1.298713,1.428042,1.63889235e-04,10866.5
86450,1.483459,1.363479,1.63863991e-04,10867.6
86460,1.463242,1.418802,1.63838747e-04,10868.8
86470,1.478558,1.428980,1.63813503e-04,10869.9
86480,1.470310,1.428719,1.63788259e-04,10871.0
86490,1.274093,1.434183,1.63763015e-04,10872.1
86500,1.320082,1.474578,1.63737771e-04,10873.3
86510,1.413178,1.282719,1.63712528e-04,10874.6
86520,1.451794,1.424687,1.63687284e-04,10875.7
86530,1.543429,1.461623,1.63662040e-04,10876.8
86540,1.539403,1.383262,1.63636796e-04,10877.9
86550,1.344337,1.368327,1.63611553e-04,10879.1
86560,1.347722,1.381901,1.63586309e-04,10880.2
86570,1.389489,1.331478,1.63561066e-04,10881.3
86580,1.332455,1.396062,1.63535822e-04,10882.4
86590,1.376122,1.434778,1.63510579e-04,10883.5
86600,1.413077,1.508405,1.63485335e-04,10884.6
86610,1.389574,1.524942,1.63460092e-04,10885.8
86620,1.397879,1.495007,1.63434849e-04,10886.9
86630,1.406046,1.363344,1.63409606e-04,10888.0
86640,1.331982,1.389433,1.63384362e-04,10889.1
86650,1.473325,1.468325,1.63359119e-04,10890.2
86660,1.302241,1.423917,1.63333876e-04,10891.4
86670,1.408548,1.434156,1.63308633e-04,10892.5
86680,1.372137,1.333881,1.63283390e-04,10893.6
86690,1.371375,1.311621,1.63258147e-04,10894.7
86700,1.406467,1.399626,1.63232905e-04,10895.8
86710,1.502411,1.464684,1.63207662e-04,10896.9
86720,1.346255,1.408566,1.63182419e-04,10898.1
86730,1.376247,1.409839,1.63157177e-04,10899.2
86740,1.492707,1.334844,1.63131934e-04,10900.3
86750,1.496040,1.461220,1.63106691e-04,10901.4
86760,1.422238,1.391046,1.63081449e-04,10902.6
86770,1.486265,1.397014,1.63056207e-04,10903.7
86780,1.385752,1.418583,1.63030964e-04,10904.8
86790,1.408553,1.384815,1.63005722e-04,10905.9
86800,1.406017,1.484058,1.62980480e-04,10907.0
86810,1.360565,1.508690,1.62955238e-04,10908.2
86820,1.527664,1.448236,1.62929996e-04,10909.3
86830,1.414733,1.372226,1.62904754e-04,10910.4
86840,1.358305,1.305275,1.62879512e-04,10911.5
86850,1.384273,1.520175,1.62854270e-04,10912.7
86860,1.352400,1.356742,1.62829029e-04,10913.8
86870,1.488450,1.397514,1.62803787e-04,10915.0
86880,1.354538,1.394770,1.62778545e-04,10916.1
86890,1.322687,1.369439,1.62753304e-04,10917.2
86900,1.434780,1.453915,1.62728063e-04,10918.3
86910,1.436716,1.364166,1.62702821e-04,10919.4
86920,1.399837,1.430768,1.62677580e-04,10920.6
86930,1.358917,1.396547,1.62652339e-04,10921.7
86940,1.292039,1.500186,1.62627098e-04,10922.8
86950,1.454671,1.496163,1.62601857e-04,10923.9
86960,1.433892,1.364805,1.62576616e-04,10925.1
86970,1.296780,1.410061,1.62551375e-04,10926.2
86980,1.403492,1.358438,1.62526134e-04,10927.3
86990,1.461411,1.356501,1.62500894e-04,10928.5
87000,1.369335,1.425007,1.62475653e-04,10929.6
87010,1.349588,1.422089,1.62450413e-04,10930.9
87020,1.569707,1.414189,1.62425172e-04,10932.0
87030,1.381076,1.341299,1.62399932e-04,10933.1
87040,1.375729,1.341115,1.62374692e-04,10934.3
87050,1.404735,1.323475,1.62349452e-04,10935.4
87060,1.354524,1.445871,1.62324211e-04,10936.5
87070,1.445495,1.492708,1.62298972e-04,10937.6
87080,1.443983,1.430602,1.62273732e-04,10938.7
87090,1.387233,1.488500,1.62248492e-04,10939.9
87100,1.387830,1.365422,1.62223252e-04,10941.0
87110,1.419338,1.379041,1.62198013e-04,10942.1
87120,1.398790,1.358940,1.62172773e-04,10943.3
87130,1.401555,1.526491,1.62147534e-04,10944.4
87140,1.377719,1.534137,1.62122295e-04,10945.5
87150,1.375628,1.288297,1.62097056e-04,10946.6
87160,1.361723,1.354743,1.62071816e-04,10947.8
87170,1.393946,1.437983,1.62046578e-04,10948.9
87180,1.385538,1.487129,1.62021339e-04,10950.0
87190,1.329567,1.492896,1.61996100e-04,10951.1
87200,1.318546,1.426620,1.61970861e-04,10952.3
87210,1.371712,1.343828,1.61945623e-04,10953.4
87220,1.354084,1.456053,1.61920384e-04,10954.5
87230,1.366055,1.354880,1.61895146e-04,10955.6
87240,1.396270,1.408931,1.61869908e-04,10956.7
87250,1.432192,1.478181,1.61844670e-04,10957.8
87260,1.373128,1.431782,1.61819432e-04,10958.9
87270,1.420571,1.528751,1.61794194e-04,10960.1
87280,1.388506,1.422189,1.61768956e-04,10961.2
87290,1.446370,1.406158,1.61743718e-04,10962.3
87300,1.430842,1.493128,1.61718481e-04,10963.4
87310,1.363323,1.342456,1.61693243e-04,10964.5
87320,1.422841,1.398514,1.61668006e-04,10965.6
87330,1.485102,1.397526,1.61642769e-04,10966.7
87340,1.365922,1.373558,1.61617532e-04,10967.8
87350,1.476634,1.359127,1.61592295e-04,10969.0
87360,1.425056,1.431281,1.61567058e-04,10970.1
87370,1.441304,1.441073,1.61541821e-04,10971.2
87380,1.354838,1.331429,1.61516585e-04,10972.3
87390,1.333029,1.408713,1.61491348e-04,10973.4
87400,1.326196,1.396356,1.61466112e-04,10974.5
87410,1.416071,1.456129,1.61440876e-04,10975.7
87420,1.377451,1.444921,1.61415640e-04,10976.8
87430,1.501207,1.429029,1.61390404e-04,10977.9
87440,1.410311,1.367575,1.61365168e-04,10979.0
87450,1.448481,1.421432,1.61339932e-04,10980.2
87460,1.397506,1.515124,1.61314696e-04,10981.3
87470,1.418960,1.414717,1.61289461e-04,10982.4
87480,1.452062,1.294246,1.61264226e-04,10983.5
87490,1.350736,1.420042,1.61238990e-04,10984.7
87500,1.294652,1.429474,1.61213755e-04,10985.8
87510,1.356986,1.403272,1.61188520e-04,10987.1
87520,1.483903,1.393571,1.61163286e-04,10988.2
87530,1.447820,1.278784,1.61138051e-04,10989.3
87540,1.373203,1.353922,1.61112816e-04,10990.4
87550,1.446721,1.374519,1.61087582e-04,10991.5
87560,1.449972,1.368741,1.61062348e-04,10992.6
87570,1.353424,1.413031,1.61037114e-04,10993.7
87580,1.343335,1.420080,1.61011880e-04,10994.8
87590,1.411638,1.360119,1.60986646e-04,10995.9
87600,1.392460,1.355610,1.60961412e-04,10997.1
87610,1.309908,1.403862,1.60936178e-04,10998.2
87620,1.456210,1.455294,1.60910945e-04,10999.3
87630,1.457142,1.417323,1.60885712e-04,11000.4
87640,1.450044,1.499486,1.60860479e-04,11001.5
87650,1.346700,1.472917,1.60835246e-04,11002.6
87660,1.374782,1.423535,1.60810013e-04,11003.7
87670,1.343107,1.483681,1.60784780e-04,11004.8
87680,1.386289,1.302570,1.60759548e-04,11005.9
87690,1.305928,1.345895,1.60734315e-04,11007.0
87700,1.381854,1.379085,1.60709083e-04,11008.1
87710,1.387340,1.455896,1.60683851e-04,11009.2
87720,1.480561,1.388940,1.60658619e-04,11010.3
87730,1.399658,1.308840,1.60633387e-04,11011.5
87740,1.487947,1.402376,1.60608155e-04,11012.6
87750,1.465429,1.381113,1.60582924e-04,11013.7
87760,1.467141,1.480589,1.60557692e-04,11014.8
87770,1.408296,1.466552,1.60532461e-04,11015.9
87780,1.408783,1.378019,1.60507230e-04,11017.0
87790,1.426588,1.446796,1.60481999e-04,11018.1
87800,1.362571,1.345895,1.60456769e-04,11019.2
87810,1.307476,1.402417,1.60431538e-04,11020.3
87820,1.346225,1.425249,1.60406308e-04,11021.4
87830,1.336592,1.333599,1.60381077e-04,11022.6
87840,1.385318,1.460837,1.60355847e-04,11023.7
87850,1.399005,1.518520,1.60330617e-04,11024.8
87860,1.370948,1.437142,1.60305388e-04,11025.9
87870,1.511694,1.464139,1.60280158e-04,11027.0
87880,1.373094,1.369535,1.60254929e-04,11028.1
87890,1.366268,1.403803,1.60229699e-04,11029.2
87900,1.484560,1.363645,1.60204470e-04,11030.3
87910,1.309578,1.335438,1.60179241e-04,11031.4
87920,1.400364,1.405385,1.60154013e-04,11032.6
87930,1.367393,1.388679,1.60128784e-04,11033.7
87940,1.397371,1.391363,1.60103556e-04,11034.8
87950,1.523130,1.430183,1.60078327e-04,11036.0
87960,1.342710,1.403878,1.60053099e-04,11037.1
87970,1.400111,1.395085,1.60027871e-04,11038.2
87980,1.494789,1.398904,1.60002644e-04,11039.3
87990,1.446533,1.447435,1.59977416e-04,11040.4
88000,1.350117,1.485105,1.59952189e-04,11041.5
88010,1.427197,1.436971,1.59926962e-04,11042.8
88020,1.374460,1.345815,1.59901735e-04,11044.0
88030,1.414487,1.304631,1.59876508e-04,11045.1
88040,1.415921,1.450404,1.59851281e-04,11046.2
88050,1.439021,1.491481,1.59826055e-04,11047.4
88060,1.309898,1.374186,1.59800828e-04,11048.5
88070,1.386581,1.374061,1.59775602e-04,11049.6
88080,1.402307,1.439096,1.59750376e-04,11050.8
88090,1.445650,1.506480,1.59725150e-04,11051.9
88100,1.332140,1.412278,1.59699925e-04,11053.0
88110,1.393657,1.318455,1.59674699e-04,11054.1
88120,1.415711,1.389656,1.59649474e-04,11055.2
88130,1.413581,1.317534,1.59624249e-04,11056.3
88140,1.336648,1.558727,1.59599024e-04,11057.4
88150,1.351020,1.384213,1.59573800e-04,11058.6
88160,1.464384,1.383657,1.59548575e-04,11059.7
88170,1.586696,1.361891,1.59523351e-04,11060.8
88180,1.425028,1.364495,1.59498127e-04,11061.9
88190,1.397127,1.355334,1.59472903e-04,11063.1
88200,1.336206,1.473506,1.59447680e-04,11064.2
88210,1.373715,1.367968,1.59422456e-04,11065.3
88220,1.361051,1.436550,1.59397233e-04,11066.4
88230,1.415226,1.395295,1.59372010e-04,11067.5
88240,1.493949,1.407701,1.59346787e-04,11068.7
88250,1.431084,1.346412,1.59321564e-04,11069.8
88260,1.415451,1.465047,1.59296342e-04,11070.9
88270,1.402803,1.331884,1.59271119e-04,11072.0
88280,1.420928,1.403380,1.59245897e-04,11073.1
88290,1.395673,1.385267,1.59220675e-04,11074.2
88300,1.365581,1.456239,1.59195454e-04,11075.4
88310,1.399557,1.498384,1.59170232e-04,11076.5
88320,1.404361,1.436822,1.59145011e-04,11077.6
88330,1.464308,1.413229,1.59119790e-04,11078.7
88340,1.370525,1.490058,1.59094569e-04,11079.9
88350,1.384188,1.366183,1.59069348e-04,11081.0
88360,1.386806,1.350963,1.59044128e-04,11082.1
88370,1.519532,1.414159,1.59018907e-04,11083.3
88380,1.478049,1.372332,1.58993687e-04,11084.4
88390,1.310468,1.390423,1.58968468e-04,11085.5
88400,1.434443,1.446957,1.58943248e-04,11086.6
88410,1.363079,1.431680,1.58918028e-04,11087.7
88420,1.397848,1.307915,1.58892809e-04,11088.8
88430,1.444130,1.406838,1.58867590e-04,11090.0
88440,1.321898,1.336121,1.58842372e-04,11091.1
88450,1.531919,1.399680,1.58817153e-04,11092.2
88460,1.321763,1.484705,1.58791935e-04,11093.3
88470,1.507234,1.444158,1.58766716e-04,11094.4
88480,1.314371,1.321863,1.58741499e-04,11095.5
88490,1.359693,1.382322,1.58716281e-04,11096.7
88500,1.512318,1.494868,1.58691063e-04,11097.8
88510,1.366623,1.440350,1.58665846e-04,11099.1
88520,1.353453,1.460723,1.58640629e-04,11100.2
88530,1.367675,1.440328,1.58615412e-04,11101.3
88540,1.464898,1.292427,1.58590196e-04,11102.4
88550,1.402193,1.452276,1.58564979e-04,11103.5
88560,1.389016,1.466681,1.58539763e-04,11104.6
88570,1.313263,1.345596,1.58514547e-04,11105.8
88580,1.399683,1.363333,1.58489332e-04,11106.9
88590,1.416047,1.413903,1.58464116e-04,11108.0
88600,1.368825,1.381492,1.58438901e-04,11109.1
88610,1.426487,1.393322,1.58413686e-04,11110.2
88620,1.375857,1.486242,1.58388471e-04,11111.4
88630,1.294191,1.353690,1.58363257e-04,11112.5
88640,1.314577,1.435011,1.58338042e-04,11113.6
88650,1.406433,1.398438,1.58312828e-04,11114.7
88660,1.510971,1.402248,1.58287615e-04,11115.8
88670,1.357650,1.391913,1.58262401e-04,11116.9
88680,1.466801,1.451875,1.58237188e-04,11118.1
88690,1.520321,1.459336,1.58211974e-04,11119.2
88700,1.509577,1.582128,1.58186762e-04,11120.3
88710,1.414536,1.452117,1.58161549e-04,11121.4
88720,1.487191,1.387947,1.58136336e-04,11122.5
88730,1.415616,1.433369,1.58111124e-04,11123.6
88740,1.441200,1.463687,1.58085912e-04,11124.7
88750,1.362863,1.404667,1.58060701e-04,11125.9
88760,1.473429,1.417486,1.58035489e-04,11127.0
88770,1.359751,1.364664,1.58010278e-04,11128.1
88780,1.406865,1.381777,1.57985067e-04,11129.3
88790,1.360351,1.344939,1.57959856e-04,11130.4
88800,1.420540,1.389313,1.57934646e-04,11131.5
88810,1.400814,1.358788,1.57909436e-04,11132.7
88820,1.323046,1.533514,1.57884226e-04,11133.8
88830,1.325711,1.361935,1.57859016e-04,11134.9
88840,1.476744,1.249041,1.57833807e-04,11136.0
88850,1.296677,1.345872,1.57808597e-04,11137.1
88860,1.468349,1.475697,1.57783388e-04,11138.2
88870,1.363182,1.357190,1.57758180e-04,11139.4
88880,1.462749,1.407734,1.57732971e-04,11140.5
88890,1.379980,1.518268,1.57707763e-04,11141.6
88900,1.282310,1.317881,1.57682555e-04,11142.7
88910,1.382348,1.413270,1.57657347e-04,11143.9
88920,1.333728,1.520387,1.57632140e-04,11145.0
88930,1.292156,1.338685,1.57606933e-04,11146.1
88940,1.384876,1.355774,1.57581726e-04,11147.2
88950,1.414030,1.365216,1.57556519e-04,11148.4
88960,1.449137,1.403241,1.57531313e-04,11149.5
88970,1.362418,1.408327,1.57506106e-04,11150.6
88980,1.388468,1.457304,1.57480901e-04,11151.8
88990,1.271474,1.378002,1.57455695e-04,11152.9
89000,1.335549,1.375749,1.57430490e-04,11154.0
89010,1.302084,1.331994,1.57405285e-04,11155.3
89020,1.365813,1.418644,1.57380080e-04,11156.5
89030,1.480311,1.398238,1.57354875e-04,11157.6
89040,1.464661,1.412189,1.57329671e-04,11158.7
89050,1.361591,1.345121,1.57304467e-04,11159.9
89060,1.435122,1.314350,1.57279263e-04,11161.0
89070,1.365735,1.450985,1.57254060e-04,11162.1
89080,1.331239,1.352432,1.57228856e-04,11163.3
89090,1.355998,1.427829,1.57203653e-04,11164.5
89100,1.372869,1.481472,1.57178451e-04,11165.7
89110,1.356236,1.402652,1.57153248e-04,11166.8
89120,1.387608,1.431907,1.57128046e-04,11168.0
89130,1.392062,1.411973,1.57102844e-04,11169.3
89140,1.395110,1.412145,1.57077643e-04,11170.4
89150,1.362493,1.377879,1.57052442e-04,11171.6
89160,1.474143,1.418718,1.57027240e-04,11172.7
89170,1.398989,1.383351,1.57002040e-04,11173.9
89180,1.377036,1.318116,1.56976839e-04,11175.0
89190,1.396312,1.472424,1.56951639e-04,11176.1
89200,1.349462,1.432660,1.56926439e-04,11177.3
89210,1.518196,1.377660,1.56901240e-04,11178.4
89220,1.315254,1.324831,1.56876040e-04,11179.5
89230,1.373804,1.406641,1.56850841e-04,11180.7
89240,1.340965,1.371096,1.56825642e-04,11181.8
89250,1.374386,1.431874,1.56800444e-04,11182.9
89260,1.385234,1.439702,1.56775246e-04,11184.1
89270,1.392820,1.351822,1.56750048e-04,11185.2
89280,1.506928,1.475972,1.56724850e-04,11186.3
89290,1.393718,1.399896,1.56699653e-04,11187.4
89300,1.398416,1.323207,1.56674456e-04,11188.5
89310,1.495668,1.341297,1.56649259e-04,11189.7
89320,1.407005,1.444778,1.56624063e-04,11190.8
89330,1.448089,1.422136,1.56598867e-04,11191.9
89340,1.412187,1.409805,1.56573671e-04,11193.1
89350,1.385388,1.406479,1.56548475e-04,11194.2
89360,1.400222,1.444134,1.56523280e-04,11195.3
89370,1.454170,1.474747,1.56498085e-04,11196.4
89380,1.385498,1.411750,1.56472890e-04,11197.5
89390,1.355889,1.389725,1.56447696e-04,11198.6
89400,1.450922,1.353197,1.56422502e-04,11199.8
89410,1.341012,1.456486,1.56397308e-04,11200.9
89420,1.358329,1.296256,1.56372114e-04,11202.0
89430,1.292146,1.405987,1.56346921e-04,11203.1
89440,1.485863,1.429861,1.56321728e-04,11204.2
89450,1.428562,1.460813,1.56296536e-04,11205.3
89460,1.596448,1.337154,1.56271344e-04,11206.5
89470,1.397648,1.364256,1.56246152e-04,11207.6
89480,1.384509,1.439786,1.56220960e-04,11208.7
89490,1.395863,1.382954,1.56195769e-04,11209.8
89500,1.427557,1.493666,1.56170578e-04,11211.0
89510,1.355934,1.342282,1.56145387e-04,11212.3
89520,1.345788,1.317335,1.56120196e-04,11213.4
89530,1.415077,1.438710,1.56095006e-04,11214.5
89540,1.399421,1.405232,1.56069816e-04,11215.7
89550,1.292175,1.391744,1.56044627e-04,11216.8
89560,1.402273,1.402000,1.56019438e-04,11217.9
89570,1.428609,1.409720,1.55994249e-04,11219.0
89580,1.459348,1.346572,1.55969060e-04,11220.1
89590,1.403584,1.442466,1.55943872e-04,11221.3
89600,1.296422,1.416048,1.55918684e-04,11222.4
89610,1.375947,1.429642,1.55893497e-04,11223.5
89620,1.378548,1.593951,1.55868309e-04,11224.6
89630,1.355628,1.350722,1.55843122e-04,11225.7
89640,1.335235,1.441385,1.55817936e-04,11226.8
89650,1.414913,1.345793,1.55792749e-04,11227.9
89660,1.399832,1.460225,1.55767563e-04,11229.0
89670,1.391551,1.359680,1.55742378e-04,11230.2
89680,1.398016,1.481607,1.55717192e-04,11231.3
89690,1.391286,1.279109,1.55692007e-04,11232.4
89700,1.292914,1.373163,1.55666823e-04,11233.5
89710,1.482447,1.444645,1.55641638e-04,11234.6
89720,1.384749,1.368327,1.55616454e-04,11235.7
89730,1.420942,1.394343,1.55591271e-04,11236.8
89740,1.286250,1.328263,1.55566087e-04,11237.9
89750,1.386498,1.431796,1.55540904e-04,11239.1
89760,1.359678,1.426790,1.55515721e-04,11240.2
89770,1.472345,1.388832,1.55490539e-04,11241.3
89780,1.405531,1.389350,1.55465357e-04,11242.4
89790,1.374758,1.414993,1.55440175e-04,11243.5
89800,1.462478,1.377232,1.55414994e-04,11244.6
89810,1.392246,1.421556,1.55389813e-04,11245.7
89820,1.314908,1.390251,1.55364632e-04,11246.8
89830,1.472312,1.438827,1.55339452e-04,11248.0
89840,1.306248,1.415604,1.55314272e-04,11249.1
89850,1.594283,1.388192,1.55289092e-04,11250.2
89860,1.411887,1.394546,1.55263912e-04,11251.3
89870,1.431330,1.377176,1.55238733e-04,11252.4
89880,1.308768,1.407178,1.55213555e-04,11253.5
89890,1.494170,1.499239,1.55188376e-04,11254.6
89900,1.494319,1.378083,1.55163198e-04,11255.7
89910,1.373637,1.449269,1.55138021e-04,11256.8
89920,1.323357,1.337760,1.55112843e-04,11258.0
89930,1.414050,1.455877,1.55087666e-04,11259.1
89940,1.352593,1.438537,1.55062490e-04,11260.2
89950,1.314345,1.334400,1.55037314e-04,11261.3
89960,1.296781,1.288677,1.55012138e-04,11262.4
89970,1.356937,1.396397,1.54986962e-04,11263.5
89980,1.396188,1.345714,1.54961787e-04,11264.6
89990,1.377633,1.285613,1.54936612e-04,11265.7
90000,1.446285,1.342437,1.54911437e-04,11266.9
90010,1.295145,1.407527,1.54886263e-04,11268.2
90020,1.352888,1.431170,1.54861089e-04,11269.3
90030,1.481820,1.383391,1.54835916e-04,11270.5
90040,1.385785,1.446234,1.54810743e-04,11271.7
90050,1.395945,1.420354,1.54785570e-04,11272.8
90060,1.385102,1.374650,1.54760398e-04,11274.0
90070,1.438248,1.329476,1.54735226e-04,11275.1
90080,1.400969,1.403655,1.54710054e-04,11276.2
90090,1.414829,1.374368,1.54684883e-04,11277.3
90100,1.384936,1.354012,1.54659712e-04,11278.5
90110,1.350992,1.386620,1.54634541e-04,11279.6
90120,1.318824,1.350500,1.54609371e-04,11280.7
90130,1.394409,1.470799,1.54584201e-04,11281.8
90140,1.467523,1.336701,1.54559031e-04,11282.9
90150,1.363051,1.336883,1.54533862e-04,11284.1
90160,1.398077,1.358688,1.54508694e-04,11285.2
90170,1.424010,1.472072,1.54483525e-04,11286.3
90180,1.317086,1.353479,1.54458357e-04,11287.4
90190,1.347403,1.352973,1.54433189e-04,11288.6
90200,1.485302,1.394045,1.54408022e-04,11289.7
90210,1.310667,1.342570,1.54382855e-04,11290.8
90220,1.383092,1.339760,1.54357689e-04,11291.9
90230,1.476758,1.447594,1.54332522e-04,11293.0
90240,1.390708,1.497348,1.54307357e-04,11294.2
90250,1.383736,1.344129,1.54282191e-04,11295.3
90260,1.437159,1.442278,1.54257026e-04,11296.4
90270,1.413393,1.363680,1.54231861e-04,11297.5
90280,1.336539,1.438631,1.54206697e-04,11298.6
90290,1.376137,1.316750,1.54181533e-04,11299.8
90300,1.497686,1.430371,1.54156370e-04,11300.9
90310,1.334913,1.473318,1.54131206e-04,11302.0
90320,1.415024,1.392483,1.54106044e-04,11303.1
90330,1.424044,1.408825,1.54080881e-04,11304.2
90340,1.415010,1.306318,1.54055719e-04,11305.4
90350,1.392314,1.505311,1.54030557e-04,11306.5
90360,1.520063,1.411012,1.54005396e-04,11307.6
90370,1.280170,1.415090,1.53980235e-04,11308.8
90380,1.426392,1.413198,1.53955075e-04,11309.9
90390,1.392640,1.318156,1.53929915e-04,11311.1
90400,1.364693,1.346706,1.53904755e-04,11312.2
90410,1.482990,1.490981,1.53879596e-04,11313.3
90420,1.338891,1.304173,1.53854437e-04,11314.4
90430,1.370507,1.422381,1.53829278e-04,11315.5
90440,1.453539,1.459134,1.53804120e-04,11316.7
90450,1.327044,1.427609,1.53778962e-04,11317.8
90460,1.337028,1.322260,1.53753805e-04,11318.9
90470,1.347396,1.393296,1.53728648e-04,11320.0
90480,1.525923,1.403221,1.53703491e-04,11321.2
90490,1.276930,1.423349,1.53678335e-04,11322.3
90500,1.387033,1.338935,1.53653179e-04,11323.4
90510,1.396811,1.452734,1.53628024e-04,11324.8
90520,1.422837,1.479084,1.53602869e-04,11325.9
90530,1.365620,1.427362,1.53577714e-04,11327.0
90540,1.349506,1.404430,1.53552560e-04,11328.2
90550,1.368544,1.390491,1.53527406e-04,11329.3
90560,1.407522,1.410274,1.53502253e-04,11330.4
90570,1.319711,1.353607,1.53477100e-04,11331.5
90580,1.368440,1.342373,1.53451947e-04,11332.7
90590,1.340647,1.406232,1.53426795e-04,11333.8
90600,1.494231,1.389232,1.53401643e-04,11334.9
90610,1.369311,1.482771,1.53376492e-04,11336.0
90620,1.340347,1.480281,1.53351341e-04,11337.2
90630,1.400012,1.319826,1.53326190e-04,11338.3
90640,1.466772,1.389302,1.53301040e-04,11339.4
90650,1.353462,1.352832,1.53275890e-04,11340.5
90660,1.399818,1.363818,1.53250741e-04,11341.7
90670,1.443728,1.435389,1.53225592e-04,11342.8
90680,1.351702,1.419879,1.53200443e-04,11343.9
90690,1.404414,1.327182,1.53175295e-04,11345.1
90700,1.372865,1.383032,1.53150147e-04,11346.2
90710,1.339890,1.414137,1.53125000e-04,11347.3
90720,1.359226,1.426295,1.53099853e-04,11348.4
90730,1.390186,1.462325,1.53074707e-04,11349.5
90740,1.422350,1.413836,1.53049561e-04,11350.7
90750,1.389669,1.386568,1.53024415e-04,11351.8
90760,1.442957,1.354418,1.52999270e-04,11352.9
90770,1.346189,1.428383,1.52974125e-04,11354.0
90780,1.387783,1.433985,1.52948981e-04,11355.1
90790,1.497704,1.386934,1.52923837e-04,11356.3
90800,1.485403,1.317661,1.52898693e-04,11357.4
90810,1.357724,1.342525,1.52873550e-04,11358.5
90820,1.346116,1.352390,1.52848408e-04,11359.6
90830,1.385434,1.402701,1.52823265e-04,11360.7
90840,1.378285,1.271492,1.52798123e-04,11361.9
90850,1.494736,1.468449,1.52772982e-04,11363.0
90860,1.468543,1.412526,1.52747841e-04,11364.1
90870,1.410121,1.374281,1.52722701e-04,11365.2
90880,1.437470,1.330969,1.52697560e-04,11366.4
90890,1.400029,1.466554,1.52672421e-04,11367.5
90900,1.482566,1.360327,1.52647281e-04,11368.6
90910,1.368890,1.400697,1.52622143e-04,11369.8
90920,1.495813,1.508440,1.52597004e-04,11370.9
90930,1.419768,1.350658,1.52571866e-04,11372.0
90940,1.326635,1.298604,1.52546729e-04,11373.2
90950,1.381414,1.369478,1.52521592e-04,11374.3
90960,1.301350,1.344625,1.52496455e-04,11375.4
90970,1.400123,1.429268,1.52471319e-04,11376.5
90980,1.393757,1.417486,1.52446183e-04,11377.7
90990,1.405353,1.448241,1.52421048e-04,11378.8
91000,1.368447,1.408887,1.52395913e-04,11379.9
91010,1.387815,1.421235,1.52370778e-04,11381.2
91020,1.350686,1.463170,1.52345644e-04,11382.3
91030,1.441177,1.367984,1.52320511e-04,11383.4
91040,1.394375,1.359220,1.52295378e-04,11384.6
91050,1.416917,1.488286,1.52270245e-04,11385.8
91060,1.392825,1.441705,1.52245113e-04,11386.9
91070,1.333797,1.358387,1.52219981e-04,11388.0
91080,1.458860,1.328034,1.52194850e-04,11389.1
91090,1.295914,1.349813,1.52169719e-04,11390.3
91100,1.442889,1.369703,1.52144588e-04,11391.4
91110,1.352387,1.488723,1.52119458e-04,11392.5
91120,1.285674,1.475144,1.52094329e-04,11393.7
91130,1.420546,1.323465,1.52069200e-04,11394.8
91140,1.368830,1.423166,1.52044071e-04,11395.9
91150,1.514890,1.496407,1.52018943e-04,11397.0
91160,1.462717,1.396651,1.51993815e-04,11398.1
91170,1.422939,1.368383,1.51968688e-04,11399.3
91180,1.407539,1.512874,1.51943561e-04,11400.4
91190,1.500864,1.355365,1.51918435e-04,11401.5
91200,1.359144,1.393076,1.51893309e-04,11402.6
91210,1.446413,1.413269,1.51868183e-04,11403.8
91220,1.397683,1.392838,1.51843058e-04,11404.9
91230,1.438355,1.400997,1.51817934e-04,11406.1
91240,1.376218,1.368193,1.51792810e-04,11407.2
91250,1.330924,1.306482,1.51767686e-04,11408.3
91260,1.323508,1.367128,1.51742563e-04,11409.5
91270,1.363739,1.452955,1.51717440e-04,11410.6
91280,1.369914,1.377965,1.51692318e-04,11411.7
91290,1.455236,1.370925,1.51667196e-04,11412.9
91300,1.368339,1.355327,1.51642075e-04,11414.0
91310,1.397691,1.328093,1.51616954e-04,11415.1
91320,1.362789,1.349755,1.51591834e-04,11416.2
91330,1.489064,1.395567,1.51566714e-04,11417.4
91340,1.467823,1.380120,1.51541594e-04,11418.5
91350,1.411805,1.405700,1.51516476e-04,11419.6
91360,1.375391,1.463587,1.51491357e-04,11420.7
91370,1.368794,1.390834,1.51466239e-04,11421.8
91380,1.305871,1.363180,1.51441122e-04,11423.0
91390,1.433419,1.466953,1.51416004e-04,11424.1
91400,1.376104,1.288984,1.51390888e-04,11425.3
91410,1.340605,1.404962,1.51365772e-04,11426.4
91420,1.348080,1.389727,1.51340656e-04,11427.5
91430,1.293952,1.397458,1.51315541e-04,11428.6
91440,1.331769,1.390226,1.51290426e-04,11429.8
91450,1.437222,1.456253,1.51265312e-04,11430.9
91460,1.332013,1.473158,1.51240198e-04,11432.1
91470,1.368971,1.443036,1.51215085e-04,11433.2
91480,1.401698,1.347915,1.51189972e-04,11434.4
91490,1.333477,1.352452,1.51164860e-04,11435.5
91500,1.470945,1.344069,1.51139748e-04,11436.6
91510,1.363940,1.444439,1.51114637e-04,11438.0
91520,1.511571,1.492833,1.51089526e-04,11439.1
91530,1.475726,1.441655,1.51064416e-04,11440.3
91540,1.457498,1.426235,1.51039306e-04,11441.4
91550,1.386620,1.328407,1.51014197e-04,11442.6
91560,1.311884,1.481368,1.50989088e-04,11443.8
91570,1.395253,1.360492,1.50963980e-04,11444.9
91580,1.471350,1.436755,1.50938872e-04,11446.0
91590,1.275526,1.317934,1.50913764e-04,11447.2
91600,1.326202,1.399309,1.50888657e-04,11448.4
91610,1.297533,1.411630,1.50863551e-04,11449.5
91620,1.361987,1.419972,1.50838445e-04,11450.6
91630,1.273116,1.417086,1.50813340e-04,11451.7
91640,1.434913,1.535707,1.50788235e-04,11452.9
91650,1.358903,1.393259,1.50763130e-04,11454.0
91660,1.362430,1.511116,1.50738026e-04,11455.1
91670,1.328892,1.498897,1.50712923e-04,11456.3
91680,1.356311,1.468701,1.50687820e-04,11457.4
91690,1.493839,1.374490,1.50662718e-04,11458.5
91700,1.250272,1.269480,1.50637616e-04,11459.6
91710,1.429825,1.386141,1.50612514e-04,11460.7
91720,1.401447,1.368216,1.50587413e-04,11461.9
91730,1.370214,1.421824,1.50562313e-04,11463.0
91740,1.459147,1.414036,1.50537213e-04,11464.1
91750,1.356109,1.356725,1.50512114e-04,11465.3
91760,1.416002,1.361470,1.50487015e-04,11466.5
91770,1.434618,1.491851,1.50461916e-04,11467.7
91780,1.299567,1.329757,1.50436819e-04,11468.9
91790,1.366214,1.416722,1.50411721e-04,11470.0
91800,1.445555,1.433091,1.50386624e-04,11471.1
91810,1.368550,1.335778,1.50361528e-04,11472.3
91820,1.327210,1.352797,1.50336432e-04,11473.4
91830,1.485433,1.411011,1.50311337e-04,11474.6
91840,1.307748,1.458706,1.50286242e-04,11475.7
91850,1.395789,1.244003,1.50261148e-04,11476.9
91860,1.476247,1.363060,1.50236054e-04,11478.0
91870,1.412192,1.437145,1.50210961e-04,11479.1
91880,1.522181,1.416500,1.50185868e-04,11480.2
91890,1.376215,1.365131,1.50160776e-04,11481.3
91900,1.443815,1.392400,1.50135684e-04,11482.5
91910,1.514171,1.331786,1.50110593e-04,11483.6
91920,1.327314,1.430924,1.50085502e-04,11484.8
91930,1.434541,1.360861,1.50060412e-04,11485.9
91940,1.325507,1.363624,1.50035322e-04,11487.0
91950,1.398945,1.513325,1.50010233e-04,11488.1
91960,1.399601,1.338519,1.49985145e-04,11489.2
91970,1.407005,1.466217,1.49960057e-04,11490.4
91980,1.450566,1.388544,1.49934969e-04,11491.5
91990,1.359921,1.365486,1.49909882e-04,11492.6
92000,1.414111,1.393217,1.49884796e-04,11493.7
92010,1.300437,1.380835,1.49859710e-04,11495.1
92020,1.331986,1.343812,1.49834624e-04,11496.2
92030,1.316472,1.411036,1.49809539e-04,11497.3
92040,1.415177,1.461086,1.49784455e-04,11498.4
92050,1.337460,1.454104,1.49759371e-04,11499.6
92060,1.356637,1.406923,1.49734288e-04,11500.7
92070,1.399775,1.472622,1.49709205e-04,11501.8
92080,1.362088,1.462465,1.49684123e-04,11502.9
92090,1.353281,1.395663,1.49659041e-04,11504.0
92100,1.412051,1.444177,1.49633960e-04,11505.2
92110,1.410845,1.374632,1.49608880e-04,11506.3
92120,1.405370,1.352276,1.49583800e-04,11507.4
92130,1.469759,1.402337,1.49558720e-04,11508.5
92140,1.333400,1.451573,1.49533641e-04,11509.6
92150,1.271016,1.421777,1.49508563e-04,11510.8
92160,1.458887,1.431282,1.49483485e-04,11511.9
92170,1.422218,1.354849,1.49458407e-04,11513.0
92180,1.445973,1.455712,1.49433330e-04,11514.1
92190,1.293427,1.423028,1.49408254e-04,11515.3
92200,1.537782,1.414844,1.49383178e-04,11516.4
92210,1.417704,1.384731,1.49358103e-04,11517.5
92220,1.286998,1.375536,1.49333029e-04,11518.6
92230,1.395486,1.395925,1.49307955e-04,11519.7
92240,1.447333,1.379105,1.49282881e-04,11520.8
92250,1.405023,1.395355,1.49257808e-04,11522.0
92260,1.333454,1.348025,1.49232736e-04,11523.1
92270,1.369228,1.393021,1.49207664e-04,11524.2
92280,1.265033,1.418956,1.49182592e-04,11525.3
92290,1.451064,1.349871,1.49157522e-04,11526.4
92300,1.372863,1.320471,1.49132451e-04,11527.6
92310,1.306414,1.359686,1.49107382e-04,11528.7
92320,1.320520,1.497247,1.49082313e-04,11529.8
92330,1.378998,1.473046,1.49057244e-04,11530.9
92340,1.328062,1.363137,1.49032176e-04,11532.1
92350,1.376025,1.389680,1.49007109e-04,11533.2
92360,1.388754,1.438231,1.48982042e-04,11534.3
92370,1.405091,1.335199,1.48956975e-04,11535.4
92380,1.350303,1.478827,1.48931910e-04,11536.6
92390,1.409812,1.391430,1.48906844e-04,11537.7
92400,1.413209,1.437752,1.48881780e-04,11538.8
92410,1.432754,1.333623,1.48856716e-04,11539.9
92420,1.308860,1.399526,1.48831652e-04,11541.0
92430,1.428946,1.451285,1.48806589e-04,11542.1
92440,1.359733,1.398090,1.48781527e-04,11543.3
92450,1.408410,1.387480,1.48756465e-04,11544.4
92460,1.397149,1.415657,1.48731404e-04,11545.5
92470,1.392179,1.419906,1.48706343e-04,11546.6
92480,1.391520,1.374898,1.48681283e-04,11547.7
92490,1.484995,1.339079,1.48656223e-04,11548.8
92500,1.435523,1.433589,1.48631164e-04,11550.0
92510,1.309437,1.472402,1.48606106e-04,11551.3
92520,1.458841,1.461575,1.48581048e-04,11552.4
92530,1.347316,1.357466,1.48555991e-04,11553.5
92540,1.372535,1.382627,1.48530934e-04,11554.6
92550,1.332521,1.418415,1.48505878e-04,11555.7
92560,1.366033,1.524440,1.48480823e-04,11556.8
92570,1.502470,1.443781,1.48455768e-04,11558.0
92580,1.306101,1.415219,1.48430713e-04,11559.1
92590,1.426115,1.400871,1.48405660e-04,11560.2
92600,1.353476,1.444566,1.48380606e-04,11561.3
92610,1.348604,1.322565,1.48355554e-04,11562.4
92620,1.377047,1.433820,1.48330502e-04,11563.5
92630,1.388591,1.344064,1.48305450e-04,11564.7
92640,1.448114,1.392757,1.48280399e-04,11565.8
92650,1.452152,1.450093,1.48255349e-04,11566.9
92660,1.452905,1.442260,1.48230299e-04,11568.0
92670,1.369759,1.468154,1.48205250e-04,11569.1
92680,1.416628,1.326690,1.48180202e-04,11570.3
92690,1.395000,1.396091,1.48155154e-04,11571.4
92700,1.475681,1.471372,1.48130106e-04,11572.5
92710,1.386713,1.412114,1.48105060e-04,11573.6
92720,1.342312,1.369782,1.48080013e-04,11574.7
92730,1.430924,1.387404,1.48054968e-04,11575.8
92740,1.311670,1.486227,1.48029923e-04,11577.0
92750,1.444063,1.349280,1.48004879e-04,11578.1
92760,1.464989,1.384129,1.47979835e-04,11579.2
92770,1.366016,1.436582,1.47954791e-04,11580.3
92780,1.351997,1.415191,1.47929749e-04,11581.4
92790,1.386681,1.450508,1.47904707e-04,11582.5
92800,1.330605,1.520248,1.47879665e-04,11583.6
92810,1.531520,1.350478,1.47854625e-04,11584.8
92820,1.358392,1.368326,1.47829584e-04,11585.9
92830,1.421430,1.466973,1.47804545e-04,11587.0
92840,1.386378,1.413897,1.47779506e-04,11588.1
92850,1.405575,1.345221,1.47754467e-04,11589.2
92860,1.361634,1.307064,1.47729430e-04,11590.3
92870,1.354123,1.460352,1.47704392e-04,11591.4
92880,1.335594,1.359092,1.47679356e-04,11592.5
92890,1.377807,1.458217,1.47654320e-04,11593.6
92900,1.393494,1.503904,1.47629284e-04,11594.7
92910,1.301664,1.456179,1.47604250e-04,11595.9
92920,1.400312,1.407196,1.47579215e-04,11597.0
92930,1.388030,1.433963,1.47554182e-04,11598.1
92940,1.431994,1.304611,1.47529149e-04,11599.2
92950,1.356427,1.353032,1.47504117e-04,11600.3
92960,1.414885,1.420150,1.47479085e-04,11601.4
92970,1.515308,1.415388,1.47454054e-04,11602.5
92980,1.320357,1.436124,1.47429023e-04,11603.6
92990,1.429231,1.301605,1.47403993e-04,11604.8
93000,1.372450,1.406995,1.47378964e-04,11605.9
93010,1.414480,1.373378,1.47353935e-04,11607.2
93020,1.349930,1.337228,1.47328907e-04,11608.4
93030,1.409987,1.451119,1.47303880e-04,11609.5
93040,1.408139,1.341622,1.47278853e-04,11610.6
93050,1.453804,1.415992,1.47253827e-04,11611.7
93060,1.508252,1.386380,1.47228801e-04,11612.8
93070,1.327647,1.316746,1.47203776e-04,11613.9
93080,1.300591,1.413937,1.47178752e-04,11615.0
93090,1.410334,1.383623,1.47153728e-04,11616.1
93100,1.387480,1.311941,1.47128705e-04,11617.3
93110,1.310542,1.388892,1.47103683e-04,11618.4
93120,1.390053,1.362162,1.47078661e-04,11619.5
93130,1.423426,1.437201,1.47053640e-04,11620.6
93140,1.346536,1.466359,1.47028619e-04,11621.8
93150,1.330516,1.262950,1.47003599e-04,11622.9
93160,1.388084,1.401270,1.46978580e-04,11624.0
93170,1.481858,1.405070,1.46953561e-04,11625.1
93180,1.343616,1.432677,1.46928543e-04,11626.3
93190,1.325355,1.251156,1.46903526e-04,11627.4
93200,1.359573,1.342824,1.46878509e-04,11628.5
93210,1.411807,1.398089,1.46853493e-04,11629.7
93220,1.305962,1.478183,1.46828477e-04,11630.8
93230,1.332950,1.473072,1.46803463e-04,11631.9
93240,1.406120,1.340997,1.46778448e-04,11633.0
93250,1.368605,1.392461,1.46753435e-04,11634.2
93260,1.352082,1.542183,1.46728422e-04,11635.3
93270,1.293777,1.414066,1.46703409e-04,11636.4
93280,1.381805,1.354978,1.46678398e-04,11637.5
93290,1.422853,1.405070,1.46653387e-04,11638.7
93300,1.337272,1.353341,1.46628376e-04,11639.8
93310,1.402949,1.456313,1.46603366e-04,11640.9
93320,1.353250,1.442526,1.46578357e-04,11642.0
93330,1.429639,1.510366,1.46553349e-04,11643.1
93340,1.348309,1.432151,1.46528341e-04,11644.3
93350,1.404295,1.379578,1.46503334e-04,11645.4
93360,1.396237,1.360851,1.46478327e-04,11646.5
93370,1.423883,1.393187,1.46453321e-04,11647.6
93380,1.341295,1.364884,1.46428316e-04,11648.8
93390,1.282311,1.342327,1.46403312e-04,11649.9
93400,1.296780,1.474617,1.46378308e-04,11651.0
93410,1.361286,1.429737,1.46353304e-04,11652.1
93420,1.333181,1.352357,1.46328302e-04,11653.3
93430,1.453595,1.439647,1.46303300e-04,11654.4
93440,1.307953,1.338037,1.46278298e-04,11655.5
93450,1.421113,1.286686,1.46253298e-04,11656.6
93460,1.334060,1.442018,1.46228298e-04,11657.7
93470,1.463720,1.383385,1.46203298e-04,11658.9
93480,1.452478,1.368114,1.46178300e-04,11660.0
93490,1.412750,1.440761,1.46153302e-04,11661.1
93500,1.303082,1.425704,1.46128304e-04,11662.2
93510,1.368272,1.571789,1.46103307e-04,11663.6
93520,1.379879,1.264586,1.46078311e-04,11664.7
93530,1.425200,1.430363,1.46053316e-04,11665.8
93540,1.329587,1.384015,1.46028321e-04,11666.9
93550,1.334516,1.377941,1.46003327e-04,11668.1
93560,1.430651,1.446395,1.45978334e-04,11669.2
93570,1.421637,1.392305,1.45953341e-04,11670.3
93580,1.424471,1.387395,1.45928349e-04,11671.4
93590,1.375641,1.434180,1.45903357e-04,11672.5
93600,1.429971,1.403562,1.45878367e-04,11673.7
93610,1.269477,1.360129,1.45853377e-04,11674.8
93620,1.386370,1.405557,1.45828387e-04,11675.9
93630,1.460720,1.406532,1.45803398e-04,11677.0
93640,1.471466,1.447553,1.45778410e-04,11678.1
93650,1.304732,1.372003,1.45753423e-04,11679.3
93660,1.411114,1.336051,1.45728436e-04,11680.3
93670,1.352471,1.272254,1.45703450e-04,11681.5
93680,1.364684,1.448156,1.45678465e-04,11682.6
93690,1.322273,1.553844,1.45653480e-04,11683.7
93700,1.351681,1.411779,1.45628496e-04,11684.8
93710,1.261229,1.340456,1.45603513e-04,11686.0
93720,1.363412,1.463269,1.45578530e-04,11687.1
93730,1.474723,1.436230,1.45553548e-04,11688.2
93740,1.408805,1.431729,1.45528567e-04,11689.3
93750,1.311290,1.518088,1.45503586e-04,11690.5
93760,1.318403,1.331786,1.45478606e-04,11691.6
93770,1.396705,1.417498,1.45453627e-04,11692.7
93780,1.394455,1.453766,1.45428648e-04,11693.8
93790,1.315726,1.355243,1.45403670e-04,11694.9
93800,1.415318,1.456402,1.45378693e-04,11696.0
93810,1.287762,1.468672,1.45353717e-04,11697.1
93820,1.332988,1.340012,1.45328741e-04,11698.3
93830,1.489847,1.455883,1.45303766e-04,11699.4
93840,1.291212,1.345715,1.45278791e-04,11700.5
93850,1.412057,1.368207,1.45253817e-04,11701.6
93860,1.456895,1.467271,1.45228844e-04,11702.7
93870,1.311889,1.394941,1.45203872e-04,11703.8
93880,1.358225,1.395386,1.45178900e-04,11705.0
93890,1.352944,1.376892,1.45153929e-04,11706.1
93900,1.510354,1.401910,1.45128959e-04,11707.2
93910,1.353737,1.482663,1.45103989e-04,11708.3
93920,1.339483,1.401425,1.45079020e-04,11709.4
93930,1.492861,1.394165,1.45054052e-04,11710.5
93940,1.279725,1.457024,1.45029085e-04,11711.7
93950,1.513755,1.317471,1.45004118e-04,11712.8
93960,1.400741,1.415559,1.44979152e-04,11713.9
93970,1.417093,1.345965,1.44954186e-04,11715.0
93980,1.372766,1.403815,1.44929221e-04,11716.1
93990,1.441595,1.378641,1.44904257e-04,11717.2
94000,1.348943,1.372595,1.44879294e-04,11718.3
94010,1.318812,1.322541,1.44854331e-04,11719.6
94020,1.341761,1.411615,1.44829370e-04,11720.8
94030,1.343347,1.353214,1.44804408e-04,11721.9
94040,1.334569,1.338165,1.44779448e-04,11723.1
94050,1.362575,1.354887,1.44754488e-04,11724.2
94060,1.380042,1.399843,1.44729529e-04,11725.4
94070,1.407132,1.523511,1.44704571e-04,11726.5
94080,1.494854,1.356786,1.44679613e-04,11727.6
94090,1.374498,1.393198,1.44654656e-04,11728.7
94100,1.298627,1.459303,1.44629700e-04,11729.8
94110,1.458915,1.369350,1.44604744e-04,11731.0
94120,1.394353,1.375374,1.44579789e-04,11732.1
94130,1.416787,1.450979,1.44554835e-04,11733.2
94140,1.361214,1.379958,1.44529882e-04,11734.4
94150,1.459470,1.486749,1.44504929e-04,11735.5
94160,1.506822,1.324938,1.44479977e-04,11736.6
94170,1.504270,1.323441,1.44455026e-04,11737.7
94180,1.315511,1.491821,1.44430075e-04,11738.8
94190,1.398250,1.519314,1.44405126e-04,11740.0
94200,1.356667,1.313581,1.44380176e-04,11741.1
94210,1.367613,1.346763,1.44355228e-04,11742.2
94220,1.484124,1.373891,1.44330280e-04,11743.4
94230,1.398726,1.361662,1.44305333e-04,11744.5
94240,1.396973,1.354296,1.44280387e-04,11745.6
94250,1.401075,1.311066,1.44255442e-04,11746.7
94260,1.380344,1.399881,1.44230497e-04,11747.9
94270,1.250727,1.423945,1.44205553e-04,11749.0
94280,1.394963,1.530669,1.44180610e-04,11750.1
94290,1.380818,1.431179,1.44155667e-04,11751.2
94300,1.378835,1.313699,1.44130725e-04,11752.3
94310,1.405664,1.354645,1.44105784e-04,11753.4
94320,1.407794,1.436242,1.44080844e-04,11754.6
94330,1.516521,1.425299,1.44055904e-04,11755.7
94340,1.395134,1.409334,1.44030965e-04,11756.8
94350,1.414954,1.434211,1.44006027e-04,11757.9
94360,1.367553,1.290115,1.43981090e-04,11759.0
94370,1.243034,1.398501,1.43956153e-04,11760.1
94380,1.410469,1.554566,1.43931217e-04,11761.2
94390,1.395913,1.370761,1.43906282e-04,11762.3
94400,1.331852,1.427023,1.43881347e-04,11763.5
94410,1.300297,1.472392,1.43856413e-04,11764.6
94420,1.440871,1.330768,1.43831480e-04,11765.8
94430,1.456302,1.465031,1.43806548e-04,11766.9
94440,1.328076,1.498096,1.43781617e-04,11768.1
94450,1.290179,1.417346,1.43756686e-04,11769.2
94460,1.381398,1.371634,1.43731756e-04,11770.4
94470,1.307717,1.360752,1.43706826e-04,11771.5
94480,1.400382,1.454139,1.43681898e-04,11772.7
94490,1.361283,1.372700,1.43656970e-04,11773.8
94500,1.321608,1.312719,1.43632043e-04,11775.0
94510,1.457601,1.423976,1.43607117e-04,11776.4
94520,1.352921,1.456178,1.43582191e-04,11777.5
94530,1.404328,1.367405,1.43557266e-04,11778.7
94540,1.456856,1.410462,1.43532342e-04,11779.8
94550,1.318283,1.395618,1.43507419e-04,11781.0
94560,1.435598,1.427336,1.43482496e-04,11782.1
94570,1.453491,1.362672,1.43457574e-04,11783.3
94580,1.318464,1.336184,1.43432653e-04,11784.4
94590,1.467926,1.377084,1.43407733e-04,11785.5
94600,1.321048,1.516969,1.43382813e-04,11786.6
94610,1.403924,1.415909,1.43357895e-04,11787.7
94620,1.393958,1.437951,1.43332977e-04,11788.9
94630,1.437589,1.388723,1.43308059e-04,11790.0
94640,1.332047,1.378986,1.43283143e-04,11791.1
94650,1.341455,1.398131,1.43258227e-04,11792.2
94660,1.332093,1.465041,1.43233312e-04,11793.3
94670,1.461272,1.423311,1.43208398e-04,11794.4
94680,1.444367,1.460875,1.43183484e-04,11795.6
94690,1.501809,1.401538,1.43158571e-04,11796.7
94700,1.492971,1.409553,1.43133659e-04,11797.8
94710,1.291034,1.357071,1.43108748e-04,11798.9
94720,1.422902,1.348856,1.43083838e-04,11800.0
94730,1.531117,1.363729,1.43058928e-04,11801.2
94740,1.383375,1.421520,1.43034019e-04,11802.3
94750,1.394152,1.420309,1.43009111e-04,11803.4
94760,1.415598,1.359569,1.42984204e-04,11804.5
94770,1.433183,1.399476,1.42959297e-04,11805.6
94780,1.496559,1.477591,1.42934391e-04,11806.8
94790,1.483548,1.426279,1.42909486e-04,11807.9
94800,1.351875,1.499857,1.42884582e-04,11809.0
94810,1.505037,1.476277,1.42859678e-04,11810.1
94820,1.425609,1.378759,1.42834776e-04,11811.2
94830,1.361394,1.347774,1.42809874e-04,11812.3
94840,1.378493,1.433763,1.42784973e-04,11813.5
94850,1.334761,1.358737,1.42760072e-04,11814.6
94860,1.518934,1.393144,1.42735173e-04,11815.7
94870,1.399547,1.452937,1.42710274e-04,11816.8
94880,1.313601,1.432178,1.42685376e-04,11817.9
94890,1.286674,1.442905,1.42660478e-04,11819.0
94900,1.416895,1.423932,1.42635582e-04,11820.2
94910,1.398582,1.362900,1.42610686e-04,11821.3
94920,1.374629,1.458823,1.42585791e-04,11822.4
94930,1.414549,1.358746,1.42560897e-04,11823.5
94940,1.332892,1.449224,1.42536004e-04,11824.6
94950,1.439276,1.342983,1.42511111e-04,11825.7
94960,1.381074,1.348367,1.42486219e-04,11826.8
94970,1.337927,1.404326,1.42461328e-04,11828.0
94980,1.377597,1.353726,1.42436438e-04,11829.1
94990,1.392551,1.386422,1.42411549e-04,11830.2
95000,1.368684,1.446950,1.42386660e-04,11831.3
95010,1.532429,1.482279,1.42361772e-04,11832.6
95020,1.385264,1.378719,1.42336885e-04,11833.7
95030,1.337485,1.386318,1.42311999e-04,11834.8
95040,1.304790,1.395330,1.42287113e-04,11836.0
95050,1.468781,1.433557,1.42262228e-04,11837.1
95060,1.487625,1.429579,1.42237345e-04,11838.2
95070,1.324820,1.328319,1.42212461e-04,11839.3
95080,1.409271,1.353041,1.42187579e-04,11840.4
95090,1.374086,1.347327,1.42162698e-04,11841.6
95100,1.359464,1.487802,1.42137817e-04,11842.6
95110,1.394118,1.208229,1.42112937e-04,11843.8
95120,1.377928,1.303047,1.42088058e-04,11844.9
95130,1.464037,1.427475,1.42063180e-04,11846.0
95140,1.406055,1.326964,1.42038302e-04,11847.1
95150,1.422296,1.414190,1.42013425e-04,11848.2
95160,1.403216,1.398355,1.41988550e-04,11849.3
95170,1.374073,1.372201,1.41963674e-04,11850.4
95180,1.348818,1.368231,1.41938800e-04,11851.5
95190,1.388613,1.377365,1.41913927e-04,11852.7
95200,1.366706,1.390992,1.41889054e-04,11853.8
95210,1.389891,1.401207,1.41864182e-04,11854.9
95220,1.336275,1.431838,1.41839311e-04,11856.0
95230,1.408149,1.421865,1.41814441e-04,11857.1
95240,1.398546,1.439010,1.41789571e-04,11858.3
95250,1.405349,1.351982,1.41764703e-04,11859.4
95260,1.263404,1.396894,1.41739835e-04,11860.5
95270,1.408782,1.458030,1.41714968e-04,11861.6
95280,1.415857,1.404151,1.41690102e-04,11862.8
95290,1.497519,1.397906,1.41665236e-04,11863.9
95300,1.391196,1.454396,1.41640372e-04,11865.0
95310,1.426250,1.350069,1.41615508e-04,11866.1
95320,1.398700,1.433867,1.41590645e-04,11867.3
95330,1.413895,1.261548,1.41565783e-04,11868.4
95340,1.317521,1.374312,1.41540922e-04,11869.5
95350,1.387938,1.296298,1.41516061e-04,11870.6
95360,1.284620,1.318159,1.41491202e-04,11871.8
95370,1.379283,1.466719,1.41466343e-04,11872.9
95380,1.564516,1.321631,1.41441485e-04,11874.0
95390,1.354808,1.404358,1.41416628e-04,11875.1
95400,1.330693,1.394068,1.41391772e-04,11876.3
95410,1.290444,1.414294,1.41366916e-04,11877.4
95420,1.351910,1.485681,1.41342061e-04,11878.5
95430,1.318258,1.304163,1.41317207e-04,11879.6
95440,1.372682,1.428377,1.41292354e-04,11880.7
95450,1.306035,1.326302,1.41267502e-04,11881.8
95460,1.533622,1.415819,1.41242651e-04,11883.0
95470,1.362565,1.371218,1.41217800e-04,11884.1
95480,1.411934,1.420803,1.41192951e-04,11885.2
95490,1.391459,1.432439,1.41168102e-04,11886.4
95500,1.349063,1.390981,1.41143254e-04,11887.5
95510,1.393438,1.390338,1.41118406e-04,11888.8
95520,1.440231,1.471780,1.41093560e-04,11889.9
95530,1.428871,1.381295,1.41068715e-04,11891.1
95540,1.288893,1.471236,1.41043870e-04,11892.2
95550,1.387981,1.380718,1.41019026e-04,11893.3
95560,1.380581,1.396328,1.40994183e-04,11894.4
95570,1.334760,1.347412,1.40969341e-04,11895.5
95580,1.324218,1.306062,1.40944499e-04,11896.7
95590,1.302181,1.344822,1.40919659e-04,11897.8
95600,1.337799,1.521613,1.40894819e-04,11898.9
95610,1.347098,1.320675,1.40869980e-04,11900.0
95620,1.400561,1.394655,1.40845142e-04,11901.1
95630,1.324907,1.365788,1.40820305e-04,11902.2
95640,1.387469,1.418713,1.40795469e-04,11903.4
95650,1.459584,1.311073,1.40770634e-04,11904.5
95660,1.350330,1.427737,1.40745799e-04,11905.6
95670,1.447799,1.225954,1.40720965e-04,11906.8
95680,1.316061,1.297733,1.40696132e-04,11907.9
95690,1.336829,1.515506,1.40671300e-04,11909.0
95700,1.384594,1.492836,1.40646469e-04,11910.2
95710,1.384871,1.398388,1.40621639e-04,11911.3
95720,1.380287,1.474191,1.40596809e-04,11912.4
95730,1.424369,1.460510,1.40571981e-04,11913.6
95740,1.281549,1.415248,1.40547153e-04,11914.7
95750,1.358064,1.379189,1.40522326e-04,11915.8
95760,1.381276,1.346314,1.40497500e-04,11916.9
95770,1.376064,1.434763,1.40472675e-04,11918.1
95780,1.386055,1.309491,1.40447850e-04,11919.2
95790,1.371531,1.361469,1.40423027e-04,11920.3
95800,1.367806,1.292194,1.40398204e-04,11921.4
95810,1.473408,1.398369,1.40373382e-04,11922.5
95820,1.334720,1.300292,1.40348561e-04,11923.7
95830,1.456018,1.329505,1.40323741e-04,11924.8
95840,1.437767,1.372980,1.40298922e-04,11925.9
95850,1.297615,1.371375,1.40274104e-04,11927.1
95860,1.337055,1.411495,1.40249286e-04,11928.2
95870,1.338525,1.407378,1.40224470e-04,11929.3
95880,1.423567,1.403255,1.40199654e-04,11930.4
95890,1.254247,1.438429,1.40174839e-04,11931.5
95900,1.317036,1.445771,1.40150025e-04,11932.7
95910,1.291128,1.355372,1.40125212e-04,11933.8
95920,1.245261,1.444787,1.40100400e-04,11935.0
95930,1.291147,1.493948,1.40075588e-04,11936.1
95940,1.435807,1.313845,1.40050778e-04,11937.2
95950,1.338691,1.438527,1.40025968e-04,11938.3
95960,1.457492,1.449238,1.40001159e-04,11939.4
95970,1.352176,1.471753,1.39976351e-04,11940.6
95980,1.418521,1.395651,1.39951544e-04,11941.7
95990,1.406402,1.460680,1.39926738e-04,11942.8
96000,1.316968,1.321363,1.39901933e-04,11943.9
96010,1.304955,1.469665,1.39877129e-04,11945.2
96020,1.348647,1.388024,1.39852325e-04,11946.4
96030,1.363462,1.401056,1.39827522e-04,11947.5
96040,1.446751,1.308870,1.39802721e-04,11948.6
96050,1.433735,1.394035,1.39777920e-04,11949.8
96060,1.534948,1.303102,1.39753120e-04,11950.9
96070,1.394444,1.506149,1.39728321e-04,11952.0
96080,1.435304,1.368061,1.39703523e-04,11953.1
96090,1.389129,1.393859,1.39678725e-04,11954.2
96100,1.555882,1.308660,1.39653929e-04,11955.4
96110,1.413594,1.384660,1.39629133e-04,11956.5
96120,1.353045,1.417889,1.39604338e-04,11957.6
96130,1.520951,1.440130,1.39579545e-04,11958.7
96140,1.341754,1.396905,1.39554752e-04,11959.8
96150,1.473999,1.364702,1.39529960e-04,11960.9
96160,1.406462,1.374440,1.39505169e-04,11962.0
96170,1.364547,1.394881,1.39480378e-04,11963.2
96180,1.383217,1.412087,1.39455589e-04,11964.3
96190,1.341862,1.412521,1.39430801e-04,11965.4
96200,1.416589,1.356486,1.39406013e-04,11966.5
96210,1.341388,1.351151,1.39381226e-04,11967.6
96220,1.295972,1.399494,1.39356441e-04,11968.8
96230,1.394175,1.413427,1.39331656e-04,11969.9
96240,1.358257,1.395555,1.39306872e-04,11971.0
96250,1.380771,1.489547,1.39282089e-04,11972.1
96260,1.385832,1.443521,1.39257307e-04,11973.3
96270,1.357033,1.371028,1.39232525e-04,11974.4
96280,1.356099,1.430376,1.39207745e-04,11975.5
96290,1.385968,1.369863,1.39182965e-04,11976.6
96300,1.430204,1.568719,1.39158187e-04,11977.7
96310,1.392338,1.469311,1.39133409e-04,11978.8
96320,1.431426,1.490188,1.39108632e-04,11980.0
96330,1.361144,1.398942,1.39083857e-04,11981.1
96340,1.363673,1.368830,1.39059082e-04,11982.2
96350,1.372835,1.408756,1.39034308e-04,11983.3
96360,1.448515,1.410138,1.39009535e-04,11984.4
96370,1.384668,1.369324,1.38984762e-04,11985.6
96380,1.332878,1.400701,1.38959991e-04,11986.7
96390,1.350659,1.281362,1.38935221e-04,11987.8
96400,1.511629,1.455317,1.38910451e-04,11988.9
96410,1.396987,1.435468,1.38885683e-04,11990.0
96420,1.351964,1.334464,1.38860915e-04,11991.2
96430,1.394829,1.322469,1.38836148e-04,11992.3
96440,1.372327,1.508925,1.38811382e-04,11993.4
96450,1.350861,1.410325,1.38786617e-04,11994.5
96460,1.420959,1.357046,1.38761853e-04,11995.6
96470,1.283213,1.414176,1.38737090e-04,11996.7
96480,1.300628,1.352791,1.38712328e-04,11997.8
96490,1.448440,1.447902,1.38687567e-04,11999.0
96500,1.503919,1.451741,1.38662807e-04,12000.1
96510,1.399290,1.356793,1.38638047e-04,12001.4
96520,1.368272,1.316206,1.38613289e-04,12002.6
96530,1.332076,1.338861,1.38588531e-04,12003.7
96540,1.351176,1.288754,1.38563774e-04,12004.8
96550,1.482198,1.275782,1.38539019e-04,12005.9
96560,1.402328,1.344365,1.38514264e-04,12007.1
96570,1.441264,1.437795,1.38489510e-04,12008.2
96580,1.383979,1.498789,1.38464757e-04,12009.3
96590,1.350457,1.376885,1.38440005e-04,12010.4
96600,1.394632,1.397757,1.38415254e-04,12011.5
96610,1.410807,1.306906,1.38390504e-04,12012.7
96620,1.390627,1.430445,1.38365755e-04,12013.8
96630,1.302225,1.484032,1.38341006e-04,12014.9
96640,1.382867,1.409497,1.38316259e-04,12016.0
96650,1.277423,1.351385,1.38291513e-04,12017.2
96660,1.447072,1.342924,1.38266767e-04,12018.3
96670,1.466840,1.357616,1.38242023e-04,12019.4
96680,1.234315,1.438915,1.38217279e-04,12020.6
96690,1.455062,1.481165,1.38192536e-04,12021.7
96700,1.312331,1.311783,1.38167795e-04,12022.9
96710,1.323943,1.486616,1.38143054e-04,12024.1
96720,1.386137,1.447227,1.38118314e-04,12025.2
96730,1.307038,1.478388,1.38093575e-04,12026.4
96740,1.446270,1.341688,1.38068837e-04,12027.6
96750,1.407619,1.292764,1.38044100e-04,12028.7
96760,1.306100,1.418743,1.38019364e-04,12029.9
96770,1.390904,1.385234,1.37994629e-04,12031.0
96780,1.274611,1.411468,1.37969894e-04,12032.2
96790,1.444349,1.405250,1.37945161e-04,12033.3
96800,1.406945,1.451520,1.37920429e-04,12034.5
96810,1.399018,1.434846,1.37895697e-04,12035.6
96820,1.306402,1.377304,1.37870967e-04,12036.8
96830,1.410361,1.391739,1.37846238e-04,12037.9
96840,1.390364,1.349797,1.37821509e-04,12039.1
96850,1.460647,1.541590,1.37796781e-04,12040.2
96860,1.374897,1.383549,1.37772055e-04,12041.3
96870,1.425247,1.447788,1.37747329e-04,12042.4
96880,1.398069,1.402840,1.37722604e-04,12043.6
96890,1.454047,1.424817,1.37697881e-04,12044.7
96900,1.444007,1.338675,1.37673158e-04,12045.8
96910,1.265750,1.457275,1.37648436e-04,12046.9
96920,1.469140,1.417356,1.37623715e-04,12048.0
96930,1.459725,1.439101,1.37598995e-04,12049.2
96940,1.294846,1.511055,1.37574276e-04,12050.3
96950,1.312010,1.380357,1.37549558e-04,12051.4
96960,1.411760,1.358786,1.37524841e-04,12052.5
96970,1.401607,1.482413,1.37500125e-04,12053.6
96980,1.375680,1.421855,1.37475410e-04,12054.8
96990,1.346139,1.363311,1.37450696e-04,12055.9
97000,1.519192,1.439438,1.37425982e-04,12057.0
97010,1.393304,1.420747,1.37401270e-04,12058.3
97020,1.436522,1.349734,1.37376559e-04,12059.4
97030,1.491159,1.351520,1.37351849e-04,12060.5
97040,1.476831,1.387637,1.37327139e-04,12061.7
97050,1.361656,1.411688,1.37302431e-04,12062.8
97060,1.404488,1.427366,1.37277723e-04,12063.9
97070,1.327729,1.489900,1.37253017e-04,12065.0
97080,1.376427,1.429145,1.37228312e-04,12066.1
97090,1.306129,1.368169,1.37203607e-04,12067.2
97100,1.409705,1.438466,1.37178903e-04,12068.3
97110,1.465988,1.514634,1.37154201e-04,12069.5
97120,1.473061,1.383626,1.37129499e-04,12070.6
97130,1.450407,1.472868,1.37104799e-04,12071.7
97140,1.336290,1.422510,1.37080099e-04,12072.8
97150,1.439021,1.373105,1.37055400e-04,12073.9
97160,1.386633,1.456648,1.37030703e-04,12075.0
97170,1.328060,1.411893,1.37006006e-04,12076.2
97180,1.357759,1.582611,1.36981310e-04,12077.3
97190,1.347752,1.355846,1.36956616e-04,12078.4
97200,1.461092,1.379934,1.36931922e-04,12079.5
97210,1.355768,1.323489,1.36907229e-04,12080.7
97220,1.386446,1.407141,1.36882537e-04,12081.8
97230,1.261945,1.352503,1.36857846e-04,12082.9
97240,1.351241,1.419809,1.36833156e-04,12084.0
97250,1.372517,1.430836,1.36808468e-04,12085.1
97260,1.291780,1.394446,1.36783780e-04,12086.3
97270,1.376218,1.426116,1.36759093e-04,12087.4
97280,1.393269,1.332203,1.36734407e-04,12088.5
97290,1.330111,1.451352,1.36709722e-04,12089.7
97300,1.373299,1.331069,1.36685038e-04,12090.8
97310,1.324867,1.443137,1.36660355e-04,12091.9
97320,1.341953,1.331788,1.36635673e-04,12093.0
97330,1.470571,1.519181,1.36610992e-04,12094.2
97340,1.371071,1.504759,1.36586312e-04,12095.3
97350,1.353882,1.423192,1.36561633e-04,12096.4
97360,1.424121,1.403173,1.36536956e-04,12097.6
97370,1.285415,1.459021,1.36512279e-04,12098.7
97380,1.300000,1.359105,1.36487603e-04,12099.8
97390,1.276955,1.326976,1.36462928e-04,12100.9
97400,1.330548,1.468787,1.36438254e-04,12102.0
97410,1.238250,1.435019,1.36413581e-04,12103.2
97420,1.331234,1.396845,1.36388909e-04,12104.3
97430,1.420119,1.336664,1.36364238e-04,12105.5
97440,1.415579,1.338253,1.36339568e-04,12106.6
97450,1.446537,1.373268,1.36314899e-04,12107.8
97460,1.401759,1.400917,1.36290231e-04,12108.9
97470,1.398530,1.475488,1.36265564e-04,12110.0
97480,1.467818,1.443766,1.36240898e-04,12111.1
97490,1.355311,1.443757,1.36216233e-04,12112.3
97500,1.419876,1.490531,1.36191569e-04,12113.4
97510,1.390632,1.495688,1.36166906e-04,12114.7
97520,1.439625,1.414030,1.36142244e-04,12115.8
97530,1.395462,1.338397,1.36117583e-04,12116.9
97540,1.373399,1.326928,1.36092923e-04,12118.0
97550,1.400038,1.463997,1.36068264e-04,12119.2
97560,1.471304,1.324317,1.36043606e-04,12120.3
97570,1.278591,1.435410,1.36018950e-04,12121.4
97580,1.448115,1.361127,1.35994294e-04,12122.6
97590,1.251465,1.363766,1.35969639e-04,12123.7
97600,1.374878,1.601114,1.35944985e-04,12124.8
97610,1.305188,1.359586,1.35920332e-04,12126.0
97620,1.320239,1.473870,1.35895680e-04,12127.1
97630,1.391703,1.406451,1.35871030e-04,12128.2
97640,1.397646,1.322664,1.35846380e-04,12129.3
97650,1.370646,1.423616,1.35821731e-04,12130.5
97660,1.373166,1.444793,1.35797083e-04,12131.6
97670,1.401133,1.307114,1.35772437e-04,12132.7
97680,1.313794,1.415861,1.35747791e-04,12133.9
97690,1.291891,1.294974,1.35723146e-04,12135.0
97700,1.435018,1.413159,1.35698503e-04,12136.1
97710,1.420558,1.328707,1.35673860e-04,12137.3
97720,1.400578,1.352962,1.35649218e-04,12138.4
97730,1.484749,1.397310,1.35624578e-04,12139.5
97740,1.419768,1.409907,1.35599938e-04,12140.6
97750,1.349131,1.432740,1.35575300e-04,12141.8
97760,1.491079,1.344597,1.35550662e-04,12142.9
97770,1.308304,1.384455,1.35526026e-04,12144.0
97780,1.315845,1.353859,1.35501391e-04,12145.1
97790,1.375966,1.429003,1.35476756e-04,12146.3
97800,1.339561,1.369478,1.35452123e-04,12147.4
97810,1.380169,1.352429,1.35427490e-04,12148.5
97820,1.371930,1.404676,1.35402859e-04,12149.6
97830,1.436565,1.384191,1.35378229e-04,12150.7
97840,1.370378,1.424516,1.35353600e-04,12151.8
97850,1.440610,1.417611,1.35328972e-04,12153.0
97860,1.362114,1.305018,1.35304344e-04,12154.1
97870,1.287086,1.539004,1.35279718e-04,12155.2
97880,1.297317,1.398176,1.35255093e-04,12156.3
97890,1.389049,1.417606,1.35230469e-04,12157.4
97900,1.353266,1.484512,1.35205846e-04,12158.5
97910,1.317700,1.366875,1.35181224e-04,12159.7
97920,1.337680,1.410337,1.35156603e-04,12160.8
97930,1.420647,1.484946,1.35131984e-04,12161.9
97940,1.353254,1.387716,1.35107365e-04,12163.1
97950,1.381916,1.315042,1.35082747e-04,12164.2
97960,1.490058,1.392123,1.35058130e-04,12165.3
97970,1.424690,1.390633,1.35033515e-04,12166.4
97980,1.482785,1.446201,1.35008900e-04,12167.6
97990,1.369247,1.325683,1.34984286e-04,12168.7
98000,1.368304,1.485100,1.34959674e-04,12169.8
98010,1.434743,1.376851,1.34935062e-04,12171.1
98020,1.422079,1.421378,1.34910452e-04,12172.2
98030,1.356700,1.343849,1.34885843e-04,12173.4
98040,1.257699,1.316870,1.34861234e-04,12174.5
98050,1.319015,1.379890,1.34836627e-04,12175.6
98060,1.403450,1.365364,1.34812021e-04,12176.7
98070,1.352656,1.278879,1.34787416e-04,12177.9
98080,1.429091,1.549276,1.34762812e-04,12179.0
98090,1.364115,1.513976,1.34738209e-04,12180.1
98100,1.412631,1.469033,1.34713607e-04,12181.3
98110,1.333430,1.472236,1.34689006e-04,12182.4
98120,1.374088,1.310402,1.34664406e-04,12183.5
98130,1.413956,1.472902,1.34639807e-04,12184.6
98140,1.328675,1.363657,1.34615209e-04,12185.7
98150,1.439007,1.504219,1.34590613e-04,12186.8
98160,1.261432,1.442903,1.34566017e-04,12188.0
98170,1.414201,1.423782,1.34541422e-04,12189.1
98180,1.421481,1.427897,1.34516829e-04,12190.2
98190,1.445363,1.379999,1.34492237e-04,12191.3
98200,1.291853,1.392240,1.34467645e-04,12192.4
98210,1.333677,1.286846,1.34443055e-04,12193.5
98220,1.394902,1.470652,1.34418466e-04,12194.6
98230,1.339683,1.420285,1.34393878e-04,12195.8
98240,1.394268,1.368940,1.34369290e-04,12196.9
98250,1.290741,1.371768,1.34344704e-04,12198.0
98260,1.342770,1.425500,1.34320120e-04,12199.2
98270,1.446253,1.481735,1.34295536e-04,12200.3
98280,1.325404,1.487111,1.34270953e-04,12201.4
98290,1.406617,1.343483,1.34246371e-04,12202.5
98300,1.433698,1.382562,1.34221791e-04,12203.7
98310,1.387794,1.384176,1.34197211e-04,12204.8
98320,1.378890,1.446448,1.34172633e-04,12205.9
98330,1.371076,1.308429,1.34148055e-04,12207.1
98340,1.343933,1.364442,1.34123479e-04,12208.2
98350,1.389783,1.387469,1.34098904e-04,12209.3
98360,1.408222,1.370433,1.34074329e-04,12210.5
98370,1.376115,1.442239,1.34049756e-04,12211.6
98380,1.408658,1.479222,1.34025184e-04,12212.7
98390,1.359038,1.407166,1.34000613e-04,12213.9
98400,1.302295,1.334864,1.33976044e-04,12215.1
98410,1.420424,1.304670,1.33951475e-04,12216.2
98420,1.347436,1.505332,1.33926907e-04,12217.3
98430,1.414499,1.397275,1.33902341e-04,12218.4
98440,1.386280,1.432770,1.33877775e-04,12219.6
98450,1.361082,1.393433,1.33853211e-04,12220.7
98460,1.355097,1.390860,1.33828647e-04,12221.8
98470,1.443591,1.262285,1.33804085e-04,12222.9
98480,1.375281,1.339151,1.33779524e-04,12224.1
98490,1.370434,1.361851,1.33754964e-04,12225.2
98500,1.354152,1.416274,1.33730405e-04,12226.4
98510,1.468363,1.400764,1.33705847e-04,12227.7
98520,1.470945,1.391044,1.33681290e-04,12228.8
98530,1.401639,1.398999,1.33656735e-04,12230.0
98540,1.377706,1.389174,1.33632180e-04,12231.1
98550,1.374954,1.373813,1.33607627e-04,12232.2
98560,1.339204,1.459399,1.33583074e-04,12233.4
98570,1.371532,1.458004,1.33558523e-04,12234.5
98580,1.332904,1.403347,1.33533973e-04,12235.6
98590,1.410027,1.324454,1.33509424e-04,12236.7
98600,1.380012,1.339932,1.33484876e-04,12237.9
98610,1.370867,1.325128,1.33460329e-04,12239.0
98620,1.402032,1.420758,1.33435783e-04,12240.1
98630,1.331731,1.391103,1.33411239e-04,12241.2
98640,1.385014,1.362680,1.33386695e-04,12242.4
98650,1.365537,1.392729,1.33362153e-04,12243.5
98660,1.448182,1.449560,1.33337611e-04,12244.6
98670,1.336520,1.463237,1.33313071e-04,12245.8
98680,1.382474,1.432656,1.33288532e-04,12246.9
98690,1.262239,1.353453,1.33263994e-04,12248.0
98700,1.351343,1.447539,1.33239457e-04,12249.2
98710,1.483212,1.427094,1.33214921e-04,12250.3
98720,1.380604,1.447498,1.33190386e-04,12251.5
98730,1.291883,1.352063,1.33165853e-04,12252.6
98740,1.410351,1.425299,1.33141320e-04,12253.7
98750,1.315059,1.414412,1.33116789e-04,12254.9
98760,1.422678,1.439006,1.33092259e-04,12256.0
98770,1.440544,1.431364,1.33067730e-04,12257.1
98780,1.353959,1.397773,1.33043202e-04,12258.2
98790,1.298485,1.468083,1.33018675e-04,12259.4
98800,1.406469,1.316225,1.32994149e-04,12260.5
98810,1.363895,1.386070,1.32969624e-04,12261.7
98820,1.350231,1.321678,1.32945101e-04,12262.8
98830,1.394873,1.320525,1.32920578e-04,12263.9
98840,1.493363,1.393842,1.32896057e-04,12265.0
98850,1.342433,1.474694,1.32871537e-04,12266.1
98860,1.420284,1.328779,1.32847018e-04,12267.2
98870,1.371546,1.374869,1.32822500e-04,12268.4
98880,1.296371,1.342267,1.32797983e-04,12269.5
98890,1.335581,1.361722,1.32773468e-04,12270.6
98900,1.317315,1.434744,1.32748953e-04,12271.7
98910,1.330174,1.357871,1.32724440e-04,12272.9
98920,1.380403,1.384768,1.32699927e-04,12274.0
98930,1.404141,1.506753,1.32675416e-04,12275.1
98940,1.478167,1.332370,1.32650906e-04,12276.2
98950,1.491531,1.395903,1.32626397e-04,12277.3
98960,1.354560,1.410299,1.32601890e-04,12278.4
98970,1.403656,1.421899,1.32577383e-04,12279.6
98980,1.356557,1.404094,1.32552877e-04,12280.7
98990,1.386576,1.453564,1.32528373e-04,12281.8
99000,1.295244,1.398567,1.32503870e-04,12283.0
99010,1.367936,1.462211,1.32479368e-04,12284.3
99020,1.184765,1.274910,1.32454867e-04,12285.4
99030,1.401754,1.397814,1.32430367e-04,12286.5
99040,1.381564,1.461237,1.32405868e-04,12287.6
99050,1.335915,1.424146,1.32381371e-04,12288.8
99060,1.242082,1.354175,1.32356874e-04,12289.9
99070,1.430655,1.419685,1.32332379e-04,12291.0
99080,1.405682,1.379243,1.32307885e-04,12292.1
99090,1.396753,1.409380,1.32283392e-04,12293.2
99100,1.399087,1.412693,1.32258900e-04,12294.4
99110,1.415901,1.422203,1.32234410e-04,12295.5
99120,1.363366,1.352149,1.32209920e-04,12296.6
99130,1.476537,1.437008,1.32185432e-04,12297.7
99140,1.394850,1.481734,1.32160944e-04,12298.8
99150,1.426095,1.405959,1.32136458e-04,12299.9
99160,1.368256,1.345603,1.32111973e-04,12301.1
99170,1.318963,1.333356,1.32087490e-04,12302.2
99180,1.283268,1.389346,1.32063007e-04,12303.3
99190,1.344842,1.423979,1.32038526e-04,12304.4
99200,1.365099,1.384387,1.32014045e-04,12305.5
99210,1.287034,1.307550,1.31989566e-04,12306.7
99220,1.375064,1.307275,1.31965088e-04,12307.8
99230,1.347072,1.332377,1.31940611e-04,12308.9
99240,1.305591,1.325405,1.31916135e-04,12310.1
99250,1.319528,1.419317,1.31891661e-04,12311.2
99260,1.348149,1.378938,1.31867187e-04,12312.3
99270,1.355799,1.372730,1.31842715e-04,12313.4
99280,1.417241,1.408085,1.31818244e-04,12314.5
99290,1.253619,1.396136,1.31793774e-04,12315.6
99300,1.368189,1.305685,1.31769305e-04,12316.8
99310,1.379829,1.337143,1.31744838e-04,12317.9
99320,1.369266,1.361240,1.31720371e-04,12319.0
99330,1.418578,1.350699,1.31695906e-04,12320.1
99340,1.412488,1.337519,1.31671442e-04,12321.2
99350,1.540963,1.361272,1.31646979e-04,12322.3
99360,1.379633,1.375357,1.31622517e-04,12323.5
99370,1.397732,1.349658,1.31598057e-04,12324.6
99380,1.377356,1.370609,1.31573597e-04,12325.7
99390,1.329069,1.274995,1.31549139e-04,12326.8
99400,1.358420,1.451136,1.31524682e-04,12328.0
99410,1.334743,1.420246,1.31500226e-04,12329.1
99420,1.359327,1.288146,1.31475771e-04,12330.2
99430,1.318546,1.453478,1.31451318e-04,12331.4
99440,1.355495,1.294351,1.31426865e-04,12332.5
99450,1.459301,1.395324,1.31402414e-04,12333.6
99460,1.356630,1.428307,1.31377964e-04,12334.7
99470,1.377901,1.256435,1.31353515e-04,12335.8
99480,1.377466,1.372212,1.31329067e-04,12337.0
99490,1.293118,1.365124,1.31304621e-04,12338.1
99500,1.415106,1.400565,1.31280175e-04,12339.2
99510,1.307803,1.339836,1.31255731e-04,12340.5
99520,1.364554,1.349403,1.31231288e-04,12341.6
99530,1.282398,1.470534,1.31206846e-04,12342.8
99540,1.342969,1.362538,1.31182406e-04,12343.9
99550,1.487531,1.451541,1.31157966e-04,12345.0
99560,1.342664,1.467377,1.31133528e-04,12346.1
99570,1.370886,1.391441,1.31109091e-04,12347.2
99580,1.430847,1.313503,1.31084655e-04,12348.4
99590,1.420541,1.427259,1.31060220e-04,12349.5
99600,1.328166,1.376578,1.31035787e-04,12350.6
99610,1.344138,1.409378,1.31011355e-04,12351.7
99620,1.307320,1.344064,1.30986923e-04,12352.9
99630,1.402832,1.434759,1.30962493e-04,12354.0
99640,1.379954,1.350136,1.30938065e-04,12355.1
99650,1.426484,1.424417,1.30913637e-04,12356.2
99660,1.334204,1.292506,1.30889211e-04,12357.3
99670,1.366699,1.302993,1.30864786e-04,12358.4
99680,1.368278,1.449221,1.30840362e-04,12359.6
99690,1.352494,1.465178,1.30815939e-04,12360.7
99700,1.349391,1.363235,1.30791517e-04,12361.8
99710,1.349174,1.369684,1.30767097e-04,12362.9
99720,1.439299,1.388127,1.30742677e-04,12364.0
99730,1.465314,1.455648,1.30718259e-04,12365.1
99740,1.312712,1.492598,1.30693843e-04,12366.2
99750,1.316964,1.349384,1.30669427e-04,12367.4
99760,1.388573,1.489258,1.30645013e-04,12368.5
99770,1.460238,1.450228,1.30620599e-04,12369.7
99780,1.307004,1.357306,1.30596187e-04,12370.8
99790,1.349248,1.342248,1.30571777e-04,12371.9
99800,1.367614,1.415969,1.30547367e-04,12373.1
99810,1.427894,1.380939,1.30522959e-04,12374.2
99820,1.382513,1.377560,1.30498551e-04,12375.3
99830,1.325823,1.356027,1.30474145e-04,12376.4
99840,1.437498,1.350356,1.30449741e-04,12377.5
99850,1.445632,1.270939,1.30425337e-04,12378.7
99860,1.392486,1.291466,1.30400935e-04,12379.8
99870,1.349996,1.368463,1.30376533e-04,12380.9
99880,1.390714,1.417594,1.30352134e-04,12382.1
99890,1.253020,1.389497,1.30327735e-04,12383.2
99900,1.392437,1.417977,1.30303337e-04,12384.3
99910,1.373353,1.369988,1.30278941e-04,12385.5
99920,1.275723,1.391825,1.30254546e-04,12386.6
99930,1.534840,1.431291,1.30230152e-04,12387.7
99940,1.332695,1.452368,1.30205759e-04,12388.8
99950,1.271337,1.328282,1.30181368e-04,12390.0
99960,1.372356,1.374263,1.30156978e-04,12391.1
99970,1.372147,1.410282,1.30132589e-04,12392.3
99980,1.424349,1.355923,1.30108201e-04,12393.5
99990,1.316970,1.347478,1.30083814e-04,12394.6
100000,1.453894,1.465004,1.30059429e-04,12395.8
100010,1.394082,1.367161,1.30035045e-04,12397.1
100020,1.344511,1.368069,1.30010662e-04,12398.2
100030,1.281383,1.484797,1.29986280e-04,12399.4
100040,1.379263,1.433559,1.29961900e-04,12400.6
100050,1.432670,1.487530,1.29937520e-04,12401.8
100060,1.440420,1.423459,1.29913142e-04,12402.9
100070,1.423617,1.402858,1.29888766e-04,12404.1
100080,1.247954,1.399215,1.29864390e-04,12405.3
100090,1.332012,1.261715,1.29840016e-04,12406.5
100100,1.337371,1.499400,1.29815643e-04,12407.7
100110,1.267061,1.392088,1.29791271e-04,12408.9
100120,1.284712,1.539968,1.29766900e-04,12410.1
100130,1.435971,1.331206,1.29742531e-04,12411.3
100140,1.306040,1.448353,1.29718163e-04,12412.5
100150,1.446652,1.470731,1.29693796e-04,12413.7
100160,1.358931,1.288771,1.29669430e-04,12414.9
100170,1.393432,1.393943,1.29645066e-04,12416.1
100180,1.347791,1.318031,1.29620702e-04,12417.4
100190,1.237681,1.443904,1.29596340e-04,12418.7
100200,1.352077,1.315819,1.29571980e-04,12420.1
100210,1.519542,1.413984,1.29547620e-04,12421.3
100220,1.388967,1.403419,1.29523262e-04,12422.5
100230,1.339370,1.409456,1.29498905e-04,12423.7
100240,1.391784,1.379033,1.29474549e-04,12424.9
100250,1.503549,1.300384,1.29450194e-04,12426.0
100260,1.392577,1.439894,1.29425841e-04,12427.2
100270,1.380675,1.463536,1.29401489e-04,12428.3
100280,1.453719,1.436606,1.29377138e-04,12429.4
100290,1.416767,1.357172,1.29352789e-04,12430.6
100300,1.435904,1.324369,1.29328440e-04,12431.7
100310,1.354749,1.419973,1.29304093e-04,12432.9
100320,1.435416,1.327584,1.29279747e-04,12434.0
100330,1.390345,1.513437,1.29255403e-04,12435.2
100340,1.396676,1.402794,1.29231060e-04,12436.3
100350,1.352284,1.446314,1.29206717e-04,12437.4
100360,1.368268,1.436690,1.29182377e-04,12438.5
100370,1.310546,1.422226,1.29158037e-04,12439.6
100380,1.418353,1.438378,1.29133699e-04,12440.8
100390,1.463300,1.421716,1.29109362e-04,12441.9
100400,1.360996,1.434221,1.29085026e-04,12443.0
100410,1.383474,1.366218,1.29060691e-04,12444.1
100420,1.522989,1.416126,1.29036358e-04,12445.3
100430,1.334363,1.308318,1.29012026e-04,12446.4
100440,1.341926,1.419381,1.28987695e-04,12447.6
100450,1.311766,1.344229,1.28963366e-04,12448.7
100460,1.331766,1.460677,1.28939037e-04,12449.8
100470,1.262479,1.342921,1.28914710e-04,12450.9
100480,1.394651,1.429435,1.28890385e-04,12452.0
100490,1.421664,1.389002,1.28866060e-04,12453.2
100500,1.311011,1.372843,1.28841737e-04,12454.3
100510,1.428783,1.339184,1.28817415e-04,12455.6
100520,1.256480,1.279547,1.28793094e-04,12456.8
100530,1.405323,1.374378,1.28768775e-04,12458.0
100540,1.357280,1.320468,1.28744457e-04,12459.1
100550,1.447869,1.414576,1.28720140e-04,12460.2
100560,1.376195,1.361475,1.28695824e-04,12461.4
100570,1.367795,1.443905,1.28671510e-04,12462.5
100580,1.355746,1.397690,1.28647197e-04,12463.7
100590,1.272937,1.360431,1.28622885e-04,12464.8
100600,1.401495,1.379538,1.28598574e-04,12465.9
100610,1.385568,1.471517,1.28574265e-04,12467.1
100620,1.392959,1.292512,1.28549957e-04,12468.2
100630,1.456367,1.488081,1.28525650e-04,12469.3
100640,1.429685,1.287751,1.28501345e-04,12470.4
100650,1.431303,1.410682,1.28477041e-04,12471.6
100660,1.469520,1.447326,1.28452738e-04,12472.7
100670,1.332805,1.414528,1.28428436e-04,12473.8
100680,1.494765,1.470049,1.28404136e-04,12475.0
100690,1.337781,1.340833,1.28379837e-04,12476.1
100700,1.321972,1.395704,1.28355539e-04,12477.2
100710,1.458734,1.362729,1.28331243e-04,12478.3
100720,1.370276,1.429870,1.28306948e-04,12479.4
100730,1.387729,1.351502,1.28282654e-04,12480.6
100740,1.429998,1.371239,1.28258361e-04,12481.7
100750,1.383465,1.357993,1.28234070e-04,12482.8
100760,1.396866,1.390664,1.28209780e-04,12484.0
100770,1.394822,1.409524,1.28185491e-04,12485.1
100780,1.289698,1.355972,1.28161203e-04,12486.2
100790,1.396989,1.418421,1.28136917e-04,12487.4
100800,1.412861,1.414400,1.28112632e-04,12488.5
100810,1.357216,1.440947,1.28088349e-04,12489.6
100820,1.358786,1.396806,1.28064066e-04,12490.7
100830,1.413362,1.254857,1.28039785e-04,12491.9
100840,1.291804,1.322234,1.28015505e-04,12493.0
100850,1.415032,1.442074,1.27991227e-04,12494.1
100860,1.342631,1.455765,1.27966950e-04,12495.2
100870,1.318320,1.366938,1.27942674e-04,12496.4
100880,1.424977,1.286337,1.27918399e-04,12497.5
100890,1.432783,1.324298,1.27894126e-04,12498.6
100900,1.484367,1.408418,1.27869854e-04,12499.7
100910,1.258921,1.372970,1.27845583e-04,12500.8
100920,1.413773,1.377882,1.27821314e-04,12502.0
100930,1.417542,1.253626,1.27797046e-04,12503.1
100940,1.399092,1.339801,1.27772779e-04,12504.2
100950,1.444590,1.422046,1.27748514e-04,12505.4
100960,1.413744,1.369389,1.27724250e-04,12506.5
100970,1.399771,1.423373,1.27699987e-04,12507.6
100980,1.374307,1.266682,1.27675725e-04,12508.7
100990,1.299661,1.411057,1.27651465e-04,12509.8
101000,1.358190,1.401718,1.27627206e-04,12511.0
101010,1.288735,1.472939,1.27602948e-04,12512.3
101020,1.543323,1.407099,1.27578692e-04,12513.4
101030,1.281381,1.329334,1.27554437e-04,12514.5
101040,1.349879,1.441963,1.27530183e-04,12515.7
101050,1.370669,1.281282,1.27505931e-04,12516.8
101060,1.317986,1.444540,1.27481680e-04,12518.0
101070,1.359737,1.525246,1.27457430e-04,12519.1
101080,1.475092,1.387490,1.27433181e-04,12520.2
101090,1.475979,1.392540,1.27408934e-04,12521.3
101100,1.282187,1.396250,1.27384688e-04,12522.4
101110,1.393290,1.448009,1.27360444e-04,12523.6
101120,1.306211,1.455485,1.27336201e-04,12524.7
101130,1.408718,1.411670,1.27311959e-04,12525.8
101140,1.386816,1.419779,1.27287718e-04,12526.9
101150,1.359575,1.338223,1.27263479e-04,12528.0
101160,1.396542,1.394357,1.27239241e-04,12529.2
101170,1.347127,1.331774,1.27215004e-04,12530.3
101180,1.413759,1.364557,1.27190769e-04,12531.4
101190,1.358626,1.408324,1.27166535e-04,12532.5
101200,1.424547,1.451847,1.27142302e-04,12533.7
101210,1.274980,1.478143,1.27118071e-04,12534.8
101220,1.414511,1.420939,1.27093841e-04,12535.9
101230,1.325832,1.314520,1.27069612e-04,12537.0
101240,1.396685,1.449571,1.27045385e-04,12538.1
101250,1.336286,1.337015,1.27021159e-04,12539.2
101260,1.478577,1.334406,1.26996934e-04,12540.4
101270,1.318463,1.358933,1.26972711e-04,12541.5
101280,1.367220,1.449458,1.26948489e-04,12542.7
101290,1.437432,1.441103,1.26924268e-04,12543.8
101300,1.411795,1.411820,1.26900049e-04,12544.9
101310,1.455308,1.455944,1.26875831e-04,12546.0
101320,1.453033,1.349159,1.26851614e-04,12547.2
101330,1.298195,1.371235,1.26827399e-04,12548.3
101340,1.301476,1.503259,1.26803185e-04,12549.4
101350,1.397158,1.523098,1.26778972e-04,12550.5
101360,1.447241,1.366996,1.26754761e-04,12551.7
101370,1.379419,1.339501,1.26730551e-04,12552.8
101380,1.410407,1.367348,1.26706342e-04,12553.9
101390,1.495134,1.499254,1.26682134e-04,12555.1
101400,1.449879,1.462781,1.26657928e-04,12556.2
101410,1.351653,1.322937,1.26633724e-04,12557.3
101420,1.378277,1.437542,1.26609520e-04,12558.4
101430,1.475412,1.419046,1.26585318e-04,12559.5
101440,1.439243,1.410806,1.26561118e-04,12560.6
101450,1.378465,1.347394,1.26536919e-04,12561.8
101460,1.338435,1.539410,1.26512721e-04,12562.9
101470,1.460745,1.340479,1.26488524e-04,12564.0
101480,1.390774,1.490799,1.26464329e-04,12565.1
101490,1.402986,1.392693,1.26440135e-04,12566.2
101500,1.372092,1.361865,1.26415942e-04,12567.4
101510,1.470991,1.442524,1.26391751e-04,12568.7
101520,1.374386,1.425781,1.26367561e-04,12569.8
101530,1.320479,1.421834,1.26343373e-04,12570.9
101540,1.360570,1.391097,1.26319185e-04,12572.0
101550,1.311481,1.452518,1.26295000e-04,12573.2
101560,1.267805,1.430697,1.26270815e-04,12574.3
101570,1.338323,1.373859,1.26246632e-04,12575.4
101580,1.553007,1.404766,1.26222450e-04,12576.5
101590,1.322827,1.372669,1.26198270e-04,12577.6
101600,1.435018,1.383971,1.26174091e-04,12578.8
101610,1.401445,1.439058,1.26149913e-04,12579.9
101620,1.387689,1.379806,1.26125737e-04,12581.0
101630,1.430389,1.329666,1.26101562e-04,12582.1
101640,1.341169,1.406353,1.26077388e-04,12583.2
101650,1.323956,1.374881,1.26053216e-04,12584.3
101660,1.402626,1.331217,1.26029045e-04,12585.5
101670,1.340076,1.324780,1.26004876e-04,12586.6
101680,1.222708,1.387968,1.25980707e-04,12587.7
101690,1.370988,1.460463,1.25956541e-04,12588.8
101700,1.412851,1.357005,1.25932375e-04,12590.0
101710,1.370843,1.360832,1.25908211e-04,12591.1
101720,1.312820,1.567861,1.25884048e-04,12592.2
101730,1.441001,1.292747,1.25859887e-04,12593.3
101740,1.387900,1.481288,1.25835727e-04,12594.4
101750,1.385481,1.342297,1.25811569e-04,12595.6
101760,1.260540,1.367224,1.25787411e-04,12596.7
101770,1.465717,1.301497,1.25763256e-04,12597.8
101780,1.330220,1.403688,1.25739101e-04,12598.9
101790,1.296760,1.362253,1.25714948e-04,12600.1
101800,1.356439,1.379729,1.25690796e-04,12601.2
101810,1.334838,1.467260,1.25666646e-04,12602.3
101820,1.433627,1.401809,1.25642497e-04,12603.5
101830,1.396551,1.398493,1.25618349e-04,12604.6
101840,1.344307,1.356012,1.25594203e-04,12605.7
101850,1.409613,1.362954,1.25570058e-04,12606.8
101860,1.293737,1.385443,1.25545915e-04,12607.9
101870,1.276869,1.327763,1.25521773e-04,12609.1
101880,1.415730,1.377954,1.25497632e-04,12610.2
101890,1.397534,1.387168,1.25473493e-04,12611.3
101900,1.503787,1.453904,1.25449355e-04,12612.5
101910,1.396191,1.366799,1.25425218e-04,12613.6
101920,1.422669,1.394081,1.25401083e-04,12614.7
101930,1.310342,1.304609,1.25376949e-04,12615.8
101940,1.353321,1.401185,1.25352817e-04,12617.0
101950,1.370130,1.381429,1.25328686e-04,12618.1
101960,1.425762,1.463002,1.25304556e-04,12619.2
101970,1.325313,1.412593,1.25280428e-04,12620.3
101980,1.404618,1.375993,1.25256301e-04,12621.5
101990,1.296623,1.423570,1.25232176e-04,12622.6
102000,1.360344,1.393144,1.25208051e-04,12623.7
102010,1.399261,1.422097,1.25183929e-04,12625.1
102020,1.403766,1.282162,1.25159807e-04,12626.2
102030,1.326995,1.387340,1.25135688e-04,12627.3
102040,1.389983,1.390300,1.25111569e-04,12628.4
102050,1.394400,1.430093,1.25087452e-04,12629.6
102060,1.394098,1.475336,1.25063336e-04,12630.7
102070,1.350042,1.437505,1.25039222e-04,12631.8
102080,1.304208,1.461971,1.25015109e-04,12632.9
102090,1.366363,1.457628,1.24990998e-04,12634.1
102100,1.574887,1.364214,1.24966887e-04,12635.2
102110,1.248406,1.392212,1.24942779e-04,12636.3
102120,1.331698,1.418938,1.24918671e-04,12637.5
102130,1.348009,1.306910,1.24894565e-04,12638.6
102140,1.417179,1.368365,1.24870461e-04,12639.7
102150,1.367287,1.380636,1.24846358e-04,12640.9
102160,1.268465,1.357780,1.24822256e-04,12642.0
102170,1.432249,1.403828,1.24798156e-04,12643.1
102180,1.398672,1.353589,1.24774057e-04,12644.2
102190,1.310392,1.392916,1.24749959e-04,12645.3
102200,1.498023,1.433000,1.24725863e-04,12646.4
102210,1.465691,1.426271,1.24701769e-04,12647.5
102220,1.346192,1.331281,1.24677675e-04,12648.6
102230,1.422998,1.402202,1.24653583e-04,12649.8
102240,1.323932,1.322531,1.24629493e-04,12650.9
102250,1.419216,1.468606,1.24605404e-04,12652.0
102260,1.390409,1.315022,1.24581316e-04,12653.1
102270,1.343508,1.379616,1.24557230e-04,12654.2
102280,1.409310,1.262883,1.24533145e-04,12655.4
102290,1.387705,1.433455,1.24509062e-04,12656.5
102300,1.364388,1.363670,1.24484980e-04,12657.7
102310,1.417478,1.375436,1.24460899e-04,12658.8
102320,1.385737,1.452426,1.24436820e-04,12659.9
102330,1.400134,1.339216,1.24412743e-04,12661.0
102340,1.493272,1.369815,1.24388666e-04,12662.1
102350,1.342947,1.330808,1.24364591e-04,12663.2
102360,1.355003,1.424839,1.24340518e-04,12664.4
102370,1.381464,1.389287,1.24316446e-04,12665.5
102380,1.378614,1.515719,1.24292375e-04,12666.6
102390,1.419834,1.292414,1.24268306e-04,12667.8
102400,1.384411,1.441859,1.24244238e-04,12668.9
102410,1.318145,1.284577,1.24220172e-04,12670.0
102420,1.254851,1.377267,1.24196107e-04,12671.1
102430,1.336263,1.409843,1.24172044e-04,12672.2
102440,1.386720,1.370113,1.24147982e-04,12673.3
102450,1.376614,1.352484,1.24123921e-04,12674.5
102460,1.364151,1.365415,1.24099862e-04,12675.6
102470,1.386821,1.414638,1.24075804e-04,12676.7
102480,1.346297,1.359791,1.24051748e-04,12677.9
102490,1.413118,1.360429,1.24027693e-04,12679.0
102500,1.439498,1.420037,1.24003639e-04,12680.1
102510,1.346075,1.348980,1.23979587e-04,12681.5
102520,1.413929,1.409826,1.23955537e-04,12682.6
102530,1.340592,1.476187,1.23931488e-04,12683.7
102540,1.394486,1.508516,1.23907440e-04,12684.8
102550,1.417434,1.363765,1.23883394e-04,12686.0
102560,1.341697,1.304546,1.23859349e-04,12687.1
102570,1.297349,1.392587,1.23835305e-04,12688.2
102580,1.393873,1.314541,1.23811263e-04,12689.3
102590,1.405659,1.291580,1.23787223e-04,12690.4
102600,1.373790,1.334365,1.23763184e-04,12691.5
102610,1.369933,1.264804,1.23739146e-04,12692.7
102620,1.406190,1.341266,1.23715110e-04,12693.8
102630,1.322847,1.344213,1.23691075e-04,12694.9
102640,1.376198,1.383524,1.23667042e-04,12696.0
102650,1.385974,1.464850,1.23643010e-04,12697.1
102660,1.446423,1.403544,1.23618979e-04,12698.3
102670,1.354314,1.335592,1.23594950e-04,12699.4
102680,1.465071,1.504205,1.23570923e-04,12700.6
102690,1.472196,1.336849,1.23546897e-04,12701.7
102700,1.352381,1.315595,1.23522872e-04,12702.8
102710,1.385714,1.306568,1.23498849e-04,12703.9
102720,1.422350,1.348371,1.23474827e-04,12705.1
102730,1.325879,1.338145,1.23450807e-04,12706.2
102740,1.479640,1.370770,1.23426788e-04,12707.3
102750,1.365072,1.348818,1.23402771e-04,12708.4
102760,1.316557,1.439952,1.23378755e-04,12709.5
102770,1.361527,1.386546,1.23354740e-04,12710.6
102780,1.271539,1.325114,1.23330727e-04,12711.8
102790,1.312828,1.343000,1.23306716e-04,12712.9
102800,1.405950,1.363845,1.23282706e-04,12714.0
102810,1.491349,1.343020,1.23258697e-04,12715.1
102820,1.291457,1.434498,1.23234690e-04,12716.3
102830,1.374302,1.476041,1.23210684e-04,12717.4
102840,1.433352,1.351991,1.23186680e-04,12718.5
102850,1.315600,1.465895,1.23162677e-04,12719.6
102860,1.320776,1.287277,1.23138676e-04,12720.8
102870,1.495288,1.382645,1.23114676e-04,12721.9
102880,1.396528,1.498762,1.23090678e-04,12723.0
102890,1.343027,1.348413,1.23066681e-04,12724.1
102900,1.334730,1.415886,1.23042685e-04,12725.2
102910,1.410815,1.430273,1.23018691e-04,12726.4
102920,1.363737,1.427007,1.22994699e-04,12727.5
102930,1.462662,1.438445,1.22970708e-04,12728.6
102940,1.439198,1.341051,1.22946718e-04,12729.7
102950,1.264896,1.357533,1.22922730e-04,12730.9
102960,1.335736,1.236071,1.22898743e-04,12732.0
102970,1.465523,1.459391,1.22874758e-04,12733.1
102980,1.376785,1.397482,1.22850774e-04,12734.2
102990,1.287728,1.303602,1.22826792e-04,12735.3
103000,1.309925,1.404038,1.22802811e-04,12736.5
103010,1.368019,1.355484,1.22778832e-04,12737.8
103020,1.258939,1.404306,1.22754854e-04,12739.0
103030,1.258184,1.323942,1.22730878e-04,12740.1
103040,1.380078,1.432595,1.22706903e-04,12741.2
103050,1.471513,1.400052,1.22682930e-04,12742.3
103060,1.265422,1.498845,1.22658958e-04,12743.4
103070,1.295872,1.356377,1.22634987e-04,12744.5
103080,1.313778,1.421881,1.22611018e-04,12745.6
103090,1.400593,1.257946,1.22587051e-04,12746.8
103100,1.394090,1.373758,1.22563085e-04,12747.9
103110,1.405464,1.376376,1.22539121e-04,12749.0
103120,1.308863,1.425644,1.22515158e-04,12750.2
103130,1.343512,1.413656,1.22491196e-04,12751.3
103140,1.460159,1.395579,1.22467236e-04,12752.5
103150,1.382747,1.281520,1.22443277e-04,12753.6
103160,1.428206,1.414871,1.22419320e-04,12754.7
103170,1.446040,1.403171,1.22395365e-04,12755.8
103180,1.443265,1.433983,1.22371411e-04,12757.0
103190,1.473061,1.345618,1.22347458e-04,12758.1
103200,1.360538,1.396596,1.22323507e-04,12759.2
103210,1.404946,1.592253,1.22299558e-04,12760.3
103220,1.356844,1.422982,1.22275609e-04,12761.5
103230,1.268337,1.336968,1.22251663e-04,12762.6
103240,1.364503,1.372151,1.22227718e-04,12763.8
103250,1.406518,1.387601,1.22203774e-04,12765.0
103260,1.379791,1.348317,1.22179832e-04,12766.1
103270,1.381457,1.335097,1.22155891e-04,12767.3
103280,1.384304,1.394915,1.22131952e-04,12768.4
103290,1.359717,1.319109,1.22108015e-04,12769.6
103300,1.388763,1.377437,1.22084078e-04,12770.7
103310,1.274117,1.305907,1.22060144e-04,12771.8
103320,1.413275,1.496321,1.22036211e-04,12773.0
103330,1.332532,1.323894,1.22012279e-04,12774.1
103340,1.384724,1.426011,1.21988349e-04,12775.2
103350,1.401852,1.383661,1.21964420e-04,12776.3
103360,1.416050,1.312810,1.21940493e-04,12777.4
103370,1.335270,1.430097,1.21916568e-04,12778.6
103380,1.309684,1.390137,1.21892644e-04,12779.7
103390,1.363611,1.319002,1.21868721e-04,12780.8
103400,1.416800,1.335419,1.21844800e-04,12781.9
103410,1.327112,1.485485,1.21820880e-04,12783.1
103420,1.447032,1.465916,1.21796962e-04,12784.2
103430,1.416057,1.479328,1.21773046e-04,12785.3
103440,1.370424,1.321496,1.21749131e-04,12786.4
103450,1.370128,1.347125,1.21725217e-04,12787.6
103460,1.331264,1.388424,1.21701305e-04,12788.7
103470,1.312180,1.387747,1.21677395e-04,12789.8
103480,1.423330,1.347273,1.21653486e-04,12790.9
103490,1.332657,1.352095,1.21629578e-04,12792.1
103500,1.383727,1.249116,1.21605672e-04,12793.2
103510,1.424549,1.391818,1.21581768e-04,12794.5
103520,1.430408,1.447328,1.21557865e-04,12795.6
103530,1.325059,1.340246,1.21533963e-04,12796.7
103540,1.340970,1.324418,1.21510064e-04,12797.8
103550,1.373649,1.343133,1.21486165e-04,12798.9
103560,1.368339,1.390195,1.21462268e-04,12800.1
103570,1.348410,1.505280,1.21438373e-04,12801.2
103580,1.316960,1.317013,1.21414479e-04,12802.3
103590,1.346797,1.401923,1.21390587e-04,12803.5
103600,1.290372,1.330176,1.21366696e-04,12804.7
103610,1.400221,1.435870,1.21342807e-04,12805.8
103620,1.315450,1.229002,1.21318919e-04,12806.9
103630,1.338018,1.360085,1.21295033e-04,12808.1
103640,1.597733,1.403535,1.21271149e-04,12809.3
103650,1.359684,1.408720,1.21247265e-04,12810.4
103660,1.402389,1.364641,1.21223384e-04,12811.5
103670,1.347234,1.379956,1.21199504e-04,12812.6
103680,1.400523,1.365324,1.21175625e-04,12813.8
103690,1.325586,1.305820,1.21151748e-04,12815.0
103700,1.399296,1.358876,1.21127873e-04,12816.1
103710,1.320768,1.402759,1.21103999e-04,12817.2
103720,1.467220,1.421715,1.21080127e-04,12818.4
103730,1.369658,1.411533,1.21056256e-04,12819.5
103740,1.329360,1.370327,1.21032386e-04,12820.6
103750,1.404837,1.325085,1.21008519e-04,12821.7
103760,1.372615,1.312722,1.20984652e-04,12822.8
103770,1.389492,1.434227,1.20960788e-04,12824.0
103780,1.304432,1.512409,1.20936925e-04,12825.1
103790,1.422010,1.459198,1.20913063e-04,12826.2
103800,1.384172,1.379181,1.20889203e-04,12827.3
103810,1.400061,1.358202,1.20865344e-04,12828.4
103820,1.462343,1.378791,1.20841487e-04,12829.6
103830,1.339688,1.414725,1.20817632e-04,12830.7
103840,1.337336,1.374479,1.20793778e-04,12831.8
103850,1.404263,1.383030,1.20769926e-04,12833.0
103860,1.430920,1.368671,1.20746075e-04,12834.2
103870,1.448761,1.374368,1.20722226e-04,12835.3
103880,1.469471,1.347041,1.20698378e-04,12836.5
103890,1.369692,1.436776,1.20674532e-04,12837.6
103900,1.343901,1.318590,1.20650687e-04,12838.8
103910,1.337944,1.407045,1.20626844e-04,12840.0
103920,1.414667,1.307248,1.20603003e-04,12841.1
103930,1.457989,1.279343,1.20579163e-04,12842.2
103940,1.444546,1.358027,1.20555324e-04,12843.3
103950,1.258768,1.428335,1.20531488e-04,12844.5
103960,1.336538,1.283812,1.20507652e-04,12845.6
103970,1.310355,1.348796,1.20483818e-04,12846.7
103980,1.517551,1.387464,1.20459986e-04,12847.8
103990,1.437169,1.432523,1.20436156e-04,12849.0
104000,1.400954,1.318584,1.20412327e-04,12850.1
104010,1.289547,1.369423,1.20388499e-04,12851.5
104020,1.319638,1.392989,1.20364673e-04,12852.6
104030,1.397822,1.371250,1.20340849e-04,12853.7
104040,1.368100,1.358971,1.20317026e-04,12854.9
104050,1.347271,1.320358,1.20293205e-04,12856.0
104060,1.359135,1.296218,1.20269385e-04,12857.1
104070,1.308177,1.312162,1.20245567e-04,12858.2
104080,1.389445,1.353411,1.20221750e-04,12859.4
104090,1.285133,1.292867,1.20197935e-04,12860.5
104100,1.384745,1.376829,1.20174122e-04,12861.6
104110,1.404620,1.374641,1.20150310e-04,12862.8
104120,1.337493,1.297889,1.20126500e-04,12863.9
104130,1.377696,1.442667,1.20102691e-04,12865.0
104140,1.237285,1.301172,1.20078884e-04,12866.2
104150,1.373478,1.461825,1.20055078e-04,12867.3
104160,1.444214,1.342425,1.20031274e-04,12868.4
104170,1.517650,1.331419,1.20007472e-04,12869.5
104180,1.357474,1.472305,1.19983671e-04,12870.7
104190,1.316812,1.415189,1.19959872e-04,12871.8
104200,1.365134,1.403967,1.19936074e-04,12872.9
104210,1.330516,1.326020,1.19912278e-04,12874.0
104220,1.353900,1.387645,1.19888483e-04,12875.2
104230,1.373167,1.515075,1.19864690e-04,12876.3
104240,1.344407,1.346353,1.19840899e-04,12877.4
104250,1.396769,1.328806,1.19817109e-04,12878.5
104260,1.346856,1.354398,1.19793321e-04,12879.7
104270,1.466176,1.354728,1.19769534e-04,12880.8
104280,1.326847,1.394635,1.19745749e-04,12881.9
104290,1.400590,1.338804,1.19721966e-04,12883.0
104300,1.336072,1.435480,1.19698184e-04,12884.1
104310,1.406837,1.486156,1.19674403e-04,12885.3
104320,1.316932,1.368974,1.19650625e-04,12886.4
104330,1.418791,1.353512,1.19626847e-04,12887.5
104340,1.385350,1.365210,1.19603072e-04,12888.6
104350,1.415551,1.401561,1.19579298e-04,12889.7
104360,1.358554,1.400955,1.19555525e-04,12890.8
104370,1.476596,1.300378,1.19531755e-04,12891.9
104380,1.405465,1.304039,1.19507985e-04,12893.1
104390,1.345855,1.369487,1.19484218e-04,12894.2
104400,1.264247,1.341850,1.19460452e-04,12895.3
104410,1.402382,1.451878,1.19436687e-04,12896.4
104420,1.303549,1.450744,1.19412924e-04,12897.6
104430,1.377077,1.239573,1.19389163e-04,12898.7
104440,1.390319,1.380755,1.19365403e-04,12899.9
104450,1.316360,1.397972,1.19341645e-04,12901.0
104460,1.372012,1.451402,1.19317889e-04,12902.1
104470,1.439704,1.258612,1.19294134e-04,12903.2
104480,1.418325,1.378451,1.19270381e-04,12904.3
104490,1.398307,1.421707,1.19246629e-04,12905.5
104500,1.404894,1.409492,1.19222879e-04,12906.6
104510,1.351047,1.414999,1.19199131e-04,12907.9
104520,1.365129,1.332974,1.19175384e-04,12909.0
104530,1.450638,1.342354,1.19151638e-04,12910.2
104540,1.388342,1.348488,1.19127895e-04,12911.3
104550,1.419801,1.359624,1.19104153e-04,12912.4
104560,1.356352,1.335401,1.19080412e-04,12913.5
104570,1.297973,1.440972,1.19056673e-04,12914.6
104580,1.373320,1.379125,1.19032936e-04,12915.8
104590,1.374024,1.379702,1.19009200e-04,12916.9
104600,1.314827,1.377930,1.18985466e-04,12918.0
104610,1.377872,1.427471,1.18961734e-04,12919.1
104620,1.443715,1.441483,1.18938003e-04,12920.2
104630,1.276989,1.418365,1.18914274e-04,12921.3
104640,1.314169,1.356677,1.18890546e-04,12922.5
104650,1.438969,1.286525,1.18866820e-04,12923.6
104660,1.352591,1.388641,1.18843096e-04,12924.7
104670,1.377871,1.475544,1.18819373e-04,12925.8
104680,1.358324,1.476482,1.18795652e-04,12926.9
104690,1.370228,1.313753,1.18771933e-04,12928.0
104700,1.385044,1.377167,1.18748215e-04,12929.1
104710,1.342690,1.313420,1.18724498e-04,12930.2
104720,1.284405,1.264866,1.18700784e-04,12931.3
104730,1.299099,1.351593,1.18677071e-04,12932.4
104740,1.318752,1.441781,1.18653359e-04,12933.6
104750,1.368793,1.281210,1.18629649e-04,12934.7
104760,1.384138,1.353804,1.18605941e-04,12935.8
104770,1.309666,1.389065,1.18582235e-04,12936.9
104780,1.314531,1.430497,1.18558530e-04,12938.1
104790,1.294291,1.448375,1.18534826e-04,12939.2
104800,1.393092,1.330450,1.18511125e-04,12940.3
104810,1.304866,1.413621,1.18487425e-04,12941.4
104820,1.449207,1.430268,1.18463726e-04,12942.5
104830,1.363477,1.270879,1.18440029e-04,12943.6
104840,1.409333,1.472293,1.18416334e-04,12944.7
104850,1.245886,1.373405,1.18392641e-04,12945.9
104860,1.490779,1.353647,1.18368949e-04,12947.0
104870,1.350528,1.392467,1.18345258e-04,12948.1
104880,1.375522,1.415767,1.18321570e-04,12949.2
104890,1.334868,1.390668,1.18297883e-04,12950.3
104900,1.425096,1.514744,1.18274197e-04,12951.4
104910,1.364961,1.319086,1.18250514e-04,12952.5
104920,1.216932,1.308981,1.18226831e-04,12953.7
104930,1.304443,1.408038,1.18203151e-04,12954.8
104940,1.345287,1.497501,1.18179472e-04,12955.9
104950,1.426229,1.405174,1.18155795e-04,12957.0
104960,1.335747,1.399495,1.18132119e-04,12958.1
104970,1.353161,1.346727,1.18108445e-04,12959.3
104980,1.376140,1.431692,1.18084773e-04,12960.4
104990,1.446681,1.498809,1.18061102e-04,12961.5
105000,1.375878,1.428588,1.18037433e-04,12962.6
105010,1.319773,1.368551,1.18013766e-04,12963.9
105020,1.356412,1.381080,1.17990100e-04,12965.0
105030,1.389093,1.397752,1.17966436e-04,12966.1
105040,1.337767,1.410328,1.17942774e-04,12967.3
105050,1.289750,1.320671,1.17919113e-04,12968.4
105060,1.366195,1.340792,1.17895454e-04,12969.5
105070,1.271186,1.329344,1.17871796e-04,12970.6
105080,1.499386,1.386450,1.17848140e-04,12971.7
105090,1.442932,1.290890,1.17824486e-04,12972.9
105100,1.329106,1.377097,1.17800833e-04,12974.0
105110,1.287496,1.304936,1.17777183e-04,12975.1
105120,1.307187,1.470921,1.17753533e-04,12976.2
105130,1.396094,1.535599,1.17729886e-04,12977.4
105140,1.383993,1.385508,1.17706240e-04,12978.4
105150,1.304067,1.336995,1.17682595e-04,12979.6
105160,1.344200,1.370079,1.17658953e-04,12980.7
105170,1.365659,1.410270,1.17635312e-04,12981.8
105180,1.395817,1.360787,1.17611672e-04,12982.9
105190,1.393556,1.365175,1.17588035e-04,12984.0
105200,1.461236,1.310046,1.17564399e-04,12985.1
105210,1.559624,1.402854,1.17540764e-04,12986.3
105220,1.344956,1.391711,1.17517132e-04,12987.4
105230,1.336130,1.486750,1.17493501e-04,12988.5
105240,1.324627,1.437441,1.17469871e-04,12989.6
105250,1.336819,1.336504,1.17446244e-04,12990.8
105260,1.337089,1.380170,1.17422617e-04,12991.9
105270,1.379163,1.332559,1.17398993e-04,12993.0
105280,1.332463,1.404668,1.17375370e-04,12994.1
105290,1.414492,1.386735,1.17351749e-04,12995.2
105300,1.398198,1.342563,1.17328130e-04,12996.3
105310,1.406157,1.482696,1.17304512e-04,12997.4
105320,1.271220,1.447287,1.17280896e-04,12998.5
105330,1.478467,1.398646,1.17257282e-04,12999.7
105340,1.379218,1.309027,1.17233669e-04,13000.8
105350,1.407069,1.305243,1.17210058e-04,13001.9
105360,1.299452,1.410499,1.17186449e-04,13003.0
105370,1.515470,1.402300,1.17162841e-04,13004.1
105380,1.367327,1.364794,1.17139235e-04,13005.3
105390,1.342885,1.412260,1.17115630e-04,13006.4
105400,1.337567,1.341853,1.17092028e-04,13007.5
105410,1.376553,1.330875,1.17068427e-04,13008.6
105420,1.409652,1.336168,1.17044827e-04,13009.7
105430,1.327888,1.358999,1.17021230e-04,13010.9
105440,1.580633,1.584550,1.16997634e-04,13012.0
105450,1.398723,1.424582,1.16974039e-04,13013.1
105460,1.333705,1.411542,1.16950447e-04,13014.2
105470,1.305663,1.424341,1.16926856e-04,13015.3
105480,1.438900,1.373661,1.16903267e-04,13016.4
105490,1.514685,1.369644,1.16879679e-04,13017.5
105500,1.519556,1.406987,1.16856093e-04,13018.6
105510,1.350232,1.323725,1.16832509e-04,13020.0
105520,1.327327,1.380220,1.16808926e-04,13021.1
105530,1.406827,1.403814,1.16785345e-04,13022.2
105540,1.316140,1.372203,1.16761766e-04,13023.3
105550,1.360736,1.432589,1.16738189e-04,13024.4
105560,1.422169,1.425038,1.16714613e-04,13025.5
105570,1.483574,1.345261,1.16691039e-04,13026.6
105580,1.388566,1.424257,1.16667467e-04,13027.7
105590,1.323841,1.400485,1.16643896e-04,13028.8
105600,1.434752,1.382714,1.16620327e-04,13030.0
105610,1.489213,1.327296,1.16596759e-04,13031.1
105620,1.364424,1.464182,1.16573194e-04,13032.2
105630,1.457304,1.407445,1.16549630e-04,13033.3
105640,1.429622,1.431896,1.16526068e-04,13034.4
105650,1.438263,1.398486,1.16502507e-04,13035.5
105660,1.314768,1.374130,1.16478948e-04,13036.6
105670,1.304178,1.377968,1.16455391e-04,13037.7
105680,1.199487,1.451568,1.16431836e-04,13038.8
105690,1.353809,1.381131,1.16408282e-04,13040.0
105700,1.385766,1.400506,1.16384730e-04,13041.1
105710,1.399892,1.362633,1.16361179e-04,13042.2
105720,1.357102,1.387655,1.16337631e-04,13043.3
105730,1.360264,1.544870,1.16314084e-04,13044.4
105740,1.360553,1.402221,1.16290538e-04,13045.5
105750,1.366187,1.386334,1.16266995e-04,13046.7
105760,1.388246,1.381473,1.16243453e-04,13047.8
105770,1.294989,1.380614,1.16219913e-04,13048.9
105780,1.373176,1.317562,1.16196374e-04,13050.0
105790,1.344525,1.336974,1.16172838e-04,13051.1
105800,1.348514,1.387419,1.16149303e-04,13052.2
105810,1.435172,1.333969,1.16125769e-04,13053.3
105820,1.307308,1.410069,1.16102238e-04,13054.5
105830,1.443502,1.341404,1.16078708e-04,13055.6
105840,1.484259,1.439658,1.16055180e-04,13056.7
105850,1.505134,1.354940,1.16031653e-04,13057.8
105860,1.440479,1.476720,1.16008128e-04,13058.9
105870,1.467076,1.325475,1.15984605e-04,13060.1
105880,1.353027,1.426758,1.15961084e-04,13061.2
105890,1.441293,1.333958,1.15937564e-04,13062.3
105900,1.415324,1.368821,1.15914046e-04,13063.5
105910,1.375943,1.329387,1.15890530e-04,13064.6
105920,1.324563,1.416817,1.15867016e-04,13065.7
105930,1.378956,1.346192,1.15843503e-04,13066.8
105940,1.335721,1.340390,1.15819992e-04,13067.9
105950,1.439040,1.441769,1.15796483e-04,13069.1
105960,1.324812,1.484864,1.15772975e-04,13070.2
105970,1.384646,1.269580,1.15749469e-04,13071.3
105980,1.428687,1.346272,1.15725965e-04,13072.4
105990,1.456975,1.344519,1.15702462e-04,13073.6
106000,1.323581,1.390961,1.15678962e-04,13074.7
106010,1.311559,1.345068,1.15655463e-04,13076.0
106020,1.379466,1.336484,1.15631965e-04,13077.2
106030,1.325055,1.299274,1.15608470e-04,13078.3
106040,1.456502,1.342626,1.15584976e-04,13079.4
106050,1.299828,1.349987,1.15561484e-04,13080.5
106060,1.403751,1.324238,1.15537994e-04,13081.6
106070,1.346368,1.302749,1.15514505e-04,13082.7
106080,1.335958,1.377599,1.15491018e-04,13083.8
106090,1.407923,1.287746,1.15467533e-04,13085.0
106100,1.457781,1.439583,1.15444050e-04,13086.1
106110,1.405848,1.379394,1.15420568e-04,13087.2
106120,1.356202,1.393818,1.15397088e-04,13088.3
106130,1.364702,1.460573,1.15373610e-04,13089.5
106140,1.360274,1.367047,1.15350133e-04,13090.6
106150,1.311205,1.420219,1.15326658e-04,13091.7
106160,1.381009,1.291213,1.15303185e-04,13092.9
106170,1.285668,1.287240,1.15279714e-04,13094.0
106180,1.413007,1.225528,1.15256245e-04,13095.1
106190,1.370908,1.446020,1.15232777e-04,13096.2
106200,1.429093,1.390693,1.15209311e-04,13097.3
106210,1.396960,1.366717,1.15185846e-04,13098.5
106220,1.414077,1.402121,1.15162384e-04,13099.6
106230,1.344342,1.360372,1.15138923e-04,13100.8
106240,1.371310,1.397864,1.15115464e-04,13101.9
106250,1.351995,1.447699,1.15092006e-04,13103.0
106260,1.335228,1.408911,1.15068551e-04,13104.1
106270,1.345031,1.419135,1.15045097e-04,13105.3
106280,1.340670,1.382385,1.15021645e-04,13106.4
106290,1.350388,1.449021,1.14998195e-04,13107.5
106300,1.393917,1.382261,1.14974746e-04,13108.6
106310,1.371995,1.361130,1.14951299e-04,13109.7
106320,1.251353,1.283230,1.14927854e-04,13110.9
106330,1.351887,1.324157,1.14904411e-04,13112.0
106340,1.375993,1.386132,1.14880969e-04,13113.1
106350,1.376531,1.476447,1.14857529e-04,13114.3
106360,1.395346,1.366586,1.14834091e-04,13115.4
106370,1.324443,1.396569,1.14810655e-04,13116.5
106380,1.387098,1.403033,1.14787220e-04,13117.6
106390,1.306344,1.392530,1.14763787e-04,13118.7
106400,1.368239,1.335963,1.14740356e-04,13119.9
106410,1.388948,1.328938,1.14716927e-04,13121.0
106420,1.347393,1.421074,1.14693499e-04,13122.1
106430,1.381194,1.488640,1.14670073e-04,13123.2
106440,1.367413,1.421049,1.14646649e-04,13124.3
106450,1.299129,1.340174,1.14623227e-04,13125.4
106460,1.461738,1.296946,1.14599807e-04,13126.5
106470,1.279699,1.310712,1.14576388e-04,13127.6
106480,1.349146,1.402644,1.14552971e-04,13128.8
106490,1.258496,1.420860,1.14529556e-04,13129.9
106500,1.443377,1.368802,1.14506142e-04,13131.0
106510,1.373061,1.409720,1.14482730e-04,13132.3
106520,1.385827,1.394251,1.14459320e-04,13133.5
106530,1.305039,1.305521,1.14435912e-04,13134.6
106540,1.332483,1.364754,1.14412506e-04,13135.7
106550,1.403127,1.370440,1.14389101e-04,13136.8
106560,1.397892,1.344259,1.14365698e-04,13137.9
106570,1.322740,1.338270,1.14342297e-04,13139.1
106580,1.346511,1.387330,1.14318898e-04,13140.2
106590,1.464196,1.197140,1.14295500e-04,13141.3
106600,1.320027,1.445145,1.14272105e-04,13142.4
106610,1.414241,1.422987,1.14248711e-04,13143.5
106620,1.353009,1.301455,1.14225318e-04,13144.6
106630,1.372211,1.374393,1.14201928e-04,13145.7
106640,1.355328,1.452632,1.14178539e-04,13146.9
106650,1.388969,1.449281,1.14155152e-04,13148.0
106660,1.402695,1.465947,1.14131767e-04,13149.1
106670,1.302040,1.331553,1.14108384e-04,13150.2
106680,1.382624,1.318439,1.14085002e-04,13151.3
106690,1.403904,1.364313,1.14061622e-04,13152.4
106700,1.335618,1.419003,1.14038244e-04,13153.5
106710,1.379601,1.333144,1.14014868e-04,13154.6
106720,1.345941,1.266380,1.13991494e-04,13155.8
106730,1.275063,1.313344,1.13968121e-04,13156.9
106740,1.400603,1.498498,1.13944750e-04,13158.0
106750,1.424239,1.387029,1.13921381e-04,13159.1
106760,1.491291,1.450218,1.13898014e-04,13160.2
106770,1.403403,1.440733,1.13874648e-04,13161.3
106780,1.294847,1.361206,1.13851285e-04,13162.4
106790,1.306212,1.387300,1.13827923e-04,13163.5
106800,1.385306,1.316844,1.13804563e-04,13164.7
106810,1.382810,1.338650,1.13781204e-04,13165.8
106820,1.376530,1.380783,1.13757848e-04,13166.9
106830,1.331518,1.329807,1.13734493e-04,13168.0
106840,1.369015,1.484753,1.13711140e-04,13169.1
106850,1.303929,1.521489,1.13687789e-04,13170.3
106860,1.349518,1.363800,1.13664439e-04,13171.4
106870,1.394043,1.389569,1.13641092e-04,13172.5
106880,1.490310,1.473811,1.13617746e-04,13173.6
106890,1.385978,1.417821,1.13594402e-04,13174.7
106900,1.329769,1.345663,1.13571060e-04,13175.9
106910,1.351408,1.353125,1.13547719e-04,13177.0
106920,1.414759,1.432286,1.13524381e-04,13178.2
106930,1.328309,1.357979,1.13501044e-04,13179.3
106940,1.335513,1.283947,1.13477709e-04,13180.4
106950,1.342056,1.384691,1.13454376e-04,13181.6
106960,1.298870,1.411469,1.13431044e-04,13182.7
106970,1.317106,1.372339,1.13407715e-04,13183.9
106980,1.448154,1.374371,1.13384387e-04,13185.0
106990,1.452525,1.358534,1.13361061e-04,13186.1
107000,1.429838,1.327962,1.13337737e-04,13187.3
107010,1.288712,1.399976,1.13314414e-04,13188.6
107020,1.396306,1.320038,1.13291094e-04,13189.7
107030,1.470816,1.418386,1.13267775e-04,13190.9
107040,1.341830,1.465368,1.13244458e-04,13192.0
107050,1.345326,1.332702,1.13221143e-04,13193.2
107060,1.396185,1.413222,1.13197829e-04,13194.3
107070,1.352764,1.417718,1.13174518e-04,13195.4
107080,1.401965,1.294621,1.13151208e-04,13196.6
107090,1.475181,1.333501,1.13127900e-04,13197.7
107100,1.310666,1.380679,1.13104594e-04,13198.8
107110,1.422051,1.345217,1.13081290e-04,13199.9
107120,1.299799,1.291998,1.13057988e-04,13201.1
107130,1.321022,1.320853,1.13034687e-04,13202.2
107140,1.330289,1.384125,1.13011388e-04,13203.3
107150,1.320982,1.399411,1.12988091e-04,13204.5
107160,1.356860,1.409195,1.12964796e-04,13205.6
107170,1.324934,1.372315,1.12941503e-04,13206.7
107180,1.459589,1.275952,1.12918211e-04,13207.8
107190,1.426887,1.393301,1.12894921e-04,13208.9
107200,1.366967,1.361423,1.12871633e-04,13210.1
107210,1.321648,1.486868,1.12848347e-04,13211.2
107220,1.324975,1.373174,1.12825063e-04,13212.4
107230,1.362150,1.345360,1.12801781e-04,13213.5
107240,1.337297,1.415445,1.12778500e-04,13214.6
107250,1.329762,1.363723,1.12755221e-04,13215.8
107260,1.337495,1.321533,1.12731944e-04,13216.9
107270,1.391343,1.275860,1.12708669e-04,13218.0
107280,1.295473,1.470104,1.12685396e-04,13219.1
107290,1.328820,1.244196,1.12662124e-04,13220.2
107300,1.398398,1.380295,1.12638855e-04,13221.4
107310,1.425722,1.376737,1.12615587e-04,13222.5
107320,1.411420,1.341998,1.12592321e-04,13223.6
107330,1.374618,1.365709,1.12569057e-04,13224.8
107340,1.358814,1.348800,1.12545795e-04,13225.9
107350,1.301085,1.455959,1.12522534e-04,13227.0
107360,1.310708,1.400306,1.12499275e-04,13228.2
107370,1.344238,1.372159,1.12476019e-04,13229.3
107380,1.304862,1.438198,1.12452764e-04,13230.4
107390,1.356065,1.297164,1.12429510e-04,13231.5
107400,1.400007,1.316903,1.12406259e-04,13232.7
107410,1.403994,1.373721,1.12383010e-04,13233.8
107420,1.335844,1.490786,1.12359762e-04,13234.9
107430,1.431353,1.384222,1.12336516e-04,13236.0
107440,1.439639,1.293888,1.12313272e-04,13237.1
107450,1.372180,1.416474,1.12290030e-04,13238.3
107460,1.401054,1.263574,1.12266790e-04,13239.4
107470,1.395743,1.367042,1.12243552e-04,13240.6
107480,1.492684,1.333996,1.12220315e-04,13241.7
107490,1.408284,1.333115,1.12197080e-04,13242.8
107500,1.376057,1.408746,1.12173848e-04,13243.9
107510,1.348789,1.322253,1.12150617e-04,13245.3
107520,1.382438,1.478514,1.12127387e-04,13246.4
107530,1.282893,1.395615,1.12104160e-04,13247.6
107540,1.395729,1.357592,1.12080935e-04,13248.7
107550,1.358277,1.417488,1.12057711e-04,13249.8
107560,1.292213,1.283846,1.12034489e-04,13251.0
107570,1.320971,1.318770,1.12011269e-04,13252.1
107580,1.377812,1.324581,1.11988051e-04,13253.2
107590,1.246883,1.319585,1.11964835e-04,13254.3
107600,1.299885,1.523871,1.11941621e-04,13255.5
107610,1.371201,1.357337,1.11918408e-04,13256.6
107620,1.386784,1.466276,1.11895198e-04,13257.7
107630,1.382546,1.341128,1.11871989e-04,13258.8
107640,1.398774,1.404089,1.11848782e-04,13260.0
107650,1.410378,1.404370,1.11825577e-04,13261.1
107660,1.383609,1.299235,1.11802374e-04,13262.2
107670,1.364869,1.324081,1.11779172e-04,13263.3
107680,1.342063,1.384574,1.11755973e-04,13264.5
107690,1.341335,1.303297,1.11732775e-04,13265.6
107700,1.291196,1.358050,1.11709579e-04,13266.7
107710,1.323054,1.433032,1.11686385e-04,13267.8
107720,1.361588,1.368253,1.11663193e-04,13268.9
107730,1.415469,1.404155,1.11640003e-04,13270.1
107740,1.355732,1.311522,1.11616815e-04,13271.2
107750,1.461362,1.313038,1.11593629e-04,13272.3
107760,1.386558,1.342478,1.11570444e-04,13273.4
107770,1.372937,1.276341,1.11547261e-04,13274.5
107780,1.322367,1.345382,1.11524080e-04,13275.6
107790,1.439270,1.373605,1.11500901e-04,13276.8
107800,1.440528,1.462981,1.11477724e-04,13277.9
107810,1.320038,1.382154,1.11454549e-04,13279.0
107820,1.377957,1.375247,1.11431376e-04,13280.1
107830,1.333910,1.365833,1.11408204e-04,13281.3
107840,1.431687,1.462475,1.11385035e-04,13282.4
107850,1.303086,1.435906,1.11361867e-04,13283.5
107860,1.387614,1.482239,1.11338701e-04,13284.6
107870,1.389247,1.384169,1.11315537e-04,13285.7
107880,1.293461,1.424434,1.11292375e-04,13286.9
107890,1.334712,1.320415,1.11269215e-04,13288.0
107900,1.421807,1.363636,1.11246057e-04,13289.1
107910,1.426404,1.302150,1.11222900e-04,13290.2
107920,1.363867,1.370348,1.11199746e-04,13291.3
107930,1.324080,1.274639,1.11176593e-04,13292.4
107940,1.410275,1.346861,1.11153442e-04,13293.6
107950,1.385021,1.297690,1.11130293e-04,13294.7
107960,1.453341,1.340876,1.11107146e-04,13295.8
107970,1.352642,1.425866,1.11084001e-04,13297.0
107980,1.423476,1.338336,1.11060858e-04,13298.1
107990,1.430186,1.379423,1.11037716e-04,13299.2
108000,1.405111,1.341316,1.11014577e-04,13300.3
108010,1.435194,1.459302,1.10991439e-04,13301.6
108020,1.501644,1.355776,1.10968303e-04,13302.8
108030,1.324675,1.286962,1.10945170e-04,13303.9
108040,1.334903,1.440320,1.10922038e-04,13305.0
108050,1.373152,1.408195,1.10898908e-04,13306.1
108060,1.401244,1.300732,1.10875779e-04,13307.2
108070,1.238891,1.456115,1.10852653e-04,13308.4
108080,1.413070,1.379593,1.10829529e-04,13309.5
108090,1.214265,1.422556,1.10806406e-04,13310.6
108100,1.365518,1.295848,1.10783286e-04,13311.7
108110,1.363233,1.478073,1.10760167e-04,13312.8
108120,1.293168,1.415929,1.10737050e-04,13314.0
108130,1.404992,1.482215,1.10713935e-04,13315.1
108140,1.386469,1.317319,1.10690822e-04,13316.2
108150,1.258783,1.382887,1.10667711e-04,13317.4
108160,1.404853,1.298967,1.10644602e-04,13318.5
108170,1.372357,1.357598,1.10621495e-04,13319.6
108180,1.330127,1.350255,1.10598389e-04,13320.7
108190,1.406573,1.396733,1.10575286e-04,13321.9
108200,1.327715,1.415035,1.10552184e-04,13323.0
108210,1.382214,1.345449,1.10529084e-04,13324.1
108220,1.350837,1.410927,1.10505987e-04,13325.2
108230,1.309245,1.297131,1.10482891e-04,13326.4
108240,1.245270,1.348495,1.10459797e-04,13327.5
108250,1.341840,1.391908,1.10436705e-04,13328.6
108260,1.359354,1.403083,1.10413615e-04,13329.8
108270,1.420046,1.307699,1.10390526e-04,13330.9
108280,1.424943,1.385664,1.10367440e-04,13332.0
108290,1.335392,1.403905,1.10344356e-04,13333.2
108300,1.246701,1.250054,1.10321273e-04,13334.3
108310,1.322984,1.480298,1.10298192e-04,13335.5
108320,1.337550,1.431720,1.10275114e-04,13336.6
108330,1.349298,1.334453,1.10252037e-04,13337.7
108340,1.344711,1.405046,1.10228962e-04,13338.9
108350,1.309742,1.411948,1.10205889e-04,13340.0
108360,1.364220,1.460144,1.10182818e-04,13341.1
108370,1.329459,1.500116,1.10159749e-04,13342.2
108380,1.475002,1.361250,1.10136682e-04,13343.4
108390,1.277669,1.367196,1.10113617e-04,13344.5
108400,1.464740,1.336422,1.10090553e-04,13345.6
108410,1.393699,1.339726,1.10067492e-04,13346.7
108420,1.281725,1.438149,1.10044432e-04,13347.9
108430,1.388462,1.427252,1.10021375e-04,13349.1
108440,1.399335,1.283896,1.09998319e-04,13350.2
108450,1.443169,1.257207,1.09975265e-04,13351.3
108460,1.377753,1.327460,1.09952213e-04,13352.4
108470,1.336969,1.403875,1.09929163e-04,13353.5
108480,1.412244,1.402258,1.09906115e-04,13354.7
108490,1.306758,1.366678,1.09883069e-04,13355.8
108500,1.496169,1.388439,1.09860025e-04,13357.0
108510,1.318281,1.344810,1.09836983e-04,13358.4
108520,1.341703,1.364971,1.09813943e-04,13359.5
108530,1.355325,1.355854,1.09790905e-04,13360.6
108540,1.401638,1.375613,1.09767868e-04,13361.8
108550,1.364509,1.364433,1.09744834e-04,13362.9
108560,1.256731,1.381636,1.09721801e-04,13364.0
108570,1.446303,1.368807,1.09698770e-04,13365.1
108580,1.314729,1.431211,1.09675742e-04,13366.2
108590,1.363272,1.387895,1.09652715e-04,13367.4
108600,1.353305,1.452426,1.09629690e-04,13368.5
108610,1.387960,1.270117,1.09606667e-04,13369.6
108620,1.405921,1.320986,1.09583646e-04,13370.8
108630,1.368661,1.385870,1.09560627e-04,13371.9
108640,1.388192,1.329099,1.09537610e-04,13373.0
108650,1.518702,1.279752,1.09514595e-04,13374.1
108660,1.478029,1.337752,1.09491582e-04,13375.2
108670,1.343527,1.346242,1.09468571e-04,13376.3
108680,1.325753,1.346029,1.09445562e-04,13377.5
108690,1.445262,1.324344,1.09422554e-04,13378.6
108700,1.268872,1.351207,1.09399549e-04,13379.8
108710,1.332504,1.508834,1.09376545e-04,13380.9
108720,1.403345,1.428910,1.09353544e-04,13382.0
108730,1.354385,1.399224,1.09330544e-04,13383.1
108740,1.279173,1.366327,1.09307547e-04,13384.3
108750,1.332471,1.422755,1.09284551e-04,13385.4
108760,1.378564,1.330792,1.09261557e-04,13386.5
108770,1.316100,1.407630,1.09238565e-04,13387.7
108780,1.334533,1.431460,1.09215576e-04,13388.9
108790,1.453727,1.377778,1.09192588e-04,13390.0
108800,1.404948,1.320123,1.09169602e-04,13391.2
108810,1.385513,1.382510,1.09146618e-04,13392.3
108820,1.283123,1.373492,1.09123636e-04,13393.4
108830,1.394694,1.424020,1.09100656e-04,13394.6
108840,1.415188,1.444262,1.09077678e-04,13395.7
108850,1.384818,1.293190,1.09054701e-04,13396.8
108860,1.316463,1.412925,1.09031727e-04,13398.0
108870,1.342631,1.364700,1.09008755e-04,13399.1
108880,1.303774,1.361178,1.08985785e-04,13400.3
108890,1.272631,1.350988,1.08962816e-04,13401.4
108900,1.373950,1.274945,1.08939850e-04,13402.5
108910,1.366483,1.455469,1.08916886e-04,13403.6
108920,1.337428,1.319480,1.08893923e-04,13404.8
108930,1.376174,1.348865,1.08870963e-04,13405.9
108940,1.297390,1.457444,1.08848004e-04,13407.0
108950,1.268992,1.427165,1.08825048e-04,13408.2
108960,1.343222,1.373788,1.08802093e-04,13409.4
108970,1.386217,1.375694,1.08779140e-04,13410.5
108980,1.311933,1.353055,1.08756190e-04,13411.7
108990,1.283383,1.483594,1.08733241e-04,13412.8
109000,1.448933,1.377295,1.08710294e-04,13413.9
109010,1.418200,1.542719,1.08687350e-04,13415.3
109020,1.324368,1.426725,1.08664407e-04,13416.4
109030,1.317129,1.365577,1.08641466e-04,13417.5
109040,1.431564,1.411600,1.08618527e-04,13418.7
109050,1.373429,1.404421,1.08595590e-04,13419.8
109060,1.337918,1.257563,1.08572655e-04,13420.9
109070,1.373595,1.427154,1.08549722e-04,13422.1
109080,1.382198,1.358181,1.08526791e-04,13423.2
109090,1.340358,1.315413,1.08503862e-04,13424.4
109100,1.282098,1.326846,1.08480935e-04,13425.6
109110,1.353282,1.370270,1.08458010e-04,13426.9
109120,1.346197,1.359605,1.08435087e-04,13428.1
109130,1.356934,1.322628,1.08412166e-04,13429.2
109140,1.407532,1.311164,1.08389247e-04,13430.3
109150,1.334158,1.322242,1.08366330e-04,13431.5
109160,1.463425,1.402588,1.08343415e-04,13432.6
109170,1.357876,1.359722,1.08320502e-04,13433.8
109180,1.372635,1.348218,1.08297591e-04,13434.9
109190,1.330117,1.293338,1.08274681e-04,13436.0
109200,1.529061,1.445044,1.08251774e-04,13437.1
109210,1.442142,1.379838,1.08228869e-04,13438.3
109220,1.338193,1.392443,1.08205966e-04,13439.4
109230,1.393039,1.358226,1.08183064e-04,13440.5
109240,1.351081,1.335784,1.08160165e-04,13441.6
109250,1.301846,1.341101,1.08137268e-04,13442.7
109260,1.322378,1.374108,1.08114373e-04,13443.8
109270,1.372872,1.402661,1.08091479e-04,13445.0
109280,1.252485,1.358415,1.08068588e-04,13446.1
109290,1.495284,1.450468,1.08045699e-04,13447.2
109300,1.352263,1.346711,1.08022811e-04,13448.3
109310,1.369044,1.403132,1.07999926e-04,13449.5
109320,1.396478,1.349565,1.07977043e-04,13450.6
109330,1.439702,1.433763,1.07954161e-04,13451.7
109340,1.394757,1.269182,1.07931282e-04,13452.8
109350,1.456794,1.381503,1.07908405e-04,13454.0
109360,1.384759,1.490401,1.07885529e-04,13455.1
109370,1.408436,1.373968,1.07862656e-04,13456.2
109380,1.420457,1.426261,1.07839785e-04,13457.3
109390,1.362207,1.343863,1.07816915e-04,13458.5
109400,1.366604,1.331466,1.07794048e-04,13459.6
109410,1.328881,1.374642,1.07771182e-04,13460.7
109420,1.399181,1.454269,1.07748319e-04,13461.8
109430,1.381152,1.474944,1.07725458e-04,13462.9
109440,1.475627,1.428942,1.07702598e-04,13464.1
109450,1.294643,1.293594,1.07679741e-04,13465.2
109460,1.258407,1.359164,1.07656886e-04,13466.3
109470,1.414573,1.258718,1.07634032e-04,13467.4
109480,1.417728,1.333781,1.07611181e-04,13468.5
109490,1.388837,1.285336,1.07588332e-04,13469.6
109500,1.413165,1.398073,1.07565484e-04,13470.8
109510,1.410390,1.318022,1.07542639e-04,13472.1
109520,1.489416,1.358195,1.07519796e-04,13473.2
109530,1.361027,1.435407,1.07496954e-04,13474.3
109540,1.352619,1.376412,1.07474115e-04,13475.5
109550,1.387343,1.488915,1.07451278e-04,13476.6
109560,1.361472,1.349820,1.07428443e-04,13477.7
109570,1.378557,1.357959,1.07405609e-04,13478.8
109580,1.359244,1.445284,1.07382778e-04,13479.9
109590,1.385241,1.425816,1.07359949e-04,13481.1
109600,1.389516,1.380184,1.07337122e-04,13482.2
109610,1.428749,1.342463,1.07314296e-04,13483.3
109620,1.337424,1.397516,1.07291473e-04,13484.4
109630,1.400335,1.487714,1.07268652e-04,13485.5
109640,1.349535,1.572080,1.07245833e-04,13486.7
109650,1.327440,1.410064,1.07223016e-04,13487.8
109660,1.370008,1.380616,1.07200201e-04,13489.0
109670,1.374559,1.366102,1.07177388e-04,13490.1
109680,1.379117,1.247981,1.07154577e-04,13491.2
109690,1.323752,1.507819,1.07131768e-04,13492.3
109700,1.327365,1.416213,1.07108961e-04,13493.4
109710,1.392702,1.362841,1.07086156e-04,13494.5
109720,1.363496,1.399267,1.07063353e-04,13495.6
109730,1.296571,1.394652,1.07040552e-04,13496.7
109740,1.559180,1.448249,1.07017753e-04,13497.9
109750,1.349478,1.342625,1.06994956e-04,13499.0
109760,1.497017,1.404728,1.06972161e-04,13500.1
109770,1.436430,1.331548,1.06949368e-04,13501.2
109780,1.338924,1.434106,1.06926577e-04,13502.3
109790,1.299495,1.478453,1.06903789e-04,13503.5
109800,1.328573,1.317222,1.06881002e-04,13504.6
109810,1.354333,1.370582,1.06858217e-04,13505.7
109820,1.224757,1.392189,1.06835435e-04,13506.8
109830,1.351800,1.469587,1.06812654e-04,13507.9
109840,1.411163,1.362179,1.06789875e-04,13509.0
109850,1.299372,1.367220,1.06767099e-04,13510.1
109860,1.332781,1.363209,1.06744324e-04,13511.3
109870,1.317059,1.461052,1.06721552e-04,13512.4
109880,1.357117,1.314651,1.06698781e-04,13513.5
109890,1.367916,1.445646,1.06676013e-04,13514.6
109900,1.260099,1.347363,1.06653247e-04,13515.7
109910,1.461752,1.329357,1.06630482e-04,13516.9
109920,1.241291,1.460372,1.06607720e-04,13518.0
109930,1.366122,1.322186,1.06584960e-04,13519.1
109940,1.423663,1.502628,1.06562201e-04,13520.2
109950,1.399524,1.352501,1.06539445e-04,13521.3
109960,1.374687,1.369253,1.06516691e-04,13522.5
109970,1.436825,1.332721,1.06493939e-04,13523.6
109980,1.383473,1.289293,1.06471189e-04,13524.7
109990,1.364510,1.406070,1.06448441e-04,13525.8
110000,1.367003,1.344932,1.06425695e-04,13526.9
110010,1.382504,1.330241,1.06402951e-04,13528.2
110020,1.350852,1.392400,1.06380210e-04,13529.3
110030,1.313280,1.394546,1.06357470e-04,13530.5
110040,1.396273,1.260083,1.06334732e-04,13531.6
110050,1.322611,1.393673,1.06311996e-04,13532.7
110060,1.329972,1.302519,1.06289263e-04,13533.9
110070,1.371810,1.335657,1.06266531e-04,13535.0
110080,1.416838,1.375474,1.06243802e-04,13536.1
110090,1.386095,1.341992,1.06221074e-04,13537.2
110100,1.367925,1.269481,1.06198349e-04,13538.4
110110,1.389056,1.416144,1.06175625e-04,13539.5
110120,1.308798,1.389319,1.06152904e-04,13540.6
110130,1.398074,1.402810,1.06130185e-04,13541.7
110140,1.353510,1.333928,1.06107468e-04,13542.8
110150,1.400739,1.333930,1.06084753e-04,13543.9
110160,1.356135,1.282839,1.06062039e-04,13545.1
110170,1.313770,1.445205,1.06039328e-04,13546.2
110180,1.372565,1.371365,1.06016620e-04,13547.3
110190,1.382013,1.401519,1.05993913e-04,13548.5
110200,1.274163,1.304948,1.05971208e-04,13549.6
110210,1.320743,1.383206,1.05948505e-04,13550.7
110220,1.329380,1.393554,1.05925804e-04,13551.9
110230,1.307354,1.461731,1.05903106e-04,13553.0
110240,1.350420,1.390113,1.05880409e-04,13554.1
110250,1.447544,1.353426,1.05857715e-04,13555.2
110260,1.262645,1.452440,1.05835022e-04,13556.4
110270,1.388354,1.403002,1.05812332e-04,13557.5
110280,1.424080,1.335891,1.05789644e-04,13558.6
110290,1.377475,1.453415,1.05766957e-04,13559.8
110300,1.311059,1.310723,1.05744273e-04,13560.9
110310,1.299507,1.491694,1.05721591e-04,13562.0
110320,1.383715,1.440444,1.05698911e-04,13563.1
110330,1.390723,1.365615,1.05676233e-04,13564.2
110340,1.350714,1.423567,1.05653558e-04,13565.3
110350,1.487113,1.373137,1.05630884e-04,13566.5
110360,1.289204,1.433227,1.05608212e-04,13567.6
110370,1.351001,1.386088,1.05585542e-04,13568.7
110380,1.333101,1.353674,1.05562875e-04,13569.8
110390,1.335024,1.375165,1.05540209e-04,13571.0
110400,1.326103,1.321989,1.05517546e-04,13572.0
110410,1.404853,1.299371,1.05494885e-04,13573.2
110420,1.412494,1.309891,1.05472226e-04,13574.3
110430,1.408487,1.274339,1.05449568e-04,13575.4
110440,1.331102,1.405888,1.05426913e-04,13576.6
110450,1.347899,1.372116,1.05404260e-04,13577.7
110460,1.351475,1.349167,1.05381610e-04,13578.8
110470,1.419519,1.329646,1.05358961e-04,13580.0
110480,1.279352,1.322287,1.05336314e-04,13581.1
110490,1.365018,1.314003,1.05313669e-04,13582.2
110500,1.308665,1.312166,1.05291027e-04,13583.3
110510,1.313260,1.404035,1.05268386e-04,13584.7
110520,1.352622,1.406638,1.05245748e-04,13585.8
110530,1.365139,1.423606,1.05223112e-04,13587.0
110540,1.334171,1.415622,1.05200478e-04,13588.1
110550,1.294581,1.432096,1.05177845e-04,13589.2
110560,1.326899,1.413179,1.05155215e-04,13590.4
110570,1.379236,1.329163,1.05132588e-04,13591.5
110580,1.332578,1.304749,1.05109962e-04,13592.6
110590,1.329385,1.398945,1.05087338e-04,13593.7
110600,1.392819,1.390920,1.05064716e-04,13594.8
110610,1.354129,1.324357,1.05042097e-04,13595.9
110620,1.419928,1.375959,1.05019479e-04,13597.1
110630,1.326753,1.358991,1.04996864e-04,13598.2
110640,1.372800,1.407135,1.04974251e-04,13599.3
110650,1.338861,1.382520,1.04951640e-04,13600.4
110660,1.355109,1.436447,1.04929031e-04,13601.7
110670,1.385042,1.456454,1.04906424e-04,13602.8
110680,1.288760,1.351486,1.04883819e-04,13604.0
110690,1.321568,1.443562,1.04861216e-04,13605.2
110700,1.355289,1.398630,1.04838615e-04,13606.3
110710,1.399189,1.413842,1.04816017e-04,13607.5
110720,1.381619,1.393065,1.04793421e-04,13608.6
110730,1.368344,1.482938,1.04770826e-04,13609.8
110740,1.316191,1.379187,1.04748234e-04,13611.0
110750,1.369746,1.432070,1.04725644e-04,13612.1
110760,1.402202,1.429888,1.04703056e-04,13613.3
110770,1.482476,1.484951,1.04680470e-04,13614.4
110780,1.363844,1.297408,1.04657886e-04,13615.6
110790,1.438162,1.318857,1.04635305e-04,13616.7
110800,1.293553,1.343265,1.04612725e-04,13617.9
110810,1.295824,1.410693,1.04590148e-04,13619.0
110820,1.348629,1.347411,1.04567572e-04,13620.2
110830,1.328142,1.319812,1.04544999e-04,13621.3
110840,1.440957,1.413031,1.04522428e-04,13622.4
110850,1.315730,1.325214,1.04499859e-04,13623.5
110860,1.312196,1.368859,1.04477292e-04,13624.6
110870,1.401774,1.386834,1.04454727e-04,13625.8
110880,1.268930,1.377169,1.04432165e-04,13626.9
110890,1.341866,1.338883,1.04409604e-04,13628.0
110900,1.297356,1.373910,1.04387046e-04,13629.1
110910,1.394070,1.370559,1.04364489e-04,13630.3
110920,1.339268,1.367869,1.04341935e-04,13631.4
110930,1.463180,1.295076,1.04319383e-04,13632.5
110940,1.343671,1.271002,1.04296833e-04,13633.7
110950,1.377476,1.504319,1.04274285e-04,13634.8
110960,1.304379,1.208759,1.04251740e-04,13636.0
110970,1.280673,1.395119,1.04229196e-04,13637.1
110980,1.305112,1.357023,1.04206655e-04,13638.2
110990,1.386375,1.422924,1.04184115e-04,13639.4
111000,1.337887,1.383178,1.04161578e-04,13640.5
111010,1.426280,1.315328,1.04139043e-04,13641.8
111020,1.381051,1.288033,1.04116510e-04,13642.9
111030,1.260289,1.330779,1.04093980e-04,13644.0
111040,1.358748,1.340779,1.04071451e-04,13645.2
111050,1.437946,1.451428,1.04048924e-04,13646.3
111060,1.295533,1.474696,1.04026400e-04,13647.4
111070,1.347497,1.361568,1.04003878e-04,13648.5
111080,1.322994,1.403900,1.03981358e-04,13649.6
111090,1.490586,1.334297,1.03958840e-04,13650.8
111100,1.265486,1.310487,1.03936324e-04,13651.9
111110,1.430835,1.318934,1.03913810e-04,13653.0
111120,1.320712,1.280673,1.03891298e-04,13654.1
111130,1.466723,1.321125,1.03868789e-04,13655.2
111140,1.491812,1.385971,1.03846282e-04,13656.3
111150,1.268835,1.357146,1.03823776e-04,13657.5
111160,1.260040,1.360219,1.03801273e-04,13658.6
111170,1.241052,1.472474,1.03778772e-04,13659.7
111180,1.558850,1.413301,1.03756274e-04,13660.9
111190,1.386316,1.341227,1.03733777e-04,13662.0
111200,1.421028,1.359515,1.03711283e-04,13663.1
111210,1.268929,1.452707,1.03688790e-04,13664.2
111220,1.454469,1.367766,1.03666300e-04,13665.3
111230,1.311089,1.387011,1.03643812e-04,13666.5
111240,1.279354,1.454942,1.03621326e-04,13667.6
111250,1.236441,1.401347,1.03598842e-04,13668.7
111260,1.377913,1.289051,1.03576361e-04,13669.8
111270,1.416598,1.339609,1.03553881e-04,13670.9
111280,1.431717,1.332729,1.03531404e-04,13672.0
111290,1.503809,1.359792,1.03508929e-04,13673.1
111300,1.440219,1.408544,1.03486456e-04,13674.2
111310,1.281693,1.290167,1.03463985e-04,13675.4
111320,1.358291,1.389589,1.03441516e-04,13676.5
111330,1.349953,1.374341,1.03419050e-04,13677.6
111340,1.331527,1.301750,1.03396585e-04,13678.7
111350,1.341742,1.323160,1.03374123e-04,13679.8
111360,1.354516,1.416759,1.03351663e-04,13680.9
111370,1.416290,1.365292,1.03329205e-04,13682.1
111380,1.366680,1.416920,1.03306749e-04,13683.2
111390,1.392318,1.395632,1.03284296e-04,13684.3
111400,1.374432,1.327140,1.03261844e-04,13685.4
111410,1.356734,1.389145,1.03239395e-04,13686.5
111420,1.400107,1.367723,1.03216948e-04,13687.6
111430,1.296310,1.367146,1.03194503e-04,13688.8
111440,1.354281,1.277514,1.03172060e-04,13689.9
111450,1.313103,1.305410,1.03149619e-04,13691.0
111460,1.441450,1.412942,1.03127181e-04,13692.1
111470,1.307385,1.345046,1.03104744e-04,13693.2
111480,1.260864,1.335362,1.03082310e-04,13694.3
111490,1.296299,1.350061,1.03059878e-04,13695.5
111500,1.323542,1.384657,1.03037448e-04,13696.6
111510,1.351144,1.410046,1.03015021e-04,13697.9
111520,1.335993,1.359027,1.02992595e-04,13699.0
111530,1.436059,1.337099,1.02970172e-04,13700.1
111540,1.458484,1.372902,1.02947751e-04,13701.2
111550,1.361854,1.377696,1.02925332e-04,13702.4
111560,1.467825,1.349240,1.02902915e-04,13703.5
111570,1.309274,1.500791,1.02880500e-04,13704.6
111580,1.400725,1.421540,1.02858088e-04,13705.7
111590,1.234782,1.352330,1.02835677e-04,13706.9
111600,1.385058,1.304492,1.02813269e-04,13708.0
111610,1.271309,1.373817,1.02790863e-04,13709.1
111620,1.321790,1.405629,1.02768459e-04,13710.2
111630,1.372981,1.303232,1.02746058e-04,13711.4
111640,1.327033,1.391144,1.02723658e-04,13712.5
111650,1.419092,1.377616,1.02701261e-04,13713.6
111660,1.401107,1.520386,1.02678866e-04,13714.8
111670,1.333890,1.454214,1.02656473e-04,13715.9
111680,1.361863,1.321519,1.02634082e-04,13717.0
111690,1.362422,1.351374,1.02611694e-04,13718.2
111700,1.434699,1.270309,1.02589308e-04,13719.3
111710,1.374878,1.312753,1.02566923e-04,13720.4
111720,1.388083,1.420382,1.02544541e-04,13721.6
111730,1.444444,1.432053,1.02522162e-04,13722.7
111740,1.367554,1.405548,1.02499784e-04,13723.8
111750,1.393368,1.385901,1.02477409e-04,13725.0
111760,1.452067,1.396987,1.02455035e-04,13726.1
111770,1.333576,1.375532,1.02432664e-04,13727.2
111780,1.399065,1.381783,1.02410295e-04,13728.4
111790,1.442369,1.304715,1.02387929e-04,13729.5
111800,1.233660,1.398686,1.02365564e-04,13730.6
111810,1.352891,1.407507,1.02343202e-04,13731.8
111820,1.421709,1.413233,1.02320842e-04,13733.0
111830,1.354610,1.375766,1.02298484e-04,13734.1
111840,1.382149,1.322620,1.02276128e-04,13735.3
111850,1.358918,1.362192,1.02253775e-04,13736.4
111860,1.379148,1.381286,1.02231423e-04,13737.5
111870,1.372288,1.407309,1.02209074e-04,13738.7
111880,1.314795,1.396037,1.02186727e-04,13739.8
111890,1.291170,1.391045,1.02164382e-04,13741.0
111900,1.317568,1.381583,1.02142040e-04,13742.1
111910,1.472155,1.427045,1.02119699e-04,13743.2
111920,1.341411,1.448190,1.02097361e-04,13744.4
111930,1.335525,1.370606,1.02075025e-04,13745.5
111940,1.314794,1.420743,1.02052692e-04,13746.6
111950,1.326849,1.348852,1.02030360e-04,13747.7
111960,1.309710,1.327903,1.02008031e-04,13748.9
111970,1.304407,1.334719,1.01985703e-04,13750.0
111980,1.319779,1.367183,1.01963378e-04,13751.2
111990,1.263254,1.361115,1.01941056e-04,13752.3
112000,1.461462,1.337824,1.01918735e-04,13753.5
112010,1.379069,1.406474,1.01896417e-04,13754.8
112020,1.325247,1.314464,1.01874101e-04,13755.9
112030,1.360968,1.331120,1.01851787e-04,13757.0
112040,1.398326,1.352654,1.01829475e-04,13758.2
112050,1.385007,1.293041,1.01807166e-04,13759.3
112060,1.403815,1.518185,1.01784858e-04,13760.5
112070,1.349834,1.468264,1.01762553e-04,13761.6
112080,1.366585,1.389564,1.01740250e-04,13762.7
112090,1.431633,1.444665,1.01717950e-04,13763.8
112100,1.363620,1.322386,1.01695651e-04,13765.0
112110,1.281323,1.422620,1.01673355e-04,13766.1
112120,1.362273,1.372277,1.01651061e-04,13767.2
112130,1.408229,1.379596,1.01628769e-04,13768.3
112140,1.346354,1.276094,1.01606480e-04,13769.5
112150,1.269361,1.234087,1.01584192e-04,13770.6
112160,1.297421,1.291586,1.01561907e-04,13771.8
112170,1.257679,1.439741,1.01539624e-04,13772.9
112180,1.354491,1.291088,1.01517343e-04,13774.0
112190,1.394751,1.463783,1.01495065e-04,13775.2
112200,1.296279,1.436998,1.01472789e-04,13776.3
112210,1.369729,1.335087,1.01450515e-04,13777.5
112220,1.321039,1.297316,1.01428243e-04,13778.6
112230,1.398358,1.411150,1.01405973e-04,13779.7
112240,1.457644,1.390589,1.01383706e-04,13780.9
112250,1.443556,1.420144,1.01361441e-04,13782.0
112260,1.401924,1.407422,1.01339178e-04,13783.1
112270,1.367918,1.333015,1.01316917e-04,13784.3
112280,1.364538,1.343464,1.01294658e-04,13785.4
112290,1.331598,1.491539,1.01272402e-04,13786.5
112300,1.353619,1.392024,1.01250148e-04,13787.7
112310,1.495595,1.392579,1.01227896e-04,13788.8
112320,1.398279,1.389576,1.01205647e-04,13789.9
112330,1.375217,1.453269,1.01183399e-04,13791.1
112340,1.307969,1.466267,1.01161154e-04,13792.2
112350,1.293211,1.443636,1.01138911e-04,13793.3
112360,1.306523,1.297978,1.01116671e-04,13794.5
112370,1.342425,1.431356,1.01094432e-04,13795.6
112380,1.467865,1.337597,1.01072196e-04,13796.7
112390,1.441459,1.332161,1.01049962e-04,13797.8
112400,1.332134,1.313211,1.01027731e-04,13799.0
112410,1.294438,1.369893,1.01005501e-04,13800.1
112420,1.432081,1.245949,1.00983274e-04,13801.2
112430,1.334433,1.390692,1.00961049e-04,13802.3
112440,1.322985,1.458379,1.00938826e-04,13803.5
112450,1.289095,1.322612,1.00916606e-04,13804.6
112460,1.351367,1.405979,1.00894387e-04,13805.8
112470,1.377064,1.365957,1.00872171e-04,13806.9
112480,1.444285,1.303817,1.00849958e-04,13808.0
112490,1.347549,1.308774,1.00827746e-04,13809.2
112500,1.402216,1.408138,1.00805537e-04,13810.3
112510,1.344714,1.428426,1.00783330e-04,13811.6
112520,1.400199,1.353404,1.00761125e-04,13812.7
112530,1.406167,1.311754,1.00738922e-04,13813.9
112540,1.348762,1.368530,1.00716722e-04,13815.0
112550,1.398365,1.410204,1.00694524e-04,13816.1
112560,1.265811,1.397494,1.00672328e-04,13817.2
112570,1.324753,1.444626,1.00650135e-04,13818.3
112580,1.369464,1.452693,1.00627943e-04,13819.5
112590,1.241960,1.343040,1.00605754e-04,13820.6
112600,1.365058,1.424939,1.00583567e-04,13821.7
112610,1.492252,1.389191,1.00561383e-04,13822.8
112620,1.431052,1.396986,1.00539200e-04,13824.0
112630,1.340532,1.311420,1.00517020e-04,13825.1
112640,1.362166,1.392166,1.00494843e-04,13826.2
112650,1.396522,1.298553,1.00472667e-04,13827.4
112660,1.332473,1.396407,1.00450494e-04,13828.5
112670,1.366555,1.311666,1.00428323e-04,13829.6
112680,1.308540,1.363490,1.00406154e-04,13830.7
112690,1.406841,1.417479,1.00383988e-04,13831.9
112700,1.386153,1.381137,1.00361823e-04,13833.0
112710,1.356486,1.348167,1.00339661e-04,13834.1
112720,1.384636,1.395830,1.00317502e-04,13835.3
112730,1.319507,1.398705,1.00295344e-04,13836.4
112740,1.363921,1.432564,1.00273189e-04,13837.5
112750,1.241166,1.366701,1.00251036e-04,13838.6
112760,1.363462,1.441771,1.00228885e-04,13839.7
112770,1.441429,1.279725,1.00206737e-04,13840.8
112780,1.307688,1.375398,1.00184591e-04,13842.0
112790,1.314998,1.418483,1.00162447e-04,13843.1
112800,1.347629,1.290079,1.00140305e-04,13844.2
112810,1.406826,1.357090,1.00118166e-04,13845.3
112820,1.336682,1.336234,1.00096029e-04,13846.4
112830,1.302706,1.341489,1.00073894e-04,13847.6
112840,1.429955,1.341987,1.00051761e-04,13848.7
112850,1.469552,1.449584,1.00029631e-04,13849.8
112860,1.367277,1.336985,1.00007503e-04,13850.9
112870,1.372673,1.367872,9.99853774e-05,13852.0
112880,1.368800,1.368174,9.99632540e-05,13853.2
112890,1.386552,1.451142,9.99411328e-05,13854.3
112900,1.409239,1.510288,9.99190139e-05,13855.4
112910,1.351604,1.470512,9.98968973e-05,13856.5
112920,1.196816,1.325551,9.98747830e-05,13857.7
112930,1.366107,1.363785,9.98526709e-05,13858.8
112940,1.378949,1.399983,9.98305611e-05,13859.9
112950,1.355693,1.426955,9.98084536e-05,13861.0
112960,1.311545,1.341043,9.97863484e-05,13862.1
112970,1.366535,1.423481,9.97642454e-05,13863.2
112980,1.406653,1.435027,9.97421447e-05,13864.3
112990,1.360242,1.306860,9.97200463e-05,13865.5
113000,1.463520,1.343985,9.96979502e-05,13866.6
113010,1.417602,1.349933,9.96758564e-05,13867.9
113020,1.298365,1.430595,9.96537649e-05,13869.0
113030,1.347817,1.333907,9.96316756e-05,13870.1
113040,1.318486,1.314896,9.96095887e-05,13871.2
113050,1.314802,1.340497,9.95875040e-05,13872.3
113060,1.418479,1.415689,9.95654216e-05,13873.4
113070,1.427991,1.352773,9.95433415e-05,13874.6
113080,1.345558,1.319235,9.95212637e-05,13875.7
113090,1.353034,1.375161,9.94991881e-05,13876.8
113100,1.319205,1.457541,9.94771149e-05,13877.9
113110,1.251071,1.361557,9.94550440e-05,13879.0
113120,1.381634,1.402687,9.94329753e-05,13880.1
113130,1.391515,1.333766,9.94109090e-05,13881.2
113140,1.276658,1.388575,9.93888449e-05,13882.3
113150,1.418375,1.433566,9.93667831e-05,13883.4
113160,1.372842,1.398708,9.93447236e-05,13884.6
113170,1.314672,1.306287,9.93226665e-05,13885.7
113180,1.325795,1.313552,9.93006116e-05,13886.8
113190,1.343960,1.296141,9.92785590e-05,13887.9
113200,1.305544,1.366621,9.92565087e-05,13889.0
113210,1.376650,1.337459,9.92344607e-05,13890.2
113220,1.382062,1.394356,9.92124150e-05,13891.3
113230,1.431581,1.344139,9.91903716e-05,13892.4
113240,1.305016,1.354001,9.91683306e-05,13893.5
113250,1.388313,1.259324,9.91462918e-05,13894.6
113260,1.269519,1.307586,9.91242553e-05,13895.8
113270,1.426897,1.420708,9.91022211e-05,13896.9
113280,1.299876,1.313376,9.90801892e-05,13898.0
113290,1.342124,1.350245,9.90581597e-05,13899.1
113300,1.431509,1.390536,9.90361324e-05,13900.2
113310,1.340426,1.306223,9.90141074e-05,13901.3
113320,1.426332,1.443180,9.89920848e-05,13902.4
113330,1.435270,1.363829,9.89700645e-05,13903.6
113340,1.287277,1.328017,9.89480464e-05,13904.7
113350,1.334159,1.299872,9.89260307e-05,13905.8
113360,1.337959,1.372135,9.89040173e-05,13906.9
113370,1.324406,1.409316,9.88820062e-05,13908.1
113380,1.325288,1.332444,9.88599974e-05,13909.2
113390,1.386518,1.426774,9.88379909e-05,13910.3
113400,1.293221,1.293678,9.88159868e-05,13911.4
113410,1.386723,1.405698,9.87939849e-05,13912.6
113420,1.353087,1.378698,9.87719854e-05,13913.7
113430,1.433044,1.406524,9.87499882e-05,13914.8
113440,1.347905,1.348900,9.87279933e-05,13915.9
113450,1.399315,1.363883,9.87060007e-05,13917.0
113460,1.240345,1.315394,9.86840104e-05,13918.1
113470,1.441633,1.467777,9.86620225e-05,13919.2
113480,1.394326,1.333791,9.86400368e-05,13920.4
113490,1.359414,1.414502,9.86180535e-05,13921.5
113500,1.416067,1.348905,9.85960726e-05,13922.6
113510,1.400732,1.341388,9.85740939e-05,13923.9
113520,1.400709,1.235405,9.85521176e-05,13925.0
113530,1.380229,1.367989,9.85301435e-05,13926.1
113540,1.312578,1.435299,9.85081719e-05,13927.2
113550,1.298339,1.204442,9.84862025e-05,13928.3
113560,1.311461,1.305600,9.84642354e-05,13929.5
113570,1.358742,1.417114,9.84422707e-05,13930.6
113580,1.372448,1.405357,9.84203083e-05,13931.7
113590,1.262500,1.327852,9.83983483e-05,13932.8
113600,1.316394,1.359381,9.83763906e-05,13933.9
113610,1.389805,1.376816,9.83544352e-05,13935.1
113620,1.344480,1.369907,9.83324821e-05,13936.2
113630,1.351621,1.359834,9.83105314e-05,13937.3
113640,1.368543,1.383003,9.82885830e-05,13938.4
113650,1.361294,1.350935,9.82666369e-05,13939.5
113660,1.389435,1.319404,9.82446931e-05,13940.7
113670,1.314328,1.490716,9.82227517e-05,13941.8
113680,1.338856,1.468122,9.82008127e-05,13942.9
113690,1.334017,1.282176,9.81788759e-05,13944.0
113700,1.388125,1.316368,9.81569415e-05,13945.1
113710,1.320151,1.305718,9.81350095e-05,13946.2
113720,1.370262,1.378699,9.81130798e-05,13947.4
113730,1.274296,1.473302,9.80911524e-05,13948.5
113740,1.336496,1.348621,9.80692273e-05,13949.6
113750,1.358847,1.323597,9.80473046e-05,13950.7
113760,1.381593,1.406095,9.80253843e-05,13951.9
113770,1.384670,1.410841,9.80034663e-05,13953.0
113780,1.326181,1.395182,9.79815506e-05,13954.1
113790,1.370364,1.349528,9.79596373e-05,13955.2
113800,1.272061,1.406645,9.79377263e-05,13956.3
113810,1.301136,1.483127,9.79158176e-05,13957.4
113820,1.443230,1.366968,9.78939113e-05,13958.5
113830,1.361710,1.437230,9.78720074e-05,13959.6
113840,1.391011,1.267053,9.78501058e-05,13960.8
113850,1.381046,1.445351,9.78282065e-05,13961.9
113860,1.324085,1.438262,9.78063096e-05,13963.0
113870,1.302640,1.494306,9.77844151e-05,13964.1
113880,1.450289,1.338396,9.77625229e-05,13965.2
113890,1.356168,1.324281,9.77406330e-05,13966.3
113900,1.452461,1.451259,9.77187455e-05,13967.5
113910,1.295597,1.298030,9.76968603e-05,13968.6
113920,1.328182,1.265974,9.76749775e-05,13969.7
113930,1.340549,1.334485,9.76530971e-05,13970.8
113940,1.325083,1.482671,9.76312190e-05,13971.9
113950,1.294777,1.319700,9.76093433e-05,13973.0
113960,1.303405,1.323169,9.75874699e-05,13974.1
113970,1.345162,1.389270,9.75655989e-05,13975.3
113980,1.283133,1.266988,9.75437302e-05,13976.4
113990,1.393891,1.425540,9.75218639e-05,13977.5
114000,1.268008,1.431335,9.75000000e-05,13978.6
114010,1.337564,1.342038,9.74781384e-05,13979.9
114020,1.331674,1.380353,9.74562792e-05,13981.0
114030,1.311271,1.327823,9.74344223e-05,13982.1
114040,1.353219,1.414091,9.74125679e-05,13983.3
114050,1.297959,1.327549,9.73907157e-05,13984.4
114060,1.379602,1.346364,9.73688660e-05,13985.5
114070,1.367228,1.434745,9.73470186e-05,13986.6
114080,1.483358,1.436293,9.73251735e-05,13987.7
114090,1.353678,1.392215,9.73033308e-05,13988.8
114100,1.309746,1.306432,9.72814905e-05,13989.9
114110,1.269600,1.424995,9.72596526e-05,13991.0
114120,1.312588,1.434824,9.72378170e-05,13992.1
114130,1.346005,1.366845,9.72159839e-05,13993.2
114140,1.448635,1.343815,9.71941530e-05,13994.3
114150,1.302893,1.410733,9.71723246e-05,13995.5
114160,1.482193,1.370168,9.71504985e-05,13996.6
114170,1.357345,1.391290,9.71286748e-05,13997.7
114180,1.363818,1.345445,9.71068534e-05,13998.8
114190,1.397040,1.397196,9.70850345e-05,13999.9
114200,1.301763,1.316159,9.70632179e-05,14001.1
114210,1.343490,1.360811,9.70414037e-05,14002.2
114220,1.430457,1.444356,9.70195918e-05,14003.3
114230,1.310346,1.461276,9.69977824e-05,14004.4
114240,1.384044,1.369191,9.69759753e-05,14005.5
114250,1.301046,1.361140,9.69541706e-05,14006.7
114260,1.394977,1.420178,9.69323683e-05,14007.8
114270,1.429986,1.395525,9.69105683e-05,14008.9
114280,1.344397,1.399954,9.68887708e-05,14010.0
114290,1.315522,1.298961,9.68669756e-05,14011.1
114300,1.336719,1.300781,9.68451828e-05,14012.2
114310,1.439461,1.416172,9.68233924e-05,14013.3
114320,1.303627,1.246211,9.68016044e-05,14014.5
114330,1.374410,1.284721,9.67798187e-05,14015.6
114340,1.323506,1.453374,9.67580355e-05,14016.7
114350,1.422051,1.384379,9.67362546e-05,14017.9
114360,1.275486,1.352151,9.67144761e-05,14019.0
114370,1.406352,1.323300,9.66927000e-05,14020.1
114380,1.471918,1.351862,9.66709263e-05,14021.2
114390,1.325723,1.318847,9.66491550e-05,14022.4
114400,1.340245,1.472261,9.66273861e-05,14023.5
114410,1.464036,1.356275,9.66056195e-05,14024.6
114420,1.399703,1.298585,9.65838554e-05,14025.7
114430,1.363571,1.281817,9.65620936e-05,14026.9
114440,1.379130,1.291353,9.65403343e-05,14028.0
114450,1.431390,1.351382,9.65185773e-05,14029.1
114460,1.281576,1.449724,9.64968227e-05,14030.2
114470,1.290298,1.359393,9.64750705e-05,14031.4
114480,1.472583,1.380461,9.64533208e-05,14032.5
114490,1.396717,1.404506,9.64315734e-05,14033.6
114500,1.349237,1.343278,9.64098284e-05,14034.7
114510,1.391571,1.382636,9.63880858e-05,14036.0
114520,1.285589,1.345427,9.63663456e-05,14037.2
114530,1.402297,1.398856,9.63446078e-05,14038.3
114540,1.428607,1.363999,9.63228724e-05,14039.4
114550,1.329711,1.325059,9.63011395e-05,14040.5
114560,1.400699,1.317741,9.62794089e-05,14041.6
114570,1.405256,1.442493,9.62576807e-05,14042.7
114580,1.322286,1.400331,9.62359549e-05,14043.8
114590,1.243335,1.287044,9.62142315e-05,14045.0
114600,1.333601,1.399529,9.61925106e-05,14046.1
114610,1.317492,1.458546,9.61707920e-05,14047.2
114620,1.292061,1.418025,9.61490759e-05,14048.4
114630,1.329346,1.322642,9.61273621e-05,14049.5
114640,1.305485,1.304329,9.61056508e-05,14050.7
114650,1.421717,1.406949,9.60839419e-05,14051.8
114660,1.339902,1.367423,9.60622353e-05,14053.0
114670,1.342118,1.384643,9.60405312e-05,14054.1
114680,1.363935,1.190810,9.60188295e-05,14055.2
114690,1.365417,1.351281,9.59971303e-05,14056.3
114700,1.266785,1.335917,9.59754334e-05,14057.4
114710,1.340953,1.384881,9.59537389e-05,14058.6
114720,1.360116,1.344007,9.59320469e-05,14059.7
114730,1.304503,1.348598,9.59103573e-05,14060.8
114740,1.353583,1.282532,9.58886700e-05,14062.0
114750,1.336549,1.350001,9.58669852e-05,14063.1
114760,1.478914,1.373362,9.58453029e-05,14064.2
114770,1.406478,1.434022,9.58236229e-05,14065.3
114780,1.284366,1.250490,9.58019454e-05,14066.5
114790,1.336523,1.390530,9.57802702e-05,14067.6
114800,1.380223,1.325083,9.57585976e-05,14068.7
114810,1.325388,1.302092,9.57369273e-05,14069.9
114820,1.415305,1.347244,9.57152594e-05,14071.0
114830,1.252781,1.399880,9.56935940e-05,14072.1
114840,1.359125,1.348798,9.56719310e-05,14073.2
114850,1.344962,1.302759,9.56502704e-05,14074.4
114860,1.387118,1.482569,9.56286122e-05,14075.5
114870,1.294344,1.448898,9.56069565e-05,14076.6
114880,1.413952,1.297291,9.55853032e-05,14077.8
114890,1.289747,1.428349,9.55636523e-05,14078.9
114900,1.347351,1.313624,9.55420038e-05,14080.0
114910,1.406794,1.366336,9.55203578e-05,14081.1
114920,1.262370,1.435239,9.54987142e-05,14082.3
114930,1.389175,1.338996,9.54770731e-05,14083.4
114940,1.306871,1.365308,9.54554343e-05,14084.5
114950,1.279435,1.470903,9.54337980e-05,14085.6
114960,1.388602,1.399958,9.54121642e-05,14086.8
114970,1.319570,1.367515,9.53905327e-05,14087.9
114980,1.414580,1.389899,9.53689037e-05,14089.1
114990,1.379874,1.301908,9.53472772e-05,14090.2
115000,1.325454,1.356635,9.53256530e-05,14091.3
115010,1.380738,1.386252,9.53040313e-05,14092.6
115020,1.389348,1.299015,9.52824121e-05,14093.8
115030,1.328679,1.389806,9.52607953e-05,14094.9
115040,1.368252,1.396270,9.52391809e-05,14096.0
115050,1.372087,1.324937,9.52175689e-05,14097.1
115060,1.346800,1.337468,9.51959594e-05,14098.2
115070,1.381469,1.348959,9.51743524e-05,14099.4
115080,1.281334,1.317717,9.51527478e-05,14100.5
115090,1.342111,1.424491,9.51311456e-05,14101.6
115100,1.319349,1.531584,9.51095459e-05,14102.8
115110,1.397828,1.401909,9.50879486e-05,14103.9
115120,1.302648,1.265368,9.50663537e-05,14105.0
115130,1.314131,1.396571,9.50447613e-05,14106.2
115140,1.507051,1.485670,9.50231714e-05,14107.3
115150,1.294606,1.332178,9.50015839e-05,14108.4
115160,1.344224,1.344534,9.49799988e-05,14109.5
115170,1.341387,1.394077,9.49584162e-05,14110.7
115180,1.385992,1.281410,9.49368361e-05,14111.8
115190,1.408097,1.327005,9.49152584e-05,14112.9
115200,1.342392,1.421646,9.48936831e-05,14114.1
115210,1.358875,1.424303,9.48721103e-05,14115.2
115220,1.353853,1.341278,9.48505399e-05,14116.3
115230,1.373311,1.442293,9.48289720e-05,14117.5
115240,1.335757,1.389548,9.48074066e-05,14118.6
115250,1.349107,1.326228,9.47858436e-05,14119.7
115260,1.374050,1.251726,9.47642831e-05,14120.9
115270,1.373914,1.342791,9.47427250e-05,14122.0
115280,1.357297,1.477393,9.47211693e-05,14123.1
115290,1.236940,1.287781,9.46996162e-05,14124.3
115300,1.357590,1.516740,9.46780655e-05,14125.4
115310,1.341284,1.343440,9.46565172e-05,14126.5
115320,1.313911,1.358483,9.46349714e-05,14127.7
115330,1.431520,1.396174,9.46134281e-05,14128.8
115340,1.362481,1.277083,9.45918872e-05,14129.9
115350,1.341308,1.406282,9.45703488e-05,14131.1
115360,1.226898,1.346170,9.45488129e-05,14132.2
115370,1.337872,1.333962,9.45272794e-05,14133.3
115380,1.326294,1.377153,9.45057484e-05,14134.4
115390,1.289527,1.350242,9.44842198e-05,14135.6
115400,1.355863,1.371271,9.44626938e-05,14136.7
115410,1.327249,1.315461,9.44411701e-05,14137.8
115420,1.231363,1.460846,9.44196490e-05,14139.0
115430,1.358856,1.338068,9.43981303e-05,14140.1
115440,1.333682,1.339273,9.43766141e-05,14141.2
115450,1.396062,1.322327,9.43551004e-05,14142.3
115460,1.517128,1.357137,9.43335891e-05,14143.4
115470,1.348546,1.358409,9.43120803e-05,14144.5
115480,1.400654,1.313404,9.42905740e-05,14145.6
115490,1.468999,1.401311,9.42690701e-05,14146.7
115500,1.389451,1.477509,9.42475687e-05,14147.9
115510,1.356544,1.338289,9.42260698e-05,14149.2
115520,1.400167,1.432005,9.42045734e-05,14150.3
115530,1.446421,1.309330,9.41830794e-05,14151.4
115540,1.312087,1.483863,9.41615879e-05,14152.5
115550,1.280973,1.394526,9.41400989e-05,14153.6
115560,1.395759,1.340243,9.41186124e-05,14154.7
115570,1.322075,1.447083,9.40971283e-05,14155.8
115580,1.405430,1.345733,9.40756468e-05,14157.0
115590,1.411785,1.332398,9.40541677e-05,14158.1
115600,1.330837,1.315299,9.40326911e-05,14159.2
115610,1.313265,1.487314,9.40112169e-05,14160.3
115620,1.411594,1.374233,9.39897453e-05,14161.4
115630,1.343803,1.238483,9.39682761e-05,14162.5
115640,1.453010,1.389427,9.39468095e-05,14163.6
115650,1.425852,1.399147,9.39253453e-05,14164.7
115660,1.299464,1.404244,9.39038836e-05,14165.8
115670,1.398525,1.377056,9.38824243e-05,14166.9
115680,1.358356,1.314625,9.38609676e-05,14168.1
115690,1.335648,1.287794,9.38395134e-05,14169.2
115700,1.382306,1.322490,9.38180616e-05,14170.3
115710,1.347629,1.420157,9.37966123e-05,14171.4
115720,1.441028,1.367393,9.37751656e-05,14172.5
115730,1.457041,1.352940,9.37537213e-05,14173.6
115740,1.361854,1.323143,9.37322795e-05,14174.7
115750,1.309018,1.475034,9.37108402e-05,14175.9
115760,1.277184,1.404360,9.36894033e-05,14177.0
115770,1.420744,1.410682,9.36679690e-05,14178.1
115780,1.309220,1.230271,9.36465372e-05,14179.2
115790,1.351442,1.341170,9.36251079e-05,14180.3
115800,1.330488,1.263941,9.36036810e-05,14181.4
115810,1.385132,1.355257,9.35822567e-05,14182.5
115820,1.352665,1.352921,9.35608349e-05,14183.6
115830,1.382480,1.351219,9.35394155e-05,14184.7
115840,1.303806,1.354869,9.35179987e-05,14185.9
115850,1.276945,1.268593,9.34965843e-05,14187.0
115860,1.459430,1.406876,9.34751725e-05,14188.1
115870,1.317287,1.359483,9.34537632e-05,14189.2
115880,1.322776,1.322882,9.34323563e-05,14190.3
115890,1.381750,1.312811,9.34109520e-05,14191.4
115900,1.260061,1.279425,9.33895502e-05,14192.5
115910,1.377108,1.355678,9.33681508e-05,14193.7
115920,1.339927,1.357363,9.33467540e-05,14194.8
115930,1.339684,1.330316,9.33253597e-05,14195.9
115940,1.391255,1.274597,9.33039679e-05,14197.0
115950,1.409208,1.326537,9.32825786e-05,14198.1
115960,1.409412,1.388602,9.32611918e-05,14199.2
115970,1.344515,1.368212,9.32398075e-05,14200.3
115980,1.239424,1.311563,9.32184257e-05,14201.4
115990,1.333354,1.346917,9.31970464e-05,14202.5
116000,1.339831,1.451553,9.31756697e-05,14203.6
116010,1.397109,1.296773,9.31542954e-05,14205.0
116020,1.279726,1.429161,9.31329237e-05,14206.1
116030,1.412569,1.310034,9.31115545e-05,14207.2
116040,1.291264,1.429967,9.30901878e-05,14208.3
116050,1.450121,1.462062,9.30688236e-05,14209.4
116060,1.311206,1.389394,9.30474619e-05,14210.5
116070,1.353688,1.316570,9.30261027e-05,14211.6
116080,1.322665,1.363848,9.30047461e-05,14212.7
116090,1.399571,1.463604,9.29833920e-05,14213.9
116100,1.308529,1.417124,9.29620404e-05,14215.0
116110,1.286031,1.389451,9.29406913e-05,14216.1
116120,1.327174,1.398512,9.29193447e-05,14217.2
116130,1.348213,1.301427,9.28980006e-05,14218.3
116140,1.304213,1.399059,9.28766591e-05,14219.4
116150,1.349729,1.421121,9.28553201e-05,14220.5
116160,1.359837,1.346318,9.28339836e-05,14221.7
116170,1.286339,1.363991,9.28126497e-05,14222.8
116180,1.346366,1.381499,9.27913182e-05,14223.9
116190,1.310881,1.329648,9.27699893e-05,14225.0
116200,1.378544,1.324233,9.27486629e-05,14226.1
116210,1.292441,1.341438,9.27273391e-05,14227.2
116220,1.225496,1.428314,9.27060178e-05,14228.3
116230,1.507860,1.416268,9.26846990e-05,14229.4
116240,1.344949,1.412936,9.26633827e-05,14230.5
116250,1.300881,1.395112,9.26420689e-05,14231.6
116260,1.344917,1.236447,9.26207577e-05,14232.7
116270,1.435641,1.346696,9.25994490e-05,14233.9
116280,1.377960,1.356835,9.25781429e-05,14235.0
116290,1.309807,1.406286,9.25568393e-05,14236.1
116300,1.304557,1.388278,9.25355382e-05,14237.2
116310,1.370316,1.457840,9.25142396e-05,14238.3
116320,1.296796,1.303281,9.24929436e-05,14239.4
116330,1.385208,1.363454,9.24716501e-05,14240.5
116340,1.360744,1.288981,9.24503592e-05,14241.7
116350,1.359620,1.369219,9.24290708e-05,14242.8
116360,1.193430,1.405315,9.24077849e-05,14243.9
116370,1.407774,1.378623,9.23865016e-05,14245.0
116380,1.307999,1.387331,9.23652208e-05,14246.1
116390,1.257878,1.388753,9.23439425e-05,14247.2
116400,1.421893,1.346556,9.23226668e-05,14248.3
116410,1.433888,1.348269,9.23013937e-05,14249.4
116420,1.266140,1.484770,9.22801230e-05,14250.5
116430,1.349693,1.439931,9.22588549e-05,14251.7
116440,1.311798,1.308667,9.22375894e-05,14252.8
116450,1.385311,1.388093,9.22163264e-05,14253.9
116460,1.402233,1.363027,9.21950660e-05,14255.0
116470,1.457790,1.275899,9.21738080e-05,14256.1
116480,1.371718,1.318508,9.21525527e-05,14257.3
116490,1.424839,1.349177,9.21312999e-05,14258.4
116500,1.340777,1.331356,9.21100496e-05,14259.5
116510,1.376214,1.462162,9.20888019e-05,14260.9
116520,1.368006,1.354118,9.20675567e-05,14262.0
116530,1.438876,1.338961,9.20463141e-05,14263.1
116540,1.405724,1.309048,9.20250741e-05,14264.2
116550,1.382517,1.405904,9.20038365e-05,14265.3
116560,1.379014,1.466808,9.19826016e-05,14266.4
116570,1.382551,1.355830,9.19613692e-05,14267.6
116580,1.389886,1.340358,9.19401393e-05,14268.7
116590,1.301966,1.342920,9.19189120e-05,14269.8
116600,1.325849,1.375707,9.18976873e-05,14270.9
116610,1.344195,1.285784,9.18764651e-05,14272.0
116620,1.285463,1.389516,9.18552455e-05,14273.2
116630,1.348922,1.311329,9.18340284e-05,14274.3
116640,1.455082,1.388547,9.18128139e-05,14275.4
116650,1.355362,1.327464,9.17916019e-05,14276.5
116660,1.388376,1.459745,9.17703926e-05,14277.7
116670,1.335133,1.314472,9.17491857e-05,14278.8
116680,1.253675,1.316043,9.17279814e-05,14279.9
116690,1.372269,1.363543,9.17067797e-05,14281.1
116700,1.316768,1.375502,9.16855806e-05,14282.2
116710,1.388469,1.353907,9.16643840e-05,14283.3
116720,1.281307,1.399516,9.16431900e-05,14284.4
116730,1.273381,1.444818,9.16219985e-05,14285.5
116740,1.431407,1.384887,9.16008097e-05,14286.7
116750,1.344117,1.445190,9.15796233e-05,14287.8
116760,1.255104,1.266879,9.15584396e-05,14288.9
116770,1.367630,1.333715,9.15372584e-05,14290.0
116780,1.357834,1.298414,9.15160798e-05,14291.2
116790,1.442313,1.320764,9.14949037e-05,14292.3
116800,1.357858,1.383425,9.14737303e-05,14293.4
116810,1.374719,1.343327,9.14525594e-05,14294.5
116820,1.339537,1.325384,9.14313910e-05,14295.6
116830,1.371879,1.413323,9.14102253e-05,14296.8
116840,1.324743,1.347317,9.13890621e-05,14297.9
116850,1.332332,1.351095,9.13679015e-05,14299.1
116860,1.332447,1.489165,9.13467434e-05,14300.2
116870,1.296146,1.368152,9.13255880e-05,14301.3
116880,1.302947,1.438183,9.13044351e-05,14302.4
116890,1.301069,1.338318,9.12832848e-05,14303.5
116900,1.349004,1.285637,9.12621371e-05,14304.7
116910,1.344137,1.297741,9.12409919e-05,14305.8
116920,1.348433,1.322956,9.12198493e-05,14306.9
116930,1.406893,1.389344,9.11987093e-05,14308.1
116940,1.343629,1.273117,9.11775719e-05,14309.2
116950,1.276132,1.432248,9.11564371e-05,14310.3
116960,1.418321,1.443944,9.11353049e-05,14311.4
116970,1.347695,1.345083,9.11141752e-05,14312.6
116980,1.391159,1.333354,9.10930481e-05,14313.7
116990,1.252956,1.371351,9.10719236e-05,14314.8
117000,1.360397,1.342191,9.10508017e-05,14315.9
117010,1.414425,1.333857,9.10296824e-05,14317.2
117020,1.452396,1.474193,9.10085656e-05,14318.3
117030,1.306751,1.481651,9.09874515e-05,14319.4
117040,1.429714,1.339256,9.09663399e-05,14320.5
117050,1.429594,1.383166,9.09452310e-05,14321.7
117060,1.471363,1.380305,9.09241246e-05,14322.8
117070,1.381936,1.390097,9.09030208e-05,14323.9
117080,1.367720,1.402650,9.08819196e-05,14325.0
117090,1.425699,1.433541,9.08608210e-05,14326.1
117100,1.393187,1.292095,9.08397249e-05,14327.2
117110,1.349868,1.466697,9.08186315e-05,14328.3
117120,1.345788,1.410721,9.07975407e-05,14329.5
117130,1.302585,1.362172,9.07764524e-05,14330.6
117140,1.288109,1.368292,9.07553668e-05,14331.7
117150,1.344015,1.316260,9.07342838e-05,14332.9
117160,1.482988,1.341932,9.07132033e-05,14334.0
117170,1.454178,1.343597,9.06921255e-05,14335.1
117180,1.330022,1.385838,9.06710502e-05,14336.2
117190,1.324851,1.333095,9.06499776e-05,14337.3
117200,1.425907,1.327960,9.06289075e-05,14338.4
117210,1.281464,1.402969,9.06078401e-05,14339.5
117220,1.353804,1.414952,9.05867752e-05,14340.6
117230,1.367394,1.325120,9.05657130e-05,14341.8
117240,1.338731,1.338345,9.05446533e-05,14342.9
117250,1.286354,1.410721,9.05235963e-05,14344.0
117260,1.416727,1.302034,9.05025418e-05,14345.1
117270,1.222431,1.357226,9.04814900e-05,14346.2
117280,1.436274,1.269809,9.04604408e-05,14347.4
117290,1.320501,1.456523,9.04393941e-05,14348.5
117300,1.255122,1.239679,9.04183501e-05,14349.6
117310,1.371622,1.373360,9.03973087e-05,14350.7
117320,1.360735,1.448314,9.03762699e-05,14351.8
117330,1.344095,1.325070,9.03552337e-05,14352.9
117340,1.562343,1.474690,9.03342002e-05,14354.1
117350,1.408693,1.359836,9.03131692e-05,14355.2
117360,1.368416,1.299044,9.02921409e-05,14356.3
117370,1.330382,1.350402,9.02711151e-05,14357.4
117380,1.434426,1.396390,9.02500920e-05,14358.5
117390,1.320243,1.348298,9.02290715e-05,14359.7
117400,1.295606,1.361999,9.02080536e-05,14360.8
117410,1.397661,1.248869,9.01870383e-05,14361.9
117420,1.337030,1.341492,9.01660256e-05,14363.0
117430,1.327520,1.291414,9.01450156e-05,14364.1
117440,1.375112,1.319836,9.01240081e-05,14365.2
117450,1.400994,1.293178,9.01030033e-05,14366.3
117460,1.407986,1.371485,9.00820011e-05,14367.5
117470,1.291461,1.263064,9.00610015e-05,14368.6
117480,1.338490,1.419828,9.00400046e-05,14369.7
117490,1.338217,1.298575,9.00190103e-05,14370.8
117500,1.329991,1.380770,8.99980185e-05,14371.9
117510,1.426610,1.434467,8.99770295e-05,14373.2
117520,1.355331,1.331385,8.99560430e-05,14374.4
117530,1.284166,1.307413,8.99350591e-05,14375.5
117540,1.303005,1.474008,8.99140779e-05,14376.6
117550,1.376219,1.263689,8.98930993e-05,14377.7
117560,1.351321,1.431089,8.98721234e-05,14378.8
117570,1.232737,1.333963,8.98511500e-05,14379.9
117580,1.341460,1.480561,8.98301793e-05,14381.0
117590,1.377267,1.355888,8.98092112e-05,14382.1
117600,1.358018,1.382033,8.97882458e-05,14383.3
117610,1.403487,1.356832,8.97672830e-05,14384.4
117620,1.269287,1.405727,8.97463228e-05,14385.5
117630,1.262157,1.317373,8.97253652e-05,14386.6
117640,1.295905,1.420763,8.97044103e-05,14387.7
117650,1.280939,1.424394,8.96834580e-05,14388.8
117660,1.305802,1.352175,8.96625083e-05,14389.9
117670,1.280013,1.259194,8.96415613e-05,14391.1
117680,1.350136,1.354161,8.96206169e-05,14392.2
117690,1.302053,1.499943,8.95996752e-05,14393.3
117700,1.341772,1.397847,8.95787360e-05,14394.4
117710,1.358117,1.361195,8.95577996e-05,14395.5
117720,1.266527,1.426672,8.95368657e-05,14396.6
117730,1.310579,1.341108,8.95159345e-05,14397.7
117740,1.260252,1.403833,8.94950059e-05,14398.9
117750,1.432450,1.267649,8.94740800e-05,14400.0
117760,1.419633,1.242373,8.94531567e-05,14401.1
117770,1.429038,1.340330,8.94322361e-05,14402.2
117780,1.415912,1.326272,8.94113181e-05,14403.3
117790,1.334422,1.510801,8.93904027e-05,14404.4
117800,1.271778,1.509348,8.93694900e-05,14405.6
117810,1.418019,1.465405,8.93485800e-05,14406.7
117820,1.355977,1.411776,8.93276725e-05,14407.8
117830,1.334398,1.332335,8.93067678e-05,14408.9
117840,1.324191,1.447298,8.92858656e-05,14410.0
117850,1.315264,1.331330,8.92649662e-05,14411.1
117860,1.277151,1.432551,8.92440693e-05,14412.3
117870,1.372410,1.401226,8.92231751e-05,14413.4
117880,1.262906,1.342688,8.92022836e-05,14414.5
117890,1.361612,1.375833,8.91813947e-05,14415.7
117900,1.394145,1.411370,8.91605085e-05,14416.8
117910,1.275246,1.320589,8.91396249e-05,14417.9
117920,1.333647,1.380404,8.91187440e-05,14419.0
117930,1.448017,1.375671,8.90978657e-05,14420.1
117940,1.272917,1.375577,8.90769901e-05,14421.3
117950,1.425398,1.335338,8.90561171e-05,14422.4
117960,1.405841,1.312186,8.90352468e-05,14423.5
117970,1.392680,1.385847,8.90143792e-05,14424.6
117980,1.332872,1.483656,8.89935142e-05,14425.7
117990,1.312196,1.300699,8.89726518e-05,14426.8
118000,1.391898,1.286380,8.89517922e-05,14427.9
118010,1.324114,1.367605,8.89309351e-05,14429.3
118020,1.331579,1.321166,8.89100808e-05,14430.4
118030,1.461235,1.421781,8.88892291e-05,14431.5
118040,1.241512,1.291749,8.88683800e-05,14432.6
118050,1.282295,1.296417,8.88475337e-05,14433.8
118060,1.337107,1.383319,8.88266900e-05,14434.9
118070,1.350906,1.333091,8.88058489e-05,14436.0
118080,1.406672,1.376062,8.87850105e-05,14437.1
118090,1.365777,1.461951,8.87641748e-05,14438.3
118100,1.306796,1.274780,8.87433418e-05,14439.4
118110,1.330773,1.399165,8.87225114e-05,14440.5
118120,1.269917,1.353987,8.87016837e-05,14441.6
118130,1.463221,1.298698,8.86808586e-05,14442.7
118140,1.254103,1.273126,8.86600362e-05,14443.9
118150,1.302039,1.408407,8.86392165e-05,14445.0
118160,1.344839,1.327665,8.86183995e-05,14446.1
118170,1.413928,1.419705,8.85975851e-05,14447.3
118180,1.336943,1.379898,8.85767734e-05,14448.4
118190,1.303244,1.358691,8.85559644e-05,14449.5
118200,1.466544,1.430357,8.85351580e-05,14450.7
118210,1.250525,1.348836,8.85143543e-05,14451.8
118220,1.371314,1.501964,8.84935533e-05,14452.9
118230,1.340463,1.343711,8.84727550e-05,14454.1
118240,1.382090,1.264992,8.84519593e-05,14455.2
118250,1.309453,1.466895,8.84311664e-05,14456.3
118260,1.217019,1.350162,8.84103761e-05,14457.4
118270,1.336255,1.401347,8.83895884e-05,14458.5
118280,1.313653,1.326445,8.83688035e-05,14459.7
118290,1.349999,1.412184,8.83480212e-05,14460.8
118300,1.284292,1.340878,8.83272417e-05,14461.9
118310,1.305953,1.397818,8.83064648e-05,14463.0
118320,1.358533,1.384498,8.82856905e-05,14464.1
118330,1.272164,1.418304,8.82649190e-05,14465.2
118340,1.412596,1.314446,8.82441502e-05,14466.3
118350,1.358176,1.441063,8.82233840e-05,14467.4
118360,1.342708,1.385458,8.82026205e-05,14468.6
118370,1.278493,1.331538,8.81818597e-05,14469.8
118380,1.351193,1.364602,8.81611016e-05,14470.9
118390,1.335043,1.336272,8.81403462e-05,14472.0
118400,1.272715,1.348698,8.81195934e-05,14473.1
118410,1.293235,1.302961,8.80988434e-05,14474.3
118420,1.421612,1.288732,8.80780960e-05,14475.4
118430,1.327219,1.408758,8.80573513e-05,14476.5
118440,1.347712,1.382253,8.80366094e-05,14477.6
118450,1.328619,1.509313,8.80158701e-05,14478.7
118460,1.445071,1.259275,8.79951335e-05,14479.9
118470,1.303028,1.372191,8.79743996e-05,14481.0
118480,1.366568,1.441294,8.79536684e-05,14482.1
118490,1.372289,1.318935,8.79329398e-05,14483.2
118500,1.401104,1.335433,8.79122140e-05,14484.4
118510,1.384494,1.325301,8.78914909e-05,14485.7
118520,1.267970,1.390902,8.78707705e-05,14486.8
118530,1.369183,1.358139,8.78500527e-05,14487.9
118540,1.265338,1.392747,8.78293377e-05,14489.0
118550,1.352971,1.381548,8.78086254e-05,14490.2
118560,1.324252,1.343856,8.77879157e-05,14491.3
118570,1.366667,1.281920,8.77672088e-05,14492.4
118580,1.302613,1.378189,8.77465046e-05,14493.5
118590,1.318083,1.278702,8.77258030e-05,14494.6
118600,1.342857,1.394027,8.77051042e-05,14495.7
118610,1.375908,1.334923,8.76844081e-05,14496.8
118620,1.374721,1.413192,8.76637146e-05,14497.9
118630,1.306291,1.367326,8.76430239e-05,14499.0
118640,1.355366,1.323256,8.76223359e-05,14500.2
118650,1.478032,1.330881,8.76016506e-05,14501.3
118660,1.335687,1.406579,8.75809680e-05,14502.4
118670,1.323742,1.416101,8.75602881e-05,14503.5
118680,1.300397,1.402057,8.75396109e-05,14504.7
118690,1.398330,1.427785,8.75189364e-05,14505.8
118700,1.400115,1.444523,8.74982647e-05,14506.9
118710,1.320707,1.272233,8.74775956e-05,14508.1
118720,1.377562,1.427503,8.74569292e-05,14509.2
118730,1.313398,1.419723,8.74362656e-05,14510.3
118740,1.297759,1.435259,8.74156047e-05,14511.4
118750,1.369341,1.345017,8.73949465e-05,14512.6
118760,1.345551,1.375290,8.73742910e-05,14513.7
118770,1.384704,1.445397,8.73536382e-05,14514.8
118780,1.379375,1.275077,8.73329881e-05,14515.9
118790,1.362535,1.342300,8.73123408e-05,14517.0
118800,1.366704,1.330742,8.72916961e-05,14518.2
118810,1.262881,1.328548,8.72710542e-05,14519.3
118820,1.322207,1.298281,8.72504150e-05,14520.4
118830,1.486340,1.375188,8.72297785e-05,14521.5
118840,1.409529,1.449239,8.72091448e-05,14522.6
118850,1.320086,1.379126,8.71885137e-05,14523.7
118860,1.465522,1.376309,8.71678854e-05,14524.8
118870,1.471850,1.286348,8.71472598e-05,14525.9
118880,1.326535,1.338631,8.71266369e-05,14527.1
118890,1.262069,1.331182,8.71060168e-05,14528.2
118900,1.311941,1.387193,8.70853993e-05,14529.3
118910,1.303461,1.271144,8.70647846e-05,14530.4
118920,1.343610,1.359709,8.70441727e-05,14531.5
118930,1.305544,1.369979,8.70235634e-05,14532.7
118940,1.371505,1.290486,8.70029569e-05,14533.8
118950,1.366644,1.425138,8.69823531e-05,14534.9
118960,1.456047,1.378006,8.69617520e-05,14536.0
118970,1.352957,1.394066,8.69411537e-05,14537.1
118980,1.304864,1.356274,8.69205581e-05,14538.2
118990,1.261866,1.398442,8.68999652e-05,14539.4
119000,1.347470,1.350133,8.68793750e-05,14540.5
119010,1.323372,1.391826,8.68587876e-05,14541.8
119020,1.302140,1.368060,8.68382029e-05,14542.9
119030,1.364503,1.248849,8.68176210e-05,14544.0
119040,1.331945,1.372960,8.67970417e-05,14545.2
119050,1.280994,1.356352,8.67764652e-05,14546.3
119060,1.443916,1.383219,8.67558915e-05,14547.4
119070,1.286427,1.427575,8.67353205e-05,14548.5
119080,1.344828,1.454957,8.67147522e-05,14549.7
119090,1.317387,1.392595,8.66941867e-05,14550.8
119100,1.369452,1.279016,8.66736239e-05,14551.9
119110,1.431629,1.353256,8.66530638e-05,14553.0
119120,1.373766,1.250252,8.66325065e-05,14554.2
119130,1.297357,1.421601,8.66119519e-05,14555.3
119140,1.339293,1.465209,8.65914001e-05,14556.4
119150,1.326924,1.320895,8.65708510e-05,14557.5
119160,1.283783,1.328248,8.65503046e-05,14558.6
119170,1.320296,1.392729,8.65297610e-05,14559.7
119180,1.434860,1.395627,8.65092201e-05,14560.8
119190,1.420190,1.293749,8.64886820e-05,14561.9
119200,1.523797,1.340216,8.64681466e-05,14563.0
119210,1.300254,1.416806,8.64476140e-05,14564.2
119220,1.281933,1.379434,8.64270841e-05,14565.2
119230,1.217333,1.330568,8.64065570e-05,14566.4
119240,1.336898,1.330548,8.63860326e-05,14567.5
119250,1.412253,1.346077,8.63655109e-05,14568.6
119260,1.388571,1.332364,8.63449920e-05,14569.7
119270,1.326583,1.353506,8.63244759e-05,14570.8
119280,1.401536,1.378068,8.63039625e-05,14571.9
119290,1.302064,1.314586,8.62834519e-05,14573.0
119300,1.470062,1.503666,8.62629440e-05,14574.2
119310,1.280602,1.410381,8.62424388e-05,14575.3
119320,1.360256,1.483350,8.62219365e-05,14576.4
119330,1.342230,1.365446,8.62014368e-05,14577.5
119340,1.345100,1.328541,8.61809400e-05,14578.6
119350,1.440134,1.382547,8.61604459e-05,14579.7
119360,1.287775,1.339239,8.61399545e-05,14580.8
119370,1.449723,1.409405,8.61194659e-05,14582.0
119380,1.311294,1.378037,8.60989801e-05,14583.1
119390,1.365131,1.352632,8.60784970e-05,14584.2
119400,1.342434,1.273012,8.60580167e-05,14585.3
119410,1.376197,1.280740,8.60375391e-05,14586.4
119420,1.285360,1.313225,8.60170643e-05,14587.5
119430,1.309193,1.395871,8.59965923e-05,14588.6
119440,1.263437,1.463895,8.59761230e-05,14589.8
119450,1.282254,1.316858,8.59556565e-05,14590.9
119460,1.342580,1.383630,8.59351928e-05,14592.0
119470,1.352832,1.309646,8.59147318e-05,14593.1
119480,1.397169,1.352145,8.58942736e-05,14594.2
119490,1.396518,1.366043,8.58738181e-05,14595.3
119500,1.334384,1.304629,8.58533654e-05,14596.4
119510,1.333850,1.288244,8.58329155e-05,14597.8
119520,1.357815,1.409985,8.58124684e-05,14598.9
119530,1.321404,1.408793,8.57920240e-05,14600.0
119540,1.274929,1.281432,8.57715824e-05,14601.1
119550,1.375761,1.329508,8.57511435e-05,14602.3
119560,1.423416,1.439432,8.57307075e-05,14603.4
119570,1.340024,1.400950,8.57102742e-05,14604.5
119580,1.296584,1.364250,8.56898437e-05,14605.6
119590,1.402761,1.332748,8.56694159e-05,14606.7
119600,1.375633,1.323425,8.56489909e-05,14607.9
119610,1.280829,1.362536,8.56285687e-05,14609.0
119620,1.350620,1.256264,8.56081493e-05,14610.1
119630,1.275678,1.346307,8.55877327e-05,14611.2
119640,1.350803,1.362500,8.55673188e-05,14612.3
119650,1.341745,1.381012,8.55469077e-05,14613.4
119660,1.341982,1.392347,8.55264994e-05,14614.5
119670,1.252559,1.316416,8.55060939e-05,14615.6
119680,1.391809,1.278430,8.54856911e-05,14616.7
119690,1.381333,1.308023,8.54652911e-05,14617.8
119700,1.318158,1.428520,8.54448939e-05,14618.9
119710,1.362092,1.400861,8.54244995e-05,14620.1
119720,1.260465,1.406867,8.54041079e-05,14621.2
119730,1.349802,1.369840,8.53837191e-05,14622.3
119740,1.286029,1.449755,8.53633330e-05,14623.4
119750,1.422892,1.320263,8.53429497e-05,14624.5
119760,1.308778,1.342024,8.53225692e-05,14625.6
119770,1.335605,1.405488,8.53021915e-05,14626.8
119780,1.358035,1.466816,8.52818166e-05,14627.9
119790,1.432178,1.357335,8.52614445e-05,14629.0
119800,1.308486,1.427717,8.52410751e-05,14630.1
119810,1.431288,1.338279,8.52207086e-05,14631.2
119820,1.333571,1.329154,8.52003448e-05,14632.4
119830,1.437159,1.337876,8.51799838e-05,14633.5
119840,1.321379,1.343636,8.51596257e-05,14634.6
119850,1.440452,1.380596,8.51392703e-05,14635.7
119860,1.271369,1.373550,8.51189177e-05,14636.8
119870,1.324615,1.337227,8.50985679e-05,14638.0
119880,1.387168,1.360231,8.50782209e-05,14639.1
119890,1.352544,1.403408,8.50578766e-05,14640.2
119900,1.331892,1.416523,8.50375352e-05,14641.3
119910,1.353269,1.417437,8.50171966e-05,14642.5
119920,1.393062,1.338425,8.49968608e-05,14643.6
119930,1.301179,1.397927,8.49765278e-05,14644.7
119940,1.254007,1.244925,8.49561975e-05,14645.8
119950,1.308422,1.370707,8.49358701e-05,14646.9
119960,1.360300,1.499985,8.49155455e-05,14648.1
119970,1.313835,1.425792,8.48952236e-05,14649.2
119980,1.291227,1.320211,8.48749046e-05,14650.3
119990,1.454797,1.431381,8.48545884e-05,14651.5
120000,1.313125,1.328201,8.48342749e-05,14652.6
120010,1.268496,1.349662,8.48139643e-05,14653.9
120020,1.526926,1.389720,8.47936565e-05,14655.0
120030,1.330914,1.306668,8.47733515e-05,14656.2
120040,1.305597,1.430186,8.47530493e-05,14657.3
120050,1.372957,1.366175,8.47327499e-05,14658.4
120060,1.333606,1.382157,8.47124533e-05,14659.5
120070,1.286871,1.294475,8.46921595e-05,14660.6
120080,1.249640,1.359068,8.46718685e-05,14661.7
120090,1.299492,1.427249,8.46515804e-05,14662.9
120100,1.343217,1.342185,8.46312950e-05,14664.0
120110,1.499842,1.466389,8.46110124e-05,14665.1
120120,1.467722,1.421732,8.45907327e-05,14666.2
120130,1.312417,1.410719,8.45704558e-05,14667.4
120140,1.291576,1.382864,8.45501817e-05,14668.5
120150,1.439185,1.364517,8.45299104e-05,14669.6
120160,1.349389,1.360944,8.45096419e-05,14670.7
120170,1.346619,1.388689,8.44893762e-05,14671.8
120180,1.340898,1.347474,8.44691134e-05,14673.0
120190,1.357235,1.404879,8.44488533e-05,14674.1
120200,1.313842,1.305072,8.44285961e-05,14675.2
120210,1.268170,1.400745,8.44083417e-05,14676.3
120220,1.290481,1.274566,8.43880901e-05,14677.4
120230,1.337790,1.362049,8.43678413e-05,14678.5
120240,1.348256,1.343902,8.43475954e-05,14679.6
120250,1.483455,1.373036,8.43273522e-05,14680.8
120260,1.289877,1.325266,8.43071119e-05,14681.9
120270,1.362718,1.315318,8.42868744e-05,14683.0
120280,1.290904,1.423476,8.42666398e-05,14684.1
120290,1.265418,1.395854,8.42464079e-05,14685.2
120300,1.337911,1.325102,8.42261789e-05,14686.4
120310,1.336193,1.438854,8.42059527e-05,14687.5
120320,1.352938,1.327109,8.41857294e-05,14688.6
120330,1.342609,1.374680,8.41655088e-05,14689.7
120340,1.357674,1.324839,8.41452911e-05,14690.8
120350,1.364772,1.417973,8.41250762e-05,14691.9
120360,1.313854,1.328511,8.41048642e-05,14693.0
120370,1.321711,1.305975,8.40846549e-05,14694.1
120380,1.367650,1.373302,8.40644485e-05,14695.3
120390,1.460063,1.335642,8.40442450e-05,14696.4
120400,1.374545,1.359362,8.40240442e-05,14697.5
120410,1.379361,1.452930,8.40038463e-05,14698.6
120420,1.315033,1.262183,8.39836512e-05,14699.7
120430,1.348207,1.397866,8.39634590e-05,14700.9
120440,1.323542,1.235132,8.39432696e-05,14702.0
120450,1.358757,1.362561,8.39230830e-05,14703.1
120460,1.349526,1.401386,8.39028993e-05,14704.2
120470,1.351966,1.308954,8.38827184e-05,14705.3
120480,1.293145,1.345391,8.38625403e-05,14706.4
120490,1.346662,1.346787,8.38423651e-05,14707.5
120500,1.330056,1.319717,8.38221927e-05,14708.7
120510,1.254123,1.361334,8.38020231e-05,14710.0
120520,1.393827,1.433860,8.37818564e-05,14711.1
120530,1.511604,1.335165,8.37616925e-05,14712.2
120540,1.397053,1.305569,8.37415315e-05,14713.4
120550,1.351462,1.386133,8.37213733e-05,14714.5
120560,1.381564,1.359012,8.37012180e-05,14715.6
120570,1.293214,1.371241,8.36810655e-05,14716.7
120580,1.305923,1.275392,8.36609158e-05,14717.9
120590,1.336265,1.350043,8.36407690e-05,14719.0
120600,1.284109,1.363867,8.36206250e-05,14720.1
120610,1.238390,1.431838,8.36004839e-05,14721.2
120620,1.337994,1.301605,8.35803456e-05,14722.3
120630,1.307429,1.397072,8.35602102e-05,14723.5
120640,1.315648,1.373478,8.35400776e-05,14724.6
120650,1.381984,1.323848,8.35199478e-05,14725.7
120660,1.261954,1.374734,8.34998209e-05,14726.8
120670,1.328048,1.440055,8.34796969e-05,14728.0
120680,1.314464,1.254812,8.34595757e-05,14729.1
120690,1.291992,1.367940,8.34394574e-05,14730.2
120700,1.333058,1.228390,8.34193419e-05,14731.3
120710,1.365719,1.373922,8.33992293e-05,14732.4
120720,1.274112,1.332539,8.33791195e-05,14733.5
120730,1.218845,1.329533,8.33590126e-05,14734.7
120740,1.347361,1.413391,8.33389085e-05,14735.8
120750,1.426301,1.335547,8.33188073e-05,14736.9
120760,1.389964,1.401067,8.32987089e-05,14738.1
120770,1.355206,1.469296,8.32786134e-05,14739.2
120780,1.317792,1.365215,8.32585208e-05,14740.3
120790,1.370074,1.427947,8.32384310e-05,14741.4
120800,1.429869,1.332030,8.32183441e-05,14742.5
120810,1.248773,1.360208,8.31982600e-05,14743.7
120820,1.412588,1.321456,8.31781788e-05,14744.8
120830,1.408213,1.260092,8.31581005e-05,14745.9
120840,1.376576,1.345039,8.31380250e-05,14747.0
120850,1.467917,1.295112,8.31179524e-05,14748.2
120860,1.384062,1.322162,8.30978826e-05,14749.3
120870,1.442245,1.372469,8.30778157e-05,14750.4
120880,1.392610,1.422327,8.30577517e-05,14751.6
120890,1.251298,1.410241,8.30376905e-05,14752.7
120900,1.451001,1.281551,8.30176322e-05,14753.9
120910,1.236675,1.394363,8.29975768e-05,14755.0
120920,1.331958,1.433243,8.29775243e-05,14756.1
120930,1.276650,1.420927,8.29574746e-05,14757.2
120940,1.262434,1.282975,8.29374277e-05,14758.4
120950,1.336634,1.282364,8.29173838e-05,14759.5
120960,1.406523,1.287162,8.28973427e-05,14760.6
120970,1.364963,1.394778,8.28773045e-05,14761.7
120980,1.204637,1.341925,8.28572691e-05,14762.9
120990,1.270166,1.485232,8.28372367e-05,14764.0
121000,1.264195,1.338643,8.28172071e-05,14765.1
121010,1.304298,1.340833,8.27971804e-05,14766.5
121020,1.261981,1.342403,8.27771565e-05,14767.6
121030,1.368964,1.291265,8.27571355e-05,14768.8
121040,1.340284,1.314516,8.27371174e-05,14769.9
121050,1.394740,1.419373,8.27171022e-05,14771.1
121060,1.402488,1.431483,8.26970899e-05,14772.2
121070,1.430054,1.311795,8.26770804e-05,14773.3
121080,1.365106,1.412060,8.26570738e-05,14774.4
121090,1.338072,1.245759,8.26370701e-05,14775.6
121100,1.305577,1.447034,8.26170693e-05,14776.7
121110,1.366777,1.359625,8.25970714e-05,14777.8
121120,1.378804,1.345869,8.25770763e-05,14778.9
121130,1.376035,1.377072,8.25570841e-05,14780.1
121140,1.309780,1.305561,8.25370948e-05,14781.2
121150,1.356763,1.465397,8.25171084e-05,14782.3
121160,1.325205,1.382078,8.24971249e-05,14783.5
121170,1.349661,1.473981,8.24771442e-05,14784.6
121180,1.369654,1.411500,8.24571665e-05,14785.7
121190,1.343645,1.370203,8.24371916e-05,14786.9
121200,1.350505,1.472431,8.24172196e-05,14788.0
121210,1.333439,1.308735,8.23972505e-05,14789.2
121220,1.338843,1.427957,8.23772843e-05,14790.3
121230,1.245903,1.361699,8.23573210e-05,14791.5
121240,1.347694,1.336384,8.23373606e-05,14792.6
121250,1.329151,1.380012,8.23174030e-05,14793.8
121260,1.383721,1.314294,8.22974484e-05,14794.9
121270,1.412052,1.390069,8.22774966e-05,14796.0
121280,1.341931,1.339490,8.22575478e-05,14797.1
121290,1.359485,1.329178,8.22376018e-05,14798.2
121300,1.319415,1.418096,8.22176587e-05,14799.4
121310,1.353979,1.271511,8.21977185e-05,14800.5
121320,1.383213,1.308148,8.21777812e-05,14801.6
121330,1.272264,1.334642,8.21578469e-05,14802.7
121340,1.228938,1.361406,8.21379154e-05,14803.8
121350,1.437372,1.256380,8.21179868e-05,14805.0
121360,1.353456,1.345074,8.20980611e-05,14806.1
121370,1.425875,1.292070,8.20781383e-05,14807.2
121380,1.346184,1.348662,8.20582184e-05,14808.3
121390,1.291123,1.388340,8.20383014e-05,14809.4
121400,1.300239,1.334445,8.20183873e-05,14810.5
121410,1.408428,1.309162,8.19984761e-05,14811.7
121420,1.348950,1.290177,8.19785678e-05,14812.8
121430,1.369484,1.385045,8.19586624e-05,14813.9
121440,1.289474,1.370031,8.19387599e-05,14815.1
121450,1.200422,1.334418,8.19188603e-05,14816.2
121460,1.340647,1.388012,8.18989637e-05,14817.3
121470,1.359847,1.341832,8.18790699e-05,14818.4
121480,1.277923,1.330184,8.18591790e-05,14819.5
121490,1.283909,1.335162,8.18392911e-05,14820.6
121500,1.409979,1.378452,8.18194060e-05,14821.7
121510,1.191920,1.438979,8.17995239e-05,14823.1
121520,1.381906,1.356760,8.17796447e-05,14824.2
121530,1.434838,1.408593,8.17597683e-05,14825.3
121540,1.442208,1.376558,8.17398949e-05,14826.4
121550,1.326650,1.401296,8.17200244e-05,14827.6
121560,1.385891,1.409449,8.17001569e-05,14828.7
121570,1.282751,1.434686,8.16802922e-05,14829.8
121580,1.319327,1.393343,8.16604304e-05,14830.9
121590,1.385994,1.406407,8.16405716e-05,14832.0
121600,1.415058,1.285763,8.16207157e-05,14833.2
121610,1.383402,1.362324,8.16008626e-05,14834.3
121620,1.410247,1.322217,8.15810125e-05,14835.4
121630,1.355770,1.418877,8.15611654e-05,14836.6
121640,1.361156,1.406298,8.15413211e-05,14837.7
121650,1.271336,1.442698,8.15214798e-05,14838.8
121660,1.326422,1.460225,8.15016413e-05,14839.9
121670,1.377264,1.340081,8.14818058e-05,14841.0
121680,1.316700,1.432269,8.14619732e-05,14842.1
121690,1.329769,1.343377,8.14421436e-05,14843.2
121700,1.292360,1.271756,8.14223168e-05,14844.3
121710,1.329415,1.378646,8.14024930e-05,14845.4
121720,1.317552,1.403851,8.13826721e-05,14846.6
121730,1.375005,1.411254,8.13628542e-05,14847.7
121740,1.349135,1.287100,8.13430391e-05,14848.8
121750,1.366170,1.388435,8.13232270e-05,14850.0
121760,1.344625,1.280373,8.13034178e-05,14851.1
121770,1.343616,1.433952,8.12836115e-05,14852.2
121780,1.382645,1.341656,8.12638082e-05,14853.3
121790,1.406484,1.373002,8.12440078e-05,14854.4
121800,1.272361,1.277708,8.12242103e-05,14855.5
121810,1.387200,1.377542,8.12044157e-05,14856.7
121820,1.343449,1.286387,8.11846241e-05,14857.8
121830,1.313077,1.320520,8.11648354e-05,14858.9
121840,1.458423,1.320251,8.11450497e-05,14860.0
121850,1.335853,1.451960,8.11252668e-05,14861.1
121860,1.330741,1.383803,8.11054869e-05,14862.2
121870,1.385433,1.371630,8.10857100e-05,14863.4
121880,1.292482,1.338455,8.10659359e-05,14864.5
121890,1.293407,1.352239,8.10461649e-05,14865.6
121900,1.302101,1.337783,8.10263967e-05,14866.7
121910,1.268403,1.341675,8.10066315e-05,14867.8
121920,1.432907,1.278941,8.09868692e-05,14868.9
121930,1.402608,1.393150,8.09671098e-05,14870.1
121940,1.327658,1.401888,8.09473534e-05,14871.2
121950,1.226357,1.337090,8.09276000e-05,14872.3
121960,1.374111,1.422493,8.09078494e-05,14873.4
121970,1.305214,1.441053,8.08881019e-05,14874.5
121980,1.411458,1.368074,8.08683572e-05,14875.7
121990,1.267406,1.335309,8.08486155e-05,14876.8
122000,1.322338,1.372427,8.08288767e-05,14877.9
122010,1.457546,1.288501,8.08091409e-05,14879.2
122020,1.362479,1.438688,8.07894081e-05,14880.3
122030,1.252544,1.324425,8.07696781e-05,14881.5
122040,1.395567,1.422877,8.07499511e-05,14882.6
122050,1.333797,1.268003,8.07302271e-05,14883.7
122060,1.333545,1.346506,8.07105060e-05,14884.8
122070,1.311199,1.454445,8.06907879e-05,14886.0
122080,1.337103,1.314988,8.06710727e-05,14887.1
122090,1.341814,1.245445,8.06513604e-05,14888.2
122100,1.385426,1.368043,8.06316511e-05,14889.3
122110,1.306161,1.319175,8.06119448e-05,14890.4
122120,1.364542,1.408763,8.05922414e-05,14891.5
122130,1.311227,1.432100,8.05725410e-05,14892.6
122140,1.337127,1.307386,8.05528435e-05,14893.7
122150,1.315619,1.352661,8.05331489e-05,14894.8
122160,1.298847,1.337610,8.05134573e-05,14896.0
122170,1.425397,1.416837,8.04937687e-05,14897.1
122180,1.375413,1.345967,8.04740830e-05,14898.2
122190,1.271681,1.312443,8.04544003e-05,14899.3
122200,1.455379,1.441140,8.04347205e-05,14900.4
122210,1.324572,1.391017,8.04150437e-05,14901.5
122220,1.357691,1.330674,8.03953699e-05,14902.6
122230,1.358063,1.289756,8.03756990e-05,14903.8
122240,1.261873,1.460679,8.03560311e-05,14904.9
122250,1.270357,1.385984,8.03363661e-05,14906.0
122260,1.318164,1.342422,8.03167041e-05,14907.1
122270,1.290337,1.339801,8.02970450e-05,14908.2
122280,1.443251,1.387769,8.02773890e-05,14909.4
122290,1.327607,1.449048,8.02577358e-05,14910.5
122300,1.356286,1.358083,8.02380857e-05,14911.6
122310,1.308846,1.338073,8.02184385e-05,14912.8
122320,1.338106,1.401396,8.01987942e-05,14913.9
122330,1.311177,1.334169,8.01791530e-05,14915.0
122340,1.386256,1.403364,8.01595147e-05,14916.2
122350,1.323640,1.295182,8.01398793e-05,14917.3
122360,1.283340,1.531770,8.01202470e-05,14918.5
122370,1.206183,1.398765,8.01006176e-05,14919.6
122380,1.459810,1.435158,8.00809912e-05,14920.7
122390,1.355510,1.343515,8.00613677e-05,14921.9
122400,1.371111,1.451410,8.00417472e-05,14923.0
122410,1.331113,1.341929,8.00221297e-05,14924.1
122420,1.207623,1.406052,8.00025151e-05,14925.3
122430,1.412995,1.264473,7.99829036e-05,14926.4
122440,1.367877,1.409009,7.99632950e-05,14927.5
122450,1.361000,1.357098,7.99436893e-05,14928.6
122460,1.276949,1.423280,7.99240867e-05,14929.7
122470,1.270133,1.292028,7.99044870e-05,14930.8
122480,1.335846,1.391174,7.98848903e-05,14932.0
122490,1.264603,1.326624,7.98652966e-05,14933.1
122500,1.368445,1.383812,7.98457058e-05,14934.2
122510,1.250806,1.342847,7.98261181e-05,14935.5
122520,1.217631,1.313841,7.98065333e-05,14936.7
122530,1.362437,1.356508,7.97869514e-05,14937.8
122540,1.331381,1.437851,7.97673726e-05,14938.9
122550,1.332392,1.227526,7.97477968e-05,14940.0
122560,1.328058,1.328780,7.97282239e-05,14941.1
122570,1.288193,1.285284,7.97086540e-05,14942.2
122580,1.316481,1.286174,7.96890871e-05,14943.4
122590,1.293766,1.363474,7.96695232e-05,14944.5
122600,1.365788,1.399184,7.96499622e-05,14945.6
122610,1.343506,1.376766,7.96304043e-05,14946.7
122620,1.399262,1.274198,7.96108493e-05,14947.9
122630,1.309946,1.383898,7.95912973e-05,14949.0
122640,1.295422,1.388546,7.95717483e-05,14950.1
122650,1.412416,1.282840,7.95522023e-05,14951.2
122660,1.509387,1.359432,7.95326593e-05,14952.3
122670,1.359259,1.379143,7.95131192e-05,14953.5
122680,1.361947,1.413002,7.94935822e-05,14954.6
122690,1.372041,1.392849,7.94740481e-05,14955.7
122700,1.351447,1.372130,7.94545171e-05,14956.8
122710,1.314779,1.321775,7.94349890e-05,14957.9
122720,1.347392,1.273119,7.94154639e-05,14959.0
122730,1.318768,1.426842,7.93959418e-05,14960.1
122740,1.343116,1.363496,7.93764227e-05,14961.3
122750,1.241296,1.318510,7.93569066e-05,14962.4
122760,1.345768,1.401334,7.93373935e-05,14963.5
122770,1.299881,1.310567,7.93178834e-05,14964.6
122780,1.332883,1.373260,7.92983763e-05,14965.7
122790,1.373258,1.367348,7.92788722e-05,14966.8
122800,1.333334,1.306253,7.92593711e-05,14967.9
122810,1.386185,1.302521,7.92398730e-05,14969.0
122820,1.373617,1.407600,7.92203778e-05,14970.2
122830,1.387496,1.277120,7.92008857e-05,14971.3
122840,1.403722,1.408813,7.91813966e-05,14972.4
122850,1.326686,1.319491,7.91619105e-05,14973.5
122860,1.499679,1.382429,7.91424273e-05,14974.6
122870,1.440439,1.371498,7.91229472e-05,14975.7
122880,1.358016,1.407296,7.91034701e-05,14976.9
122890,1.380151,1.398819,7.90839960e-05,14978.0
122900,1.206610,1.380944,7.90645249e-05,14979.1
122910,1.345489,1.395953,7.90450568e-05,14980.2
122920,1.379936,1.272661,7.90255917e-05,14981.3
122930,1.333981,1.367271,7.90061296e-05,14982.4
122940,1.311816,1.303224,7.89866705e-05,14983.5
122950,1.402849,1.296798,7.89672144e-05,14984.7
122960,1.268158,1.359654,7.89477614e-05,14985.8
122970,1.346295,1.344992,7.89283113e-05,14986.9
122980,1.306305,1.375748,7.89088643e-05,14988.0
122990,1.255013,1.426091,7.88894202e-05,14989.2
123000,1.332258,1.308004,7.88699792e-05,14990.3
123010,1.282050,1.386377,7.88505412e-05,14991.6
123020,1.296516,1.329861,7.88311062e-05,14992.7
123030,1.337876,1.375206,7.88116742e-05,14993.9
123040,1.349271,1.249528,7.87922452e-05,14995.0
123050,1.362120,1.324374,7.87728193e-05,14996.1
123060,1.420719,1.475852,7.87533963e-05,14997.2
123070,1.360285,1.323618,7.87339764e-05,14998.4
123080,1.321068,1.356906,7.87145595e-05,14999.5
123090,1.230765,1.399346,7.86951456e-05,15000.6
123100,1.421194,1.343632,7.86757347e-05,15001.8
123110,1.376369,1.379418,7.86563269e-05,15002.9
123120,1.428260,1.404772,7.86369220e-05,15004.0
123130,1.353940,1.382267,7.86175202e-05,15005.1
123140,1.304256,1.347297,7.85981214e-05,15006.2
123150,1.320735,1.368988,7.85787256e-05,15007.4
123160,1.323968,1.379467,7.85593329e-05,15008.5
123170,1.295400,1.388194,7.85399432e-05,15009.6
123180,1.339299,1.463436,7.85205565e-05,15010.7
123190,1.363885,1.494316,7.85011728e-05,15011.9
123200,1.347101,1.472528,7.84817921e-05,15013.0
123210,1.253138,1.354000,7.84624145e-05,15014.1
123220,1.358947,1.425701,7.84430399e-05,15015.2
123230,1.321925,1.359612,7.84236683e-05,15016.4
123240,1.404559,1.466912,7.84042997e-05,15017.5
123250,1.302428,1.360874,7.83849342e-05,15018.6
123260,1.285164,1.367665,7.83655717e-05,15019.7
123270,1.338821,1.398382,7.83462123e-05,15020.9
123280,1.327950,1.382737,7.83268558e-05,15022.0
123290,1.345704,1.335798,7.83075024e-05,15023.1
123300,1.372718,1.335212,7.82881520e-05,15024.2
123310,1.297969,1.401965,7.82688047e-05,15025.3
123320,1.362464,1.336421,7.82494604e-05,15026.5
123330,1.335679,1.332020,7.82301191e-05,15027.6
123340,1.317226,1.367936,7.82107809e-05,15028.7
123350,1.433890,1.340719,7.81914457e-05,15029.8
123360,1.336157,1.467238,7.81721135e-05,15030.9
123370,1.350000,1.427868,7.81527844e-05,15032.1
123380,1.325091,1.404732,7.81334583e-05,15033.2
123390,1.395437,1.287449,7.81141352e-05,15034.3
123400,1.291170,1.393022,7.80948152e-05,15035.4
123410,1.377790,1.441085,7.80754982e-05,15036.5
123420,1.434114,1.241714,7.80561843e-05,15037.6
123430,1.355250,1.417070,7.80368734e-05,15038.7
123440,1.335310,1.292539,7.80175655e-05,15039.9
123450,1.330659,1.404291,7.79982607e-05,15041.0
123460,1.270210,1.381564,7.79789589e-05,15042.1
123470,1.325889,1.314257,7.79596602e-05,15043.2
123480,1.231502,1.338496,7.79403645e-05,15044.3
123490,1.445622,1.405981,7.79210718e-05,15045.4
123500,1.354989,1.358366,7.79017822e-05,15046.5
123510,1.332980,1.474473,7.78824957e-05,15047.9
123520,1.432595,1.430342,7.78632122e-05,15049.0
123530,1.359694,1.347549,7.78439317e-05,15050.1
123540,1.266289,1.465353,7.78246543e-05,15051.2
123550,1.317208,1.388270,7.78053799e-05,15052.3
123560,1.331145,1.275158,7.77861086e-05,15053.4
123570,1.363433,1.348498,7.77668403e-05,15054.5
123580,1.394458,1.279220,7.77475751e-05,15055.6
123590,1.262317,1.366762,7.77283129e-05,15056.7
123600,1.385075,1.413237,7.77090538e-05,15057.9
123610,1.458612,1.376364,7.76897978e-05,15059.0
123620,1.283182,1.400967,7.76705448e-05,15060.1
123630,1.453165,1.357454,7.76512948e-05,15061.2
123640,1.314002,1.273514,7.76320479e-05,15062.3
123650,1.404386,1.269577,7.76128041e-05,15063.4
123660,1.271796,1.370404,7.75935633e-05,15064.5
123670,1.364077,1.257756,7.75743255e-05,15065.7
123680,1.272737,1.432645,7.75550909e-05,15066.8
123690,1.371357,1.380661,7.75358593e-05,15067.9
123700,1.284743,1.448182,7.75166307e-05,15069.0
123710,1.274058,1.251544,7.74974052e-05,15070.1
123720,1.297121,1.336647,7.74781828e-05,15071.2
123730,1.271588,1.315162,7.74589634e-05,15072.4
123740,1.327564,1.305067,7.74397471e-05,15073.5
123750,1.403904,1.299753,7.74205338e-05,15074.6
123760,1.367555,1.377566,7.74013236e-05,15075.7
123770,1.315635,1.409996,7.73821165e-05,15076.8
123780,1.295055,1.432120,7.73629124e-05,15078.0
123790,1.308300,1.307864,7.73437114e-05,15079.1
123800,1.384962,1.296080,7.73245135e-05,15080.2
123810,1.337549,1.362517,7.73053186e-05,15081.3
123820,1.228383,1.381333,7.72861268e-05,15082.4
123830,1.279534,1.417549,7.72669381e-05,15083.6
123840,1.315249,1.341805,7.72477524e-05,15084.7
123850,1.368171,1.322203,7.72285698e-05,15085.8
123860,1.344603,1.393036,7.72093903e-05,15086.9
123870,1.397725,1.275358,7.71902138e-05,15088.1
123880,1.359127,1.362169,7.71710404e-05,15089.2
123890,1.407106,1.369555,7.71518701e-05,15090.3
123900,1.354537,1.339535,7.71327028e-05,15091.4
123910,1.415307,1.277104,7.71135387e-05,15092.6
123920,1.261646,1.314997,7.70943776e-05,15093.7
123930,1.307559,1.432826,7.70752195e-05,15094.9
123940,1.409851,1.286287,7.70560646e-05,15096.0
123950,1.227228,1.340837,7.70369127e-05,15097.1
123960,1.392832,1.380718,7.70177639e-05,15098.3
123970,1.326671,1.446292,7.69986182e-05,15099.4
123980,1.364522,1.344451,7.69794755e-05,15100.6
123990,1.385597,1.310503,7.69603360e-05,15101.7
124000,1.302029,1.288677,7.69411995e-05,15102.8
124010,1.269062,1.329920,7.69220661e-05,15104.1
124020,1.334600,1.348212,7.69029357e-05,15105.2
124030,1.255436,1.373216,7.68838085e-05,15106.4
124040,1.219724,1.311141,7.68646843e-05,15107.5
124050,1.399076,1.332921,7.68455632e-05,15108.7
124060,1.351580,1.353436,7.68264452e-05,15109.8
124070,1.320448,1.485523,7.68073303e-05,15110.9
124080,1.352983,1.396506,7.67882185e-05,15112.0
124090,1.323840,1.312120,7.67691097e-05,15113.2
124100,1.384712,1.323477,7.67500040e-05,15114.3
124110,1.400486,1.346226,7.67309015e-05,15115.4
124120,1.304990,1.351777,7.67118020e-05,15116.5
124130,1.394934,1.280092,7.66927056e-05,15117.7
124140,1.348943,1.301458,7.66736122e-05,15118.8
124150,1.446064,1.350610,7.66545220e-05,15120.0
124160,1.355596,1.363577,7.66354349e-05,15121.1
124170,1.347096,1.431555,7.66163508e-05,15122.2
124180,1.381361,1.216730,7.65972699e-05,15123.3
124190,1.378041,1.409766,7.65781920e-05,15124.4
124200,1.421064,1.328703,7.65591172e-05,15125.6
124210,1.376967,1.320697,7.65400455e-05,15126.7
124220,1.273245,1.433050,7.65209769e-05,15127.8
124230,1.337570,1.368778,7.65019114e-05,15128.9
124240,1.335732,1.414111,7.64828490e-05,15130.0
124250,1.300981,1.303292,7.64637897e-05,15131.1
124260,1.253628,1.322762,7.64447335e-05,15132.2
124270,1.339306,1.301139,7.64256804e-05,15133.4
124280,1.356026,1.318872,7.64066304e-05,15134.5
124290,1.468437,1.288612,7.63875835e-05,15135.6
124300,1.288540,1.425993,7.63685396e-05,15136.7
124310,1.357989,1.319864,7.63494989e-05,15137.8
124320,1.411626,1.371603,7.63304613e-05,15139.0
124330,1.340538,1.280561,7.63114268e-05,15140.1
124340,1.324303,1.513282,7.62923954e-05,15141.2
124350,1.270534,1.352845,7.62733670e-05,15142.3
124360,1.447066,1.290899,7.62543418e-05,15143.5
124370,1.262331,1.343862,7.62353197e-05,15144.6
124380,1.338180,1.354321,7.62163007e-05,15145.7
124390,1.407690,1.226267,7.61972848e-05,15146.8
124400,1.340129,1.372944,7.61782720e-05,15147.9
124410,1.358743,1.369493,7.61592623e-05,15149.0
124420,1.321286,1.339843,7.61402557e-05,15150.2
124430,1.373080,1.367554,7.61212522e-05,15151.3
124440,1.460761,1.302838,7.61022519e-05,15152.5
124450,1.316092,1.360047,7.60832546e-05,15153.6
124460,1.266299,1.304407,7.60642605e-05,15154.8
124470,1.346380,1.381656,7.60452694e-05,15156.0
124480,1.293800,1.304521,7.60262815e-05,15157.1
124490,1.256779,1.427492,7.60072967e-05,15158.3
124500,1.361169,1.357988,7.59883150e-05,15159.6
124510,1.315806,1.253430,7.59693364e-05,15161.0
124520,1.317392,1.439193,7.59503609e-05,15162.1
124530,1.311279,1.291844,7.59313885e-05,15163.2
124540,1.321113,1.409922,7.59124193e-05,15164.4
124550,1.363460,1.278434,7.58934531e-05,15165.5
124560,1.423320,1.390316,7.58744901e-05,15166.6
124570,1.362198,1.470681,7.58555302e-05,15167.7
124580,1.282195,1.349377,7.58365734e-05,15168.9
124590,1.301151,1.357451,7.58176197e-05,15170.0
124600,1.466150,1.366528,7.57986692e-05,15171.1
124610,1.337020,1.413399,7.57797218e-05,15172.2
124620,1.293795,1.391032,7.57607774e-05,15173.3
124630,1.407292,1.427319,7.57418363e-05,15174.4
124640,1.314224,1.424278,7.57228982e-05,15175.5
124650,1.354724,1.381153,7.57039632e-05,15176.7
124660,1.443707,1.366693,7.56850314e-05,15177.8
124670,1.384476,1.439502,7.56661027e-05,15178.9
124680,1.330042,1.260211,7.56471771e-05,15180.0
124690,1.330580,1.384204,7.56282547e-05,15181.2
124700,1.435549,1.295353,7.56093353e-05,15182.3
124710,1.371641,1.327242,7.55904191e-05,15183.4
124720,1.285901,1.329510,7.55715061e-05,15184.5
124730,1.317243,1.362503,7.55525961e-05,15185.6
124740,1.286360,1.382316,7.55336893e-05,15186.7
124750,1.312935,1.377055,7.55147856e-05,15187.9
124760,1.324241,1.395063,7.54958850e-05,15189.0
124770,1.410154,1.336032,7.54769876e-05,15190.1
124780,1.315012,1.311979,7.54580933e-05,15191.2
124790,1.401735,1.305283,7.54392021e-05,15192.3
124800,1.417349,1.351473,7.54203141e-05,15193.5
124810,1.339976,1.458633,7.54014292e-05,15194.6
124820,1.347809,1.430962,7.53825474e-05,15195.7
124830,1.420164,1.500810,7.53636688e-05,15196.8
124840,1.247508,1.295461,7.53447933e-05,15198.0
124850,1.335213,1.369310,7.53259209e-05,15199.1
124860,1.242108,1.249463,7.53070516e-05,15200.2
124870,1.295677,1.348971,7.52881855e-05,15201.3
124880,1.472745,1.399328,7.52693226e-05,15202.4
124890,1.316314,1.366179,7.52504628e-05,15203.6
124900,1.347340,1.225322,7.52316061e-05,15204.7
124910,1.278966,1.413174,7.52127525e-05,15205.8
124920,1.462912,1.282161,7.51939021e-05,15206.9
124930,1.264521,1.411201,7.51750549e-05,15208.0
124940,1.332193,1.432689,7.51562107e-05,15209.2
124950,1.228134,1.288177,7.51373697e-05,15210.3
124960,1.398773,1.383344,7.51185319e-05,15211.4
124970,1.263675,1.413929,7.50996972e-05,15212.5
124980,1.407569,1.285710,7.50808657e-05,15213.6
124990,1.385322,1.235804,7.50620372e-05,15214.8
125000,1.390699,1.303001,7.50432120e-05,15215.9
125010,1.397711,1.291412,7.50243899e-05,15217.2
125020,1.452224,1.393212,7.50055709e-05,15218.3
125030,1.212854,1.309595,7.49867551e-05,15219.4
125040,1.406456,1.317307,7.49679424e-05,15220.6
125050,1.320968,1.320777,7.49491328e-05,15221.7
125060,1.407409,1.288951,7.49303265e-05,15222.9
125070,1.430164,1.415267,7.49115232e-05,15224.0
125080,1.334531,1.353489,7.48927232e-05,15225.1
125090,1.370150,1.430172,7.48739262e-05,15226.2
125100,1.464881,1.455017,7.48551324e-05,15227.4
125110,1.301928,1.325015,7.48363418e-05,15228.5
125120,1.279260,1.296266,7.48175543e-05,15229.6
125130,1.280532,1.492468,7.47987700e-05,15230.8
125140,1.330112,1.296791,7.47799889e-05,15231.9
125150,1.435022,1.405274,7.47612108e-05,15233.0
125160,1.343698,1.291567,7.47424360e-05,15234.1
125170,1.310612,1.290867,7.47236643e-05,15235.2
125180,1.334619,1.370849,7.47048958e-05,15236.4
125190,1.443908,1.364265,7.46861304e-05,15237.5
125200,1.438719,1.305518,7.46673681e-05,15238.6
125210,1.283887,1.328956,7.46486091e-05,15239.7
125220,1.431394,1.339432,7.46298532e-05,15240.9
125230,1.371578,1.363712,7.46111004e-05,15242.0
125240,1.290929,1.315439,7.45923508e-05,15243.1
125250,1.277634,1.307422,7.45736044e-05,15244.2
125260,1.310625,1.318644,7.45548611e-05,15245.4
125270,1.331186,1.446385,7.45361210e-05,15246.5
125280,1.223093,1.448564,7.45173841e-05,15247.6
125290,1.387884,1.322500,7.44986503e-05,15248.8
125300,1.307153,1.257579,7.44799197e-05,15249.9
125310,1.306089,1.318824,7.44611923e-05,15251.0
125320,1.254896,1.329481,7.44424680e-05,15252.2
125330,1.310349,1.342349,7.44237469e-05,15253.3
125340,1.387256,1.360723,7.44050289e-05,15254.4
125350,1.312089,1.400645,7.43863142e-05,15255.5
125360,1.406335,1.245267,7.43676026e-05,15256.6
125370,1.372996,1.330532,7.43488941e-05,15257.8
125380,1.364513,1.349805,7.43301889e-05,15258.9
125390,1.291514,1.361574,7.43114868e-05,15260.0
125400,1.341668,1.373117,7.42927878e-05,15261.1
125410,1.410710,1.454149,7.42740921e-05,15262.3
125420,1.428460,1.379913,7.42553995e-05,15263.4
125430,1.384431,1.395501,7.42367101e-05,15264.5
125440,1.383499,1.305266,7.42180239e-05,15265.6
125450,1.240736,1.366826,7.41993408e-05,15266.8
125460,1.275806,1.357293,7.41806609e-05,15267.9
125470,1.265489,1.272963,7.41619842e-05,15269.0
125480,1.376956,1.387845,7.41433107e-05,15270.1
125490,1.269327,1.302401,7.41246403e-05,15271.3
125500,1.443018,1.376902,7.41059731e-05,15272.4
125510,1.246590,1.415884,7.40873091e-05,15273.7
125520,1.429990,1.316538,7.40686483e-05,15274.8
125530,1.281214,1.480638,7.40499907e-05,15276.0
125540,1.276194,1.411969,7.40313362e-05,15277.1
125550,1.439337,1.377284,7.40126850e-05,15278.2
125560,1.346857,1.376174,7.39940369e-05,15279.3
125570,1.349047,1.387274,7.39753919e-05,15280.4
125580,1.186797,1.333821,7.39567502e-05,15281.5
125590,1.218608,1.325024,7.39381117e-05,15282.7
125600,1.386390,1.379963,7.39194763e-05,15283.8
125610,1.321186,1.313801,7.39008441e-05,15284.9
125620,1.350105,1.387647,7.38822151e-05,15286.0
125630,1.259063,1.235601,7.38635893e-05,15287.1
125640,1.334450,1.309269,7.38449667e-05,15288.3
125650,1.402084,1.480209,7.38263473e-05,15289.4
125660,1.470453,1.281478,7.38077310e-05,15290.5
125670,1.264201,1.357366,7.37891180e-05,15291.6
125680,1.425545,1.414456,7.37705081e-05,15292.7
125690,1.373155,1.376631,7.37519014e-05,15293.9
125700,1.223655,1.357661,7.37332980e-05,15295.0
125710,1.362059,1.337172,7.37146977e-05,15296.2
125720,1.269565,1.313072,7.36961006e-05,15298.2
125730,1.291971,1.357908,7.36775067e-05,15299.3
125740,1.502790,1.309336,7.36589159e-05,15300.4
125750,1.259579,1.332766,7.36403284e-05,15301.5
125760,1.377948,1.346536,7.36217441e-05,15302.7
125770,1.377703,1.369635,7.36031630e-05,15303.9
125780,1.275260,1.375918,7.35845850e-05,15305.0
125790,1.269012,1.390643,7.35660103e-05,15306.3
125800,1.319842,1.402713,7.35474388e-05,15307.5
125810,1.286866,1.300132,7.35288704e-05,15308.8
125820,1.374118,1.339691,7.35103053e-05,15310.0
125830,1.357047,1.305599,7.34917433e-05,15311.2
125840,1.347993,1.330249,7.34731846e-05,15312.4
125850,1.318378,1.423472,7.34546290e-05,15313.6
125860,1.400738,1.390130,7.34360767e-05,15314.8
125870,1.316773,1.360896,7.34175276e-05,15316.0
125880,1.278264,1.380169,7.33989816e-05,15317.1
125890,1.384274,1.390292,7.33804389e-05,15318.2
125900,1.202552,1.426225,7.33618994e-05,15319.4
125910,1.264657,1.333226,7.33433630e-05,15320.6
125920,1.353463,1.404359,7.33248299e-05,15321.7
125930,1.302836,1.329880,7.33063000e-05,15322.9
125940,1.310473,1.340705,7.32877733e-05,15324.0
125950,1.288899,1.468646,7.32692498e-05,15325.1
125960,1.307271,1.274210,7.32507295e-05,15326.3
125970,1.414605,1.334314,7.32322124e-05,15327.4
125980,1.369139,1.401991,7.32136985e-05,15328.6
125990,1.290944,1.363464,7.31951879e-05,15329.7
126000,1.377825,1.265738,7.31766804e-05,15330.8
126010,1.393108,1.301510,7.31581762e-05,15332.2
126020,1.338491,1.422545,7.31396751e-05,15333.3
126030,1.431976,1.310637,7.31211773e-05,15334.5
126040,1.263314,1.402176,7.31026827e-05,15335.6
126050,1.356224,1.501407,7.30841913e-05,15336.7
126060,1.300473,1.419864,7.30657031e-05,15337.9
126070,1.471756,1.317986,7.30472181e-05,15339.0
126080,1.412258,1.242292,7.30287364e-05,15340.1
126090,1.363343,1.361516,7.30102579e-05,15341.3
126100,1.369601,1.357208,7.29917825e-05,15342.4
126110,1.404273,1.426717,7.29733104e-05,15343.6
126120,1.327281,1.348139,7.29548416e-05,15344.7
126130,1.355739,1.363152,7.29363759e-05,15345.8
126140,1.361006,1.300828,7.29179135e-05,15347.0
126150,1.392936,1.433937,7.28994542e-05,15348.1
126160,1.386674,1.348793,7.28809982e-05,15349.2
126170,1.274817,1.378132,7.28625454e-05,15350.4
126180,1.306337,1.379443,7.28440959e-05,15351.5
126190,1.225821,1.373872,7.28256495e-05,15352.6
126200,1.361812,1.298382,7.28072064e-05,15353.7
126210,1.288815,1.292544,7.27887665e-05,15354.9
126220,1.319480,1.450346,7.27703299e-05,15356.0
126230,1.401851,1.334660,7.27518964e-05,15357.2
126240,1.211748,1.403903,7.27334662e-05,15358.3
126250,1.258498,1.286201,7.27150392e-05,15359.5
126260,1.282973,1.320965,7.26966155e-05,15360.6
126270,1.426795,1.334804,7.26781949e-05,15361.8
126280,1.257741,1.441828,7.26597776e-05,15362.9
126290,1.323287,1.351243,7.26413635e-05,15364.1
126300,1.258523,1.413279,7.26229527e-05,15365.2
126310,1.308616,1.336546,7.26045451e-05,15366.4
126320,1.304798,1.343705,7.25861407e-05,15367.5
126330,1.395659,1.341857,7.25677395e-05,15368.7
126340,1.349513,1.317542,7.25493416e-05,15369.8
126350,1.418288,1.442246,7.25309469e-05,15371.0
126360,1.409356,1.388661,7.25125555e-05,15372.1
126370,1.327150,1.460067,7.24941673e-05,15373.3
126380,1.358625,1.392796,7.24757823e-05,15374.4
126390,1.339075,1.347636,7.24574005e-05,15375.6
126400,1.397405,1.376705,7.24390220e-05,15376.7
126410,1.311824,1.320771,7.24206467e-05,15377.9
126420,1.261493,1.380542,7.24022747e-05,15379.0
126430,1.343236,1.373964,7.23839059e-05,15380.1
126440,1.336485,1.335437,7.23655403e-05,15381.3
126450,1.357808,1.263721,7.23471780e-05,15382.4
126460,1.329482,1.293440,7.23288189e-05,15383.5
126470,1.384574,1.333807,7.23104631e-05,15384.7
126480,1.329046,1.320842,7.22921105e-05,15385.8
126490,1.330773,1.315422,7.22737611e-05,15386.9
126500,1.413615,1.332891,7.22554150e-05,15388.1
126510,1.355745,1.287665,7.22370721e-05,15389.4
126520,1.337837,1.414840,7.22187325e-05,15390.5
126530,1.326588,1.290608,7.22003961e-05,15391.6
126540,1.311805,1.398364,7.21820629e-05,15392.8
126550,1.352343,1.282869,7.21637331e-05,15393.9
126560,1.273765,1.337492,7.21454064e-05,15395.0
126570,1.367077,1.443615,7.21270830e-05,15396.2
126580,1.397740,1.281650,7.21087628e-05,15397.3
126590,1.256954,1.323815,7.20904459e-05,15398.4
126600,1.320636,1.357151,7.20721323e-05,15399.6
126610,1.273546,1.224256,7.20538219e-05,15400.7
126620,1.385032,1.420089,7.20355147e-05,15401.9
126630,1.310174,1.397042,7.20172108e-05,15403.0
126640,1.392639,1.242675,7.19989102e-05,15404.1
126650,1.349060,1.389962,7.19806127e-05,15405.3
126660,1.284343,1.342799,7.19623186e-05,15406.4
126670,1.311451,1.339795,7.19440277e-05,15407.5
126680,1.361483,1.344354,7.19257401e-05,15408.6
126690,1.348934,1.320938,7.19074557e-05,15409.8
126700,1.359615,1.270892,7.18891745e-05,15410.9
126710,1.355229,1.317878,7.18708967e-05,15412.0
126720,1.357623,1.311984,7.18526220e-05,15413.1
126730,1.334064,1.344994,7.18343507e-05,15414.3
126740,1.315490,1.329973,7.18160826e-05,15415.4
126750,1.336659,1.370936,7.17978177e-05,15416.5
126760,1.335918,1.334896,7.17795561e-05,15417.6
126770,1.306465,1.479548,7.17612978e-05,15418.7
126780,1.366474,1.356612,7.17430427e-05,15419.9
126790,1.328270,1.280242,7.17247909e-05,15421.0
126800,1.335084,1.415795,7.17065424e-05,15422.1
126810,1.285257,1.385823,7.16882971e-05,15423.2
126820,1.330232,1.431282,7.16700551e-05,15424.3
126830,1.374907,1.286550,7.16518163e-05,15425.4
126840,1.431227,1.410764,7.16335808e-05,15426.6
126850,1.436202,1.295181,7.16153486e-05,15427.7
126860,1.418730,1.381719,7.15971197e-05,15428.8
126870,1.432008,1.348830,7.15788940e-05,15429.9
126880,1.369143,1.467695,7.15606715e-05,15431.1
126890,1.374360,1.236642,7.15424524e-05,15432.2
126900,1.328306,1.390782,7.15242365e-05,15433.3
126910,1.235976,1.375933,7.15060239e-05,15434.5
126920,1.306137,1.443950,7.14878145e-05,15435.6
126930,1.352229,1.276400,7.14696084e-05,15436.7
126940,1.372322,1.235522,7.14514056e-05,15437.9
126950,1.323774,1.316420,7.14332061e-05,15439.0
126960,1.340318,1.274331,7.14150098e-05,15440.2
126970,1.338018,1.291704,7.13968168e-05,15441.3
126980,1.343907,1.257183,7.13786271e-05,15442.4
126990,1.288630,1.267211,7.13604406e-05,15443.5
127000,1.267823,1.340728,7.13422574e-05,15444.7
127010,1.284618,1.375206,7.13240775e-05,15446.0
127020,1.347219,1.393352,7.13059009e-05,15447.1
127030,1.489129,1.380926,7.12877276e-05,15448.2
127040,1.318113,1.259216,7.12695575e-05,15449.4
127050,1.282382,1.297682,7.12513907e-05,15450.5
127060,1.336437,1.382952,7.12332272e-05,15451.6
127070,1.339344,1.275093,7.12150669e-05,15452.8
127080,1.493109,1.347045,7.11969100e-05,15453.9
127090,1.302142,1.420452,7.11787563e-05,15455.0
127100,1.389324,1.438524,7.11606059e-05,15456.1
127110,1.280424,1.409108,7.11424588e-05,15457.3
127120,1.309999,1.394512,7.11243150e-05,15458.4
127130,1.309768,1.445208,7.11061744e-05,15459.6
127140,1.231851,1.295252,7.10880371e-05,15460.8
127150,1.342688,1.410822,7.10699032e-05,15461.9
127160,1.374259,1.242355,7.10517725e-05,15463.0
127170,1.315923,1.382805,7.10336450e-05,15464.1
127180,1.364640,1.354229,7.10155209e-05,15465.3
127190,1.419784,1.387658,7.09974001e-05,15466.4
127200,1.317530,1.273090,7.09792825e-05,15467.5
127210,1.359135,1.295554,7.09611683e-05,15468.7
127220,1.435465,1.246496,7.09430573e-05,15469.8
127230,1.284292,1.350587,7.09249496e-05,15470.9
127240,1.330166,1.387640,7.09068452e-05,15472.0
127250,1.394012,1.492882,7.08887441e-05,15473.2
127260,1.370047,1.323436,7.08706463e-05,15474.3
127270,1.324744,1.290205,7.08525517e-05,15475.4
127280,1.304708,1.324735,7.08344605e-05,15476.6
127290,1.382913,1.287090,7.08163726e-05,15477.7
127300,1.291481,1.297622,7.07982879e-05,15478.8
127310,1.358163,1.258248,7.07802066e-05,15479.9
127320,1.285346,1.424396,7.07621285e-05,15481.0
127330,1.347151,1.441524,7.07440537e-05,15482.2
127340,1.225309,1.267998,7.07259823e-05,15483.3
127350,1.462868,1.347274,7.07079141e-05,15484.5
127360,1.344043,1.399959,7.06898492e-05,15485.6
127370,1.369427,1.284829,7.06717877e-05,15486.7
127380,1.329123,1.372269,7.06537294e-05,15487.9
127390,1.299558,1.294711,7.06356744e-05,15489.0
127400,1.322190,1.303778,7.06176227e-05,15490.1
127410,1.368195,1.337954,7.05995744e-05,15491.3
127420,1.325395,1.332822,7.05815293e-05,15492.5
127430,1.412837,1.402456,7.05634875e-05,15493.6
127440,1.310078,1.347731,7.05454490e-05,15494.8
127450,1.413135,1.351644,7.05274139e-05,15495.9
127460,1.275025,1.384996,7.05093820e-05,15497.1
127470,1.474607,1.322585,7.04913534e-05,15498.2
127480,1.399616,1.253610,7.04733282e-05,15499.4
127490,1.353872,1.370865,7.04553062e-05,15500.5
127500,1.395365,1.311154,7.04372876e-05,15501.6
127510,1.419140,1.354438,7.04192722e-05,15503.0
127520,1.411581,1.448388,7.04012602e-05,15504.1
127530,1.307597,1.490660,7.03832515e-05,15505.3
127540,1.370676,1.441136,7.03652461e-05,15506.4
127550,1.332167,1.315336,7.03472440e-05,15507.5
127560,1.216205,1.415111,7.03292452e-05,15508.7
127570,1.281126,1.416958,7.03112497e-05,15509.8
127580,1.227795,1.339210,7.02932575e-05,15511.0
127590,1.355169,1.420982,7.02752687e-05,15512.1
127600,1.319774,1.466254,7.02572831e-05,15513.2
127610,1.305891,1.413125,7.02393009e-05,15514.4
127620,1.447479,1.289679,7.02213220e-05,15515.5
127630,1.319365,1.339180,7.02033463e-05,15516.6
127640,1.325188,1.411052,7.01853741e-05,15517.8
127650,1.284998,1.352099,7.01674051e-05,15518.9
127660,1.286801,1.382251,7.01494394e-05,15520.1
127670,1.312665,1.318609,7.01314771e-05,15521.2
127680,1.382820,1.272206,7.01135180e-05,15522.3
127690,1.282931,1.435708,7.00955623e-05,15523.5
127700,1.273492,1.377687,7.00776099e-05,15524.6
127710,1.349152,1.417368,7.00596609e-05,15525.7
127720,1.268363,1.340583,7.00417151e-05,15526.8
127730,1.361208,1.251895,7.00237727e-05,15528.0
127740,1.375041,1.390797,7.00058336e-05,15529.1
127750,1.323916,1.358228,6.99878978e-05,15530.2
127760,1.334510,1.183766,6.99699653e-05,15531.4
127770,1.466388,1.307051,6.99520362e-05,15532.5
127780,1.364161,1.360942,6.99341104e-05,15533.7
127790,1.236226,1.320189,6.99161879e-05,15534.8
127800,1.338338,1.337662,6.98982687e-05,15535.9
127810,1.265069,1.355862,6.98803529e-05,15537.0
127820,1.403257,1.366223,6.98624403e-05,15538.2
127830,1.345791,1.345712,6.98445312e-05,15539.3
127840,1.338704,1.334999,6.98266253e-05,15540.4
127850,1.304832,1.443275,6.98087228e-05,15541.5
127860,1.337273,1.372243,6.97908236e-05,15542.6
127870,1.350667,1.295787,6.97729277e-05,15543.8
127880,1.329622,1.386639,6.97550351e-05,15545.0
127890,1.419962,1.335593,6.97371459e-05,15546.1
127900,1.376704,1.274040,6.97192600e-05,15547.3
127910,1.253153,1.375783,6.97013775e-05,15548.4
127920,1.403465,1.288961,6.96834983e-05,15549.5
127930,1.264484,1.313646,6.96656224e-05,15550.7
127940,1.390736,1.460958,6.96477498e-05,15551.8
127950,1.254115,1.330373,6.96298806e-05,15552.9
127960,1.302058,1.373261,6.96120147e-05,15554.0
127970,1.412890,1.252410,6.95941522e-05,15555.1
127980,1.440171,1.411150,6.95762930e-05,15556.3
127990,1.337468,1.350449,6.95584371e-05,15557.4
128000,1.356993,1.338783,6.95405845e-05,15558.5
128010,1.395985,1.373764,6.95227353e-05,15559.9
128020,1.313112,1.297872,6.95048895e-05,15561.0
128030,1.341969,1.386297,6.94870470e-05,15562.1
128040,1.459336,1.415805,6.94692078e-05,15563.2
128050,1.311865,1.447465,6.94513719e-05,15564.4
128060,1.289522,1.310415,6.94335394e-05,15565.5
128070,1.367793,1.284831,6.94157103e-05,15566.6
128080,1.283102,1.310825,6.93978845e-05,15567.7
128090,1.358662,1.426986,6.93800620e-05,15568.9
128100,1.323931,1.270160,6.93622429e-05,15570.0
128110,1.307023,1.311682,6.93444271e-05,15571.1
128120,1.286691,1.363423,6.93266146e-05,15572.3
128130,1.388919,1.395640,6.93088055e-05,15573.4
128140,1.315509,1.408012,6.92909998e-05,15574.5
128150,1.306193,1.407787,6.92731974e-05,15575.6
128160,1.300878,1.404807,6.92553983e-05,15576.8
128170,1.377070,1.384421,6.92376026e-05,15577.9
128180,1.347533,1.344101,6.92198103e-05,15579.0
128190,1.421944,1.344956,6.92020213e-05,15580.2
128200,1.340748,1.345986,6.91842356e-05,15581.3
128210,1.327252,1.411046,6.91664533e-05,15582.4
128220,1.285844,1.378988,6.91486744e-05,15583.5
128230,1.296727,1.334107,6.91308987e-05,15584.7
128240,1.289762,1.391463,6.91131265e-05,15585.8
128250,1.390584,1.350630,6.90953576e-05,15586.9
128260,1.304976,1.259753,6.90775921e-05,15588.0
128270,1.303620,1.318430,6.90598299e-05,15589.2
128280,1.350308,1.294739,6.90420710e-05,15590.3
128290,1.300017,1.333630,6.90243155e-05,15591.4
128300,1.357188,1.350910,6.90065634e-05,15592.6
128310,1.345026,1.339500,6.89888147e-05,15593.7
128320,1.344323,1.264446,6.89710692e-05,15594.8
128330,1.394090,1.370830,6.89533272e-05,15595.9
128340,1.333951,1.318159,6.89355885e-05,15597.0
128350,1.343366,1.383032,6.89178532e-05,15598.1
128360,1.219137,1.340349,6.89001212e-05,15599.3
128370,1.267600,1.371243,6.88823926e-05,15600.4
128380,1.308964,1.274928,6.88646673e-05,15601.5
128390,1.352777,1.352340,6.88469454e-05,15602.7
128400,1.246183,1.358113,6.88292269e-05,15603.8
128410,1.285216,1.402098,6.88115117e-05,15604.9
128420,1.276954,1.313929,6.87937999e-05,15606.0
128430,1.305712,1.281551,6.87760915e-05,15607.2
128440,1.427611,1.214785,6.87583864e-05,15608.3
128450,1.361010,1.379597,6.87406847e-05,15609.4
128460,1.306990,1.450750,6.87229864e-05,15610.5
128470,1.232361,1.415698,6.87052914e-05,15611.7
128480,1.359335,1.347768,6.86875998e-05,15612.8
128490,1.293231,1.328203,6.86699116e-05,15613.9
128500,1.355640,1.439906,6.86522267e-05,15615.0
128510,1.388884,1.381225,6.86345452e-05,15616.4
128520,1.349454,1.278752,6.86168671e-05,15617.5
128530,1.223277,1.309149,6.85991923e-05,15618.6
128540,1.338280,1.359977,6.85815209e-05,15619.8
128550,1.456284,1.400009,6.85638529e-05,15620.9
128560,1.317659,1.351978,6.85461882e-05,15622.0
128570,1.436003,1.414349,6.85285270e-05,15623.1
128580,1.388386,1.449262,6.85108691e-05,15624.2
128590,1.367972,1.350184,6.84932146e-05,15625.4
128600,1.320258,1.388267,6.84755634e-05,15626.5
128610,1.286353,1.388897,6.84579156e-05,15627.6
128620,1.289423,1.390718,6.84402712e-05,15628.7
128630,1.374480,1.315225,6.84226302e-05,15629.9
128640,1.289928,1.325200,6.84049926e-05,15631.0
128650,1.388674,1.419490,6.83873583e-05,15632.1
128660,1.376947,1.412674,6.83697274e-05,15633.2
128670,1.285268,1.351674,6.83520999e-05,15634.3
128680,1.408435,1.364461,6.83344758e-05,15635.4
128690,1.357069,1.368511,6.83168550e-05,15636.5
128700,1.392205,1.356248,6.82992376e-05,15637.7
128710,1.451445,1.359364,6.82816236e-05,15638.8
128720,1.339726,1.396881,6.82640130e-05,15639.9
128730,1.366219,1.247699,6.82464058e-05,15641.0
128740,1.284709,1.330199,6.82288020e-05,15642.2
128750,1.363805,1.367031,6.82112015e-05,15643.3
128760,1.329833,1.367203,6.81936045e-05,15644.4
128770,1.364705,1.344374,6.81760108e-05,15645.5
128780,1.412483,1.313827,6.81584205e-05,15646.7
128790,1.404177,1.334463,6.81408336e-05,15647.8
128800,1.390991,1.320322,6.81232500e-05,15648.9
128810,1.369667,1.404423,6.81056699e-05,15650.0
128820,1.379033,1.327419,6.80880931e-05,15651.2
128830,1.251227,1.407561,6.80705198e-05,15652.3
128840,1.197529,1.377856,6.80529498e-05,15653.4
128850,1.293808,1.393372,6.80353832e-05,15654.5
128860,1.322444,1.348423,6.80178200e-05,15655.6
128870,1.364519,1.309565,6.80002602e-05,15656.8
128880,1.369567,1.302620,6.79827038e-05,15657.9
128890,1.328287,1.332672,6.79651508e-05,15659.0
128900,1.306363,1.357750,6.79476012e-05,15660.1
128910,1.345510,1.311277,6.79300550e-05,15661.2
128920,1.386501,1.413720,6.79125121e-05,15662.4
128930,1.341724,1.475631,6.78949727e-05,15663.5
128940,1.414082,1.423424,6.78774366e-05,15664.6
128950,1.267484,1.359520,6.78599040e-05,15665.7
128960,1.452773,1.310043,6.78423747e-05,15666.8
128970,1.443238,1.312471,6.78248489e-05,15668.0
128980,1.378432,1.312414,6.78073264e-05,15669.1
128990,1.248548,1.330584,6.77898074e-05,15670.2
129000,1.348292,1.393033,6.77722917e-05,15671.3
129010,1.446609,1.303862,6.77547795e-05,15672.7
129020,1.380790,1.346126,6.77372706e-05,15673.8
129030,1.332903,1.208090,6.77197651e-05,15674.9
129040,1.227466,1.417450,6.77022631e-05,15676.0
129050,1.339050,1.288318,6.76847644e-05,15677.2
129060,1.391366,1.405996,6.76672692e-05,15678.3
129070,1.255246,1.330299,6.76497774e-05,15679.4
129080,1.468208,1.439683,6.76322889e-05,15680.6
129090,1.334907,1.399360,6.76148039e-05,15681.7
129100,1.219899,1.279208,6.75973222e-05,15682.8
129110,1.350005,1.347149,6.75798440e-05,15683.9
129120,1.371831,1.364901,6.75623692e-05,15685.1
129130,1.358821,1.341551,6.75448978e-05,15686.2
129140,1.311886,1.409729,6.75274298e-05,15687.3
129150,1.293828,1.283682,6.75099652e-05,15688.4
129160,1.297300,1.352866,6.74925040e-05,15689.6
129170,1.339933,1.399713,6.74750462e-05,15690.7
129180,1.337482,1.260816,6.74575919e-05,15691.8
129190,1.369221,1.316594,6.74401409e-05,15693.0
129200,1.297442,1.331057,6.74226934e-05,15694.1
129210,1.368441,1.334341,6.74052493e-05,15695.2
129220,1.420456,1.348623,6.73878085e-05,15696.4
129230,1.311112,1.303109,6.73703712e-05,15697.5
129240,1.318399,1.449305,6.73529373e-05,15698.6
129250,1.339212,1.283690,6.73355069e-05,15699.7
129260,1.423442,1.305625,6.73180798e-05,15700.9
129270,1.340044,1.332980,6.73006562e-05,15702.0
129280,1.415115,1.398315,6.72832359e-05,15703.2
129290,1.329577,1.320380,6.72658191e-05,15704.3
129300,1.346653,1.421922,6.72484057e-05,15705.4
129310,1.284376,1.385000,6.72309958e-05,15706.6
129320,1.309016,1.411793,6.72135892e-05,15707.7
129330,1.273600,1.431123,6.71961861e-05,15708.8
129340,1.295318,1.288503,6.71787864e-05,15710.0
129350,1.322775,1.330265,6.71613901e-05,15711.1
129360,1.337953,1.390474,6.71439972e-05,15712.3
129370,1.365733,1.398818,6.71266077e-05,15713.4
129380,1.249816,1.382575,6.71092217e-05,15714.5
129390,1.299755,1.469321,6.70918391e-05,15715.7
129400,1.303342,1.343016,6.70744599e-05,15716.9
129410,1.327236,1.368366,6.70570842e-05,15718.0
129420,1.308624,1.359596,6.70397118e-05,15719.2
129430,1.309582,1.289036,6.70223429e-05,15720.3
129440,1.319123,1.350339,6.70049774e-05,15721.4
129450,1.335367,1.310217,6.69876154e-05,15722.6
129460,1.337208,1.340447,6.69702567e-05,15723.7
129470,1.294858,1.215190,6.69529016e-05,15724.8
129480,1.311232,1.462821,6.69355498e-05,15726.0
129490,1.408587,1.308988,6.69182014e-05,15727.1
129500,1.324510,1.353569,6.69008565e-05,15728.2
129510,1.242257,1.364816,6.68835150e-05,15729.7
129520,1.382946,1.326262,6.68661770e-05,15730.9
129530,1.363007,1.345229,6.68488424e-05,15732.0
129540,1.340612,1.305353,6.68315112e-05,15733.2
129550,1.313487,1.201295,6.68141834e-05,15734.4
129560,1.267125,1.302836,6.67968591e-05,15735.5
129570,1.458924,1.356517,6.67795382e-05,15736.7
129580,1.394921,1.384015,6.67622208e-05,15737.8
129590,1.319651,1.310444,6.67449068e-05,15739.0
129600,1.355008,1.396164,6.67275962e-05,15740.1
129610,1.367899,1.245341,6.67102890e-05,15741.3
129620,1.379267,1.395287,6.66929853e-05,15742.4
129630,1.283243,1.429014,6.66756851e-05,15743.5
129640,1.301824,1.456735,6.66583882e-05,15744.7
129650,1.416206,1.362359,6.66410948e-05,15745.8
129660,1.293898,1.325463,6.66238049e-05,15747.0
129670,1.298308,1.291663,6.66065184e-05,15748.1
129680,1.270966,1.361718,6.65892353e-05,15749.3
129690,1.272638,1.362646,6.65719557e-05,15750.5
129700,1.399690,1.390105,6.65546795e-05,15751.6
129710,1.383859,1.442846,6.65374067e-05,15752.8
129720,1.256547,1.398316,6.65201374e-05,15753.9
129730,1.384604,1.318273,6.65028716e-05,15755.1
129740,1.274639,1.383705,6.64856092e-05,15756.2
129750,1.380235,1.315241,6.64683502e-05,15757.3
129760,1.260871,1.469491,6.64510947e-05,15758.4
129770,1.318880,1.330461,6.64338426e-05,15759.6
129780,1.280552,1.378537,6.64165940e-05,15760.7
129790,1.372157,1.310817,6.63993488e-05,15761.9
129800,1.290617,1.428201,6.63821070e-05,15763.0
129810,1.243220,1.305235,6.63648687e-05,15764.1
129820,1.334892,1.335031,6.63476339e-05,15765.2
129830,1.312121,1.357014,6.63304025e-05,15766.4
129840,1.396513,1.446309,6.63131746e-05,15767.5
129850,1.362039,1.388780,6.62959501e-05,15768.6
129860,1.261059,1.385597,6.62787291e-05,15769.8
129870,1.277660,1.355440,6.62615115e-05,15770.9
129880,1.388557,1.365279,6.62442973e-05,15772.0
129890,1.253603,1.339440,6.62270867e-05,15773.1
129900,1.255145,1.408562,6.62098794e-05,15774.2
129910,1.347784,1.456126,6.61926757e-05,15775.4
129920,1.355781,1.325204,6.61754754e-05,15776.5
129930,1.211753,1.388665,6.61582785e-05,15777.6
129940,1.354568,1.442077,6.61410851e-05,15778.8
129950,1.287395,1.409390,6.61238952e-05,15779.9
129960,1.275897,1.349837,6.61067087e-05,15781.0
129970,1.334496,1.434335,6.60895256e-05,15782.1
129980,1.497758,1.404125,6.60723461e-05,15783.3
129990,1.243292,1.397514,6.60551700e-05,15784.4
130000,1.426637,1.254873,6.60379973e-05,15785.5
130010,1.339819,1.405556,6.60208281e-05,15786.8
130020,1.137367,1.425810,6.60036624e-05,15787.9
130030,1.291771,1.382803,6.59865001e-05,15789.1
130040,1.358332,1.317953,6.59693413e-05,15790.2
130050,1.422809,1.393478,6.59521860e-05,15791.3
130060,1.326988,1.277987,6.59350341e-05,15792.4
130070,1.350566,1.287655,6.59178857e-05,15793.6
130080,1.354843,1.300752,6.59007407e-05,15794.7
130090,1.448403,1.320223,6.58835992e-05,15795.8
130100,1.206876,1.290183,6.58664612e-05,15797.0
130110,1.326431,1.413088,6.58493267e-05,15798.1
130120,1.340744,1.319892,6.58321956e-05,15799.2
130130,1.402415,1.245319,6.58150680e-05,15800.3
130140,1.298714,1.456634,6.57979438e-05,15801.4
130150,1.371911,1.468626,6.57808231e-05,15802.6
130160,1.313909,1.370616,6.57637059e-05,15803.7
130170,1.375883,1.348943,6.57465922e-05,15804.8
130180,1.274758,1.265230,6.57294819e-05,15805.9
130190,1.376071,1.309270,6.57123751e-05,15807.0
130200,1.320536,1.275934,6.56952718e-05,15808.2
130210,1.288517,1.480141,6.56781720e-05,15809.3
130220,1.234843,1.413246,6.56610756e-05,15810.4
130230,1.315638,1.304438,6.56439827e-05,15811.6
130240,1.359119,1.332495,6.56268932e-05,15812.7
130250,1.343839,1.362136,6.56098073e-05,15813.8
130260,1.254528,1.302891,6.55927248e-05,15814.9
130270,1.372602,1.389966,6.55756458e-05,15816.0
130280,1.421676,1.323400,6.55585703e-05,15817.2
130290,1.338022,1.363709,6.55414982e-05,15818.3
130300,1.372389,1.275000,6.55244296e-05,15819.4
130310,1.277419,1.382667,6.55073646e-05,15820.6
130320,1.326494,1.424655,6.54903029e-05,15821.7
130330,1.328120,1.297551,6.54732448e-05,15822.8
130340,1.432503,1.504040,6.54561901e-05,15823.9
130350,1.396277,1.334639,6.54391390e-05,15825.0
130360,1.369899,1.328061,6.54220913e-05,15826.1
130370,1.284974,1.250787,6.54050471e-05,15827.3
130380,1.339229,1.397761,6.53880063e-05,15828.4
130390,1.338437,1.368051,6.53709691e-05,15829.5
130400,1.521778,1.330397,6.53539353e-05,15830.6
130410,1.328478,1.363869,6.53369051e-05,15831.7
130420,1.297636,1.370918,6.53198783e-05,15832.9
130430,1.382510,1.408387,6.53028550e-05,15834.0
130440,1.387684,1.414303,6.52858351e-05,15835.1
130450,1.266322,1.339135,6.52688188e-05,15836.2
130460,1.289080,1.398363,6.52518060e-05,15837.4
130470,1.445602,1.434576,6.52347966e-05,15838.5
130480,1.373131,1.348315,6.52177907e-05,15839.6
130490,1.396067,1.413300,6.52007884e-05,15840.7
130500,1.313642,1.374655,6.51837895e-05,15841.8
130510,1.417574,1.406623,6.51667941e-05,15843.1
130520,1.393532,1.444689,6.51498022e-05,15844.3
130530,1.348937,1.237153,6.51328138e-05,15845.4
130540,1.338637,1.358838,6.51158288e-05,15846.5
130550,1.366909,1.297530,6.50988474e-05,15847.6
130560,1.324872,1.311765,6.50818695e-05,15848.8
130570,1.397984,1.258071,6.50648950e-05,15849.9
130580,1.396259,1.317997,6.50479241e-05,15851.0
130590,1.383775,1.364342,6.50309566e-05,15852.2
130600,1.279261,1.355806,6.50139927e-05,15853.3
130610,1.299973,1.388764,6.49970322e-05,15854.4
130620,1.378027,1.341397,6.49800752e-05,15855.6
130630,1.328709,1.394458,6.49631218e-05,15856.7
130640,1.331406,1.385146,6.49461718e-05,15857.8
130650,1.370436,1.447152,6.49292253e-05,15859.0
130660,1.336412,1.379852,6.49122824e-05,15860.1
130670,1.265431,1.310453,6.48953429e-05,15861.2
130680,1.305452,1.450225,6.48784069e-05,15862.3
130690,1.254575,1.325886,6.48614745e-05,15863.5
130700,1.341939,1.334922,6.48445455e-05,15864.6
130710,1.375562,1.331910,6.48276200e-05,15865.7
130720,1.316530,1.400695,6.48106981e-05,15866.8
130730,1.313243,1.320608,6.47937796e-05,15868.0
130740,1.391039,1.318002,6.47768647e-05,15869.1
130750,1.351014,1.285545,6.47599532e-05,15870.2
130760,1.367020,1.292398,6.47430453e-05,15871.3
130770,1.337016,1.368975,6.47261408e-05,15872.4
130780,1.327015,1.385331,6.47092399e-05,15873.6
130790,1.272469,1.335809,6.46923425e-05,15874.7
130800,1.388307,1.342993,6.46754486e-05,15875.9
130810,1.495271,1.308477,6.46585582e-05,15877.1
130820,1.192907,1.339846,6.46416713e-05,15878.3
130830,1.352845,1.253107,6.46247879e-05,15879.4
130840,1.337470,1.202532,6.46079080e-05,15880.7
130850,1.251243,1.310890,6.45910316e-05,15881.9
130860,1.318171,1.378952,6.45741588e-05,15883.0
130870,1.310835,1.258427,6.45572894e-05,15884.2
130880,1.395226,1.290165,6.45404236e-05,15885.3
130890,1.352445,1.385899,6.45235613e-05,15886.4
130900,1.351750,1.304414,6.45067024e-05,15887.5
130910,1.333473,1.290621,6.44898472e-05,15888.6
130920,1.346018,1.284542,6.44729954e-05,15889.8
130930,1.388143,1.204917,6.44561471e-05,15890.9
130940,1.270154,1.383643,6.44393024e-05,15892.0
130950,1.289034,1.361423,6.44224611e-05,15893.2
130960,1.252472,1.380132,6.44056234e-05,15894.3
130970,1.430291,1.300852,6.43887892e-05,15895.4
130980,1.289945,1.273489,6.43719585e-05,15896.5
130990,1.312606,1.335659,6.43551314e-05,15897.7
131000,1.402209,1.325491,6.43383077e-05,15898.8
131010,1.407086,1.439018,6.43214876e-05,15900.1
131020,1.268828,1.349266,6.43046710e-05,15901.3
131030,1.328600,1.361642,6.42878579e-05,15902.4
131040,1.382693,1.382161,6.42710484e-05,15903.6
131050,1.364365,1.395207,6.42542424e-05,15904.7
131060,1.294021,1.294991,6.42374398e-05,15905.8
131070,1.284226,1.384728,6.42206409e-05,15906.9
131080,1.271512,1.363127,6.42038454e-05,15908.1
131090,1.285434,1.269822,6.41870535e-05,15909.2
131100,1.325419,1.365624,6.41702650e-05,15910.3
131110,1.297127,1.379730,6.41534802e-05,15911.4
131120,1.284534,1.264918,6.41366988e-05,15912.6
131130,1.296253,1.335090,6.41199210e-05,15913.7
131140,1.281875,1.308758,6.41031467e-05,15914.8
131150,1.208273,1.428442,6.40863759e-05,15915.9
131160,1.314409,1.291233,6.40696086e-05,15917.1
131170,1.427375,1.371989,6.40528449e-05,15918.2
131180,1.343895,1.407282,6.40360847e-05,15919.4
131190,1.269304,1.334359,6.40193281e-05,15920.5
131200,1.235394,1.403458,6.40025749e-05,15921.6
131210,1.343443,1.304159,6.39858253e-05,15922.8
131220,1.386328,1.308587,6.39690793e-05,15923.9
131230,1.309585,1.342155,6.39523367e-05,15925.0
131240,1.376360,1.265439,6.39355977e-05,15926.2
131250,1.231851,1.404643,6.39188623e-05,15927.4
131260,1.265386,1.390662,6.39021303e-05,15928.5
131270,1.411877,1.351013,6.38854020e-05,15929.6
131280,1.241101,1.502353,6.38686771e-05,15930.7
131290,1.323666,1.324492,6.38519558e-05,15931.9
131300,1.246325,1.295423,6.38352380e-05,15933.0
131310,1.396255,1.343898,6.38185237e-05,15934.2
131320,1.288762,1.380231,6.38018130e-05,15935.4
131330,1.332552,1.337857,6.37851059e-05,15936.5
131340,1.465175,1.257541,6.37684022e-05,15937.7
131350,1.286035,1.285092,6.37517021e-05,15938.8
131360,1.272416,1.362986,6.37350056e-05,15940.0
131370,1.275945,1.377738,6.37183126e-05,15941.1
131380,1.418582,1.432468,6.37016231e-05,15942.3
131390,1.251672,1.389137,6.36849372e-05,15943.4
131400,1.296340,1.267742,6.36682548e-05,15944.5
131410,1.335948,1.402680,6.36515760e-05,15945.7
131420,1.319587,1.327423,6.36349007e-05,15946.8
131430,1.217154,1.383222,6.36182289e-05,15947.9
131440,1.367379,1.308719,6.36015607e-05,15949.1
131450,1.386955,1.356408,6.35848961e-05,15950.2
131460,1.321870,1.371332,6.35682350e-05,15951.3
131470,1.406573,1.332413,6.35515774e-05,15952.4
131480,1.350620,1.392757,6.35349234e-05,15953.6
131490,1.431722,1.435782,6.35182729e-05,15954.7
131500,1.459226,1.281282,6.35016260e-05,15955.8
131510,1.266627,1.382418,6.34849826e-05,15957.2
131520,1.379736,1.331327,6.34683428e-05,15958.3
131530,1.302045,1.322971,6.34517065e-05,15959.4
131540,1.296048,1.321509,6.34350738e-05,15960.6
131550,1.518790,1.366856,6.34184446e-05,15961.7
131560,1.383664,1.342702,6.34018190e-05,15962.9
131570,1.374732,1.301323,6.33851970e-05,15964.1
131580,1.329955,1.249856,6.33685784e-05,15965.2
131590,1.319167,1.324647,6.33519635e-05,15966.3
131600,1.314589,1.270010,6.33353521e-05,15967.5
131610,1.347224,1.326703,6.33187442e-05,15968.7
131620,1.320803,1.322610,6.33021400e-05,15970.0
131630,1.255290,1.428322,6.32855392e-05,15971.3
131640,1.461244,1.289152,6.32689420e-05,15972.6
131650,1.398944,1.301247,6.32523484e-05,15973.8
131660,1.427120,1.257970,6.32357584e-05,15974.9
131670,1.369597,1.419173,6.32191719e-05,15976.1
131680,1.427551,1.316920,6.32025889e-05,15977.2
131690,1.297357,1.343325,6.31860095e-05,15978.4
131700,1.397655,1.351677,6.31694337e-05,15979.5
131710,1.396434,1.433203,6.31528614e-05,15980.7
131720,1.483402,1.327531,6.31362927e-05,15981.8
131730,1.352221,1.280879,6.31197276e-05,15983.0
131740,1.280868,1.432405,6.31031660e-05,15984.1
131750,1.352329,1.309654,6.30866080e-05,15985.3
131760,1.388566,1.376040,6.30700535e-05,15986.4
131770,1.388509,1.364850,6.30535027e-05,15987.6
131780,1.328945,1.420864,6.30369553e-05,15988.7
131790,1.289712,1.383545,6.30204116e-05,15989.9
131800,1.407538,1.294996,6.30038714e-05,15991.0
131810,1.273313,1.306255,6.29873348e-05,15992.2
131820,1.412259,1.311571,6.29708017e-05,15993.3
131830,1.337114,1.418982,6.29542722e-05,15994.5
131840,1.249887,1.303033,6.29377463e-05,15995.6
131850,1.310952,1.519668,6.29212240e-05,15996.8
131860,1.320761,1.256745,6.29047052e-05,15998.0
131870,1.227943,1.366104,6.28881900e-05,15999.1
131880,1.350206,1.380292,6.28716783e-05,16000.2
131890,1.356091,1.314802,6.28551703e-05,16001.4
131900,1.302107,1.290906,6.28386658e-05,16002.5
131910,1.427115,1.309283,6.28221648e-05,16003.7
131920,1.412474,1.351224,6.28056675e-05,16004.8
131930,1.423683,1.473804,6.27891737e-05,16006.0
131940,1.319515,1.385524,6.27726835e-05,16007.1
131950,1.232867,1.395814,6.27561969e-05,16008.3
131960,1.321805,1.420959,6.27397138e-05,16009.5
131970,1.376986,1.421589,6.27232343e-05,16010.6
131980,1.367927,1.351562,6.27067584e-05,16011.8
131990,1.304126,1.280367,6.26902861e-05,16012.9
132000,1.318734,1.405971,6.26738174e-05,16014.1
132010,1.301559,1.228596,6.26573522e-05,16015.5
132020,1.381517,1.401450,6.26408906e-05,16016.6
132030,1.278825,1.451949,6.26244326e-05,16017.7
132040,1.324792,1.382215,6.26079782e-05,16018.9
132050,1.363700,1.471359,6.25915273e-05,16020.0
132060,1.440624,1.352641,6.25750801e-05,16021.2
132070,1.296097,1.346859,6.25586364e-05,16022.3
132080,1.269679,1.373956,6.25421963e-05,16023.4
132090,1.303827,1.353817,6.25257597e-05,16024.6
132100,1.342115,1.334857,6.25093268e-05,16025.7
132110,1.287929,1.408157,6.24928975e-05,16026.9
132120,1.276967,1.349618,6.24764717e-05,16028.0
132130,1.297541,1.269869,6.24600495e-05,16029.1
132140,1.328075,1.375799,6.24436309e-05,16030.3
132150,1.442835,1.172581,6.24272159e-05,16031.4
132160,1.296234,1.350635,6.24108045e-05,16032.5
132170,1.354115,1.436642,6.23943966e-05,16033.7
132180,1.315334,1.410587,6.23779924e-05,16034.8
132190,1.278613,1.313620,6.23615917e-05,16035.9
132200,1.326593,1.288183,6.23451946e-05,16037.0
132210,1.250023,1.384043,6.23288012e-05,16038.2
132220,1.306530,1.294371,6.23124113e-05,16039.3
132230,1.394862,1.315336,6.22960250e-05,16040.4
132240,1.286083,1.246661,6.22796423e-05,16041.5
132250,1.377203,1.315425,6.22632631e-05,16042.7
132260,1.415448,1.384506,6.22468876e-05,16043.8
132270,1.272577,1.275400,6.22305157e-05,16044.9
132280,1.317354,1.316476,6.22141473e-05,16046.0
132290,1.300931,1.275277,6.21977826e-05,16047.2
132300,1.272041,1.389879,6.21814214e-05,16048.3
132310,1.378115,1.284393,6.21650639e-05,16049.5
132320,1.360400,1.337936,6.21487099e-05,16050.6
132330,1.237017,1.373315,6.21323596e-05,16051.7
132340,1.412798,1.341713,6.21160128e-05,16052.8
132350,1.323307,1.297955,6.20996696e-05,16054.0
132360,1.211692,1.428654,6.20833301e-05,16055.1
132370,1.348664,1.420454,6.20669941e-05,16056.2
132380,1.341635,1.431905,6.20506617e-05,16057.3
132390,1.332288,1.438443,6.20343330e-05,16058.4
132400,1.420449,1.299597,6.20180078e-05,16059.6
132410,1.287328,1.406839,6.20016862e-05,16060.7
132420,1.320095,1.334234,6.19853683e-05,16061.8
132430,1.287650,1.347911,6.19690539e-05,16063.0
132440,1.352319,1.333409,6.19527431e-05,16064.1
132450,1.384916,1.327988,6.19364360e-05,16065.2
132460,1.299148,1.428340,6.19201324e-05,16066.3
132470,1.450574,1.386163,6.19038325e-05,16067.4
132480,1.254194,1.312640,6.18875361e-05,16068.6
132490,1.286517,1.412385,6.18712434e-05,16069.7
132500,1.369015,1.337933,6.18549543e-05,16070.8
132510,1.368842,1.407585,6.18386687e-05,16072.2
132520,1.291485,1.370752,6.18223868e-05,16073.3
132530,1.400707,1.319225,6.18061085e-05,16074.4
132540,1.333213,1.251702,6.17898338e-05,16075.5
132550,1.267461,1.308757,6.17735627e-05,16076.7
132560,1.348174,1.394896,6.17572952e-05,16077.8
132570,1.349184,1.349017,6.17410314e-05,16079.0
132580,1.391758,1.338910,6.17247711e-05,16080.1
132590,1.287201,1.433889,6.17085145e-05,16081.2
132600,1.325340,1.435882,6.16922614e-05,16082.3
132610,1.262271,1.291064,6.16760120e-05,16083.4
132620,1.382410,1.428835,6.16597662e-05,16084.6
132630,1.288536,1.328618,6.16435240e-05,16085.7
132640,1.338913,1.378590,6.16272854e-05,16086.8
132650,1.297563,1.397032,6.16110504e-05,16088.0
132660,1.542826,1.265948,6.15948191e-05,16089.1
132670,1.290361,1.378493,6.15785913e-05,16090.2
132680,1.297478,1.399402,6.15623672e-05,16091.3
132690,1.401924,1.345641,6.15461467e-05,16092.5
132700,1.277016,1.240889,6.15299298e-05,16093.6
132710,1.274374,1.344010,6.15137166e-05,16094.8
132720,1.373972,1.283615,6.14975069e-05,16095.9
132730,1.362534,1.430891,6.14813009e-05,16097.0
132740,1.296589,1.284544,6.14650985e-05,16098.2
132750,1.271106,1.306729,6.14488997e-05,16099.3
132760,1.264427,1.319114,6.14327045e-05,16100.4
132770,1.265264,1.305401,6.14165130e-05,16101.6
132780,1.308416,1.269044,6.14003250e-05,16102.7
132790,1.316740,1.343886,6.13841407e-05,16103.8
132800,1.325702,1.321110,6.13679601e-05,16105.0
132810,1.385828,1.297557,6.13517830e-05,16106.1
132820,1.309570,1.375930,6.13356096e-05,16107.2
132830,1.420791,1.298557,6.13194398e-05,16108.4
132840,1.329966,1.390369,6.13032736e-05,16109.5
132850,1.346082,1.313235,6.12871110e-05,16110.6
132860,1.411342,1.370063,6.12709521e-05,16111.8
132870,1.275451,1.391475,6.12547968e-05,16112.9
132880,1.317990,1.432077,6.12386451e-05,16114.0
132890,1.422495,1.441582,6.12224971e-05,16115.2
132900,1.296064,1.406968,6.12063527e-05,16116.3
132910,1.336468,1.305343,6.11902119e-05,16117.4
132920,1.362729,1.377345,6.11740747e-05,16118.5
132930,1.328424,1.340194,6.11579412e-05,16119.6
132940,1.306205,1.284231,6.11418113e-05,16120.8
132950,1.275183,1.321584,6.11256851e-05,16121.9
132960,1.409646,1.380356,6.11095624e-05,16123.0
132970,1.295721,1.356455,6.10934434e-05,16124.2
132980,1.263093,1.416223,6.10773281e-05,16125.3
132990,1.389952,1.368934,6.10612163e-05,16126.5
133000,1.346419,1.325683,6.10451082e-05,16127.6
133010,1.300003,1.321885,6.10290038e-05,16128.9
133020,1.300191,1.288260,6.10129030e-05,16130.1
133030,1.320698,1.381480,6.09968058e-05,16131.2
133040,1.379422,1.329699,6.09807122e-05,16132.3
133050,1.292973,1.308063,6.09646223e-05,16133.4
133060,1.305874,1.358428,6.09485360e-05,16134.5
133070,1.363453,1.367706,6.09324534e-05,16135.7
133080,1.277472,1.335547,6.09163744e-05,16136.8
133090,1.284840,1.405966,6.09002990e-05,16137.9
133100,1.272321,1.311895,6.08842273e-05,16139.1
133110,1.297227,1.296630,6.08681593e-05,16140.2
133120,1.328954,1.364446,6.08520948e-05,16141.3
133130,1.371970,1.395979,6.08360340e-05,16142.4
133140,1.282722,1.357790,6.08199769e-05,16143.6
133150,1.231387,1.367771,6.08039234e-05,16144.7
133160,1.303612,1.241032,6.07878735e-05,16145.8
133170,1.308728,1.404804,6.07718273e-05,16146.9
133180,1.420625,1.343087,6.07557847e-05,16148.1
133190,1.253415,1.370811,6.07397458e-05,16149.2
133200,1.306923,1.341907,6.07237105e-05,16150.3
133210,1.343013,1.385372,6.07076789e-05,16151.4
133220,1.271178,1.427693,6.06916509e-05,16152.6
133230,1.333946,1.329888,6.06756265e-05,16153.7
133240,1.288178,1.395004,6.06596058e-05,16154.8
133250,1.273201,1.400348,6.06435888e-05,16156.0
133260,1.310335,1.367332,6.06275754e-05,16157.1
133270,1.521548,1.371722,6.06115657e-05,16158.3
133280,1.246941,1.346450,6.05955596e-05,16159.5
133290,1.437144,1.408969,6.05795571e-05,16160.6
133300,1.293629,1.376413,6.05635583e-05,16161.8
133310,1.325045,1.325863,6.05475632e-05,16163.0
133320,1.361044,1.336514,6.05315717e-05,16164.1
133330,1.302042,1.282025,6.05155839e-05,16165.2
133340,1.344251,1.380432,6.04995997e-05,16166.4
133350,1.356565,1.385014,6.04836191e-05,16167.5
133360,1.362454,1.454604,6.04676423e-05,16168.7
133370,1.309033,1.286662,6.04516690e-05,16169.8
133380,1.271512,1.406330,6.04356995e-05,16171.0
133390,1.251982,1.275260,6.04197336e-05,16172.2
133400,1.240053,1.415326,6.04037713e-05,16173.5
133410,1.229089,1.430209,6.03878127e-05,16174.7
133420,1.305511,1.236144,6.03718578e-05,16175.8
133430,1.391312,1.340913,6.03559065e-05,16177.0
133440,1.348364,1.423575,6.03399589e-05,16178.1
133450,1.303744,1.214406,6.03240150e-05,16179.2
133460,1.367299,1.252794,6.03080747e-05,16180.3
133470,1.305287,1.391254,6.02921380e-05,16181.5
133480,1.334379,1.334798,6.02762051e-05,16182.7
133490,1.298961,1.178909,6.02602758e-05,16183.8
133500,1.359870,1.388062,6.02443501e-05,16185.0
133510,1.334428,1.361702,6.02284281e-05,16186.3
133520,1.300476,1.312561,6.02125098e-05,16187.4
133530,1.313697,1.241030,6.01965951e-05,16188.6
133540,1.298169,1.305830,6.01806842e-05,16189.7
133550,1.246586,1.298813,6.01647768e-05,16190.9
133560,1.306351,1.401101,6.01488732e-05,16192.0
133570,1.369449,1.273868,6.01329732e-05,16193.2
133580,1.335578,1.525095,6.01170769e-05,16194.3
133590,1.394496,1.402384,6.01011842e-05,16195.5
133600,1.270882,1.339180,6.00852952e-05,16196.6
133610,1.378937,1.348519,6.00694099e-05,16197.7
133620,1.350422,1.378002,6.00535282e-05,16198.9
133630,1.326328,1.301164,6.00376502e-05,16200.0
133640,1.335275,1.292308,6.00217759e-05,16201.1
133650,1.259920,1.364437,6.00059053e-05,16202.3
133660,1.351161,1.408787,5.99900383e-05,16203.4
133670,1.374579,1.342879,5.99741750e-05,16204.6
133680,1.337563,1.401209,5.99583154e-05,16205.7
133690,1.351058,1.190938,5.99424594e-05,16206.9
133700,1.399454,1.474223,5.99266072e-05,16208.0
133710,1.446015,1.268400,5.99107586e-05,16209.1
133720,1.319552,1.340290,5.98949136e-05,16210.2
133730,1.304430,1.301987,5.98790724e-05,16211.4
133740,1.330847,1.327026,5.98632348e-05,16212.5
133750,1.222906,1.311260,5.98474009e-05,16213.6
133760,1.349453,1.396939,5.98315707e-05,16214.8
133770,1.276353,1.349971,5.98157441e-05,16215.9
133780,1.279749,1.267458,5.97999213e-05,16217.1
133790,1.356132,1.430280,5.97841021e-05,16218.2
133800,1.369806,1.285468,5.97682866e-05,16219.3
133810,1.435721,1.388768,5.97524747e-05,16220.5
133820,1.382771,1.356678,5.97366666e-05,16221.6
133830,1.291613,1.292762,5.97208621e-05,16222.7
133840,1.283441,1.369066,5.97050613e-05,16223.9
133850,1.371995,1.477791,5.96892642e-05,16225.0
133860,1.412435,1.301486,5.96734708e-05,16226.1
133870,1.350527,1.311963,5.96576811e-05,16227.3
133880,1.329159,1.301123,5.96418950e-05,16228.4
133890,1.435189,1.276099,5.96261126e-05,16229.6
133900,1.283954,1.262680,5.96103340e-05,16230.7
133910,1.327645,1.341727,5.95945589e-05,16231.8
133920,1.420471,1.328150,5.95787876e-05,16233.0
133930,1.240473,1.335011,5.95630200e-05,16234.1
133940,1.245948,1.251903,5.95472561e-05,16235.2
133950,1.381774,1.362893,5.95314958e-05,16236.3
133960,1.340453,1.424827,5.95157392e-05,16237.5
133970,1.266091,1.362342,5.94999864e-05,16238.7
133980,1.279303,1.416398,5.94842372e-05,16239.8
133990,1.440069,1.418926,5.94684917e-05,16241.0
134000,1.449519,1.412688,5.94527499e-05,16242.2
134010,1.326220,1.342613,5.94370117e-05,16243.5
134020,1.333198,1.375659,5.94212773e-05,16244.7
134030,1.275559,1.299022,5.94055466e-05,16245.8
134040,1.340661,1.235099,5.93898195e-05,16246.9
134050,1.348411,1.245619,5.93740962e-05,16248.1
134060,1.281296,1.242680,5.93583765e-05,16249.2
134070,1.274106,1.337046,5.93426606e-05,16250.3
134080,1.309900,1.357887,5.93269483e-05,16251.5
134090,1.311690,1.356932,5.93112397e-05,16252.6
134100,1.312170,1.405755,5.92955349e-05,16253.8
134110,1.305415,1.476155,5.92798337e-05,16254.9
134120,1.248040,1.255643,5.92641362e-05,16256.0
134130,1.346731,1.383760,5.92484424e-05,16257.2
134140,1.301036,1.432753,5.92327523e-05,16258.3
134150,1.294032,1.427956,5.92170659e-05,16259.4
134160,1.347431,1.376808,5.92013833e-05,16260.6
134170,1.356206,1.411136,5.91857043e-05,16261.7
134180,1.326784,1.364572,5.91700290e-05,16262.9
134190,1.370144,1.303797,5.91543574e-05,16264.0
134200,1.318318,1.269035,5.91386895e-05,16265.2
134210,1.372792,1.199036,5.91230253e-05,16266.3
134220,1.259319,1.360517,5.91073648e-05,16267.5
134230,1.307310,1.264008,5.90917081e-05,16268.6
134240,1.351138,1.369614,5.90760550e-05,16269.7
134250,1.258964,1.351450,5.90604056e-05,16270.9
134260,1.260275,1.398434,5.90447599e-05,16272.1
134270,1.226937,1.483499,5.90291180e-05,16273.2
134280,1.368982,1.424483,5.90134797e-05,16274.3
134290,1.269048,1.334395,5.89978452e-05,16275.4
134300,1.313532,1.390311,5.89822143e-05,16276.6
134310,1.292489,1.369414,5.89665872e-05,16277.7
134320,1.338812,1.408352,5.89509638e-05,16278.8
134330,1.374576,1.378174,5.89353440e-05,16280.0
134340,1.410207,1.314619,5.89197280e-05,16281.2
134350,1.350127,1.345954,5.89041157e-05,16282.3
134360,1.311915,1.376517,5.88885071e-05,16283.5
134370,1.429121,1.387874,5.88729023e-05,16284.6
134380,1.336432,1.366196,5.88573011e-05,16285.8
134390,1.349416,1.303869,5.88417036e-05,16286.9
134400,1.467557,1.410181,5.88261099e-05,16288.1
134410,1.304828,1.408124,5.88105199e-05,16289.2
134420,1.218125,1.384993,5.87949335e-05,16290.4
134430,1.261783,1.371667,5.87793509e-05,16291.5
134440,1.321702,1.406028,5.87637720e-05,16292.7
134450,1.358904,1.343076,5.87481969e-05,16293.8
134460,1.395180,1.210238,5.87326254e-05,16295.0
134470,1.344692,1.341370,5.87170577e-05,16296.1
134480,1.253967,1.230366,5.87014936e-05,16297.2
134490,1.353360,1.260415,5.86859333e-05,16298.3
134500,1.213647,1.373810,5.86703767e-05,16299.5
134510,1.288245,1.277424,5.86548238e-05,16300.9
134520,1.386160,1.273150,5.86392747e-05,16302.0
134530,1.332693,1.362141,5.86237292e-05,16303.1
134540,1.320248,1.453837,5.86081875e-05,16304.3
134550,1.376348,1.447941,5.85926495e-05,16305.4
134560,1.353108,1.294760,5.85771153e-05,16306.6
134570,1.322851,1.354043,5.85615847e-05,16307.7
134580,1.422522,1.392663,5.85460579e-05,16308.9
134590,1.309676,1.334311,5.85305348e-05,16310.1
134600,1.359846,1.299811,5.85150154e-05,16311.2
134610,1.296252,1.318449,5.84994997e-05,16312.4
134620,1.313049,1.339771,5.84839878e-05,16313.5
134630,1.310658,1.377728,5.84684796e-05,16314.7
134640,1.320706,1.339480,5.84529751e-05,16315.8
134650,1.337790,1.361269,5.84374743e-05,16316.9
134660,1.262461,1.309527,5.84219773e-05,16318.1
134670,1.361692,1.376311,5.84064840e-05,16319.2
134680,1.335711,1.397447,5.83909944e-05,16320.3
134690,1.303687,1.294326,5.83755085e-05,16321.4
134700,1.263272,1.272919,5.83600264e-05,16322.6
134710,1.308587,1.312446,5.83445480e-05,16323.7
134720,1.471127,1.312242,5.83290733e-05,16324.8
134730,1.332826,1.346821,5.83136024e-05,16326.0
134740,1.371996,1.280071,5.82981352e-05,16327.1
134750,1.454630,1.314561,5.82826717e-05,16328.3
134760,1.286837,1.415370,5.82672120e-05,16329.4
134770,1.334600,1.359494,5.82517560e-05,16330.6
134780,1.333833,1.255631,5.82363037e-05,16331.7
134790,1.337524,1.250173,5.82208551e-05,16332.8
134800,1.310123,1.238108,5.82054103e-05,16334.0
134810,1.306926,1.306157,5.81899692e-05,16335.1
134820,1.310253,1.331387,5.81745319e-05,16336.3
134830,1.334850,1.369863,5.81590983e-05,16337.4
134840,1.383757,1.379612,5.81436684e-05,16338.6
134850,1.350996,1.387272,5.81282423e-05,16339.7
134860,1.323857,1.386410,5.81128199e-05,16340.9
134870,1.359161,1.349230,5.80974012e-05,16342.0
134880,1.317441,1.308110,5.80819863e-05,16343.1
134890,1.405965,1.371797,5.80665751e-05,16344.3
134900,1.267892,1.252397,5.80511677e-05,16345.4
134910,1.263369,1.299497,5.80357640e-05,16346.6
134920,1.311507,1.380880,5.80203640e-05,16347.7
134930,1.263353,1.264872,5.80049678e-05,16348.8
134940,1.321911,1.381523,5.79895753e-05,16350.0
134950,1.383353,1.376230,5.79741866e-05,16351.1
134960,1.381964,1.362073,5.79588016e-05,16352.2
134970,1.361652,1.357861,5.79434204e-05,16353.4
134980,1.388792,1.283896,5.79280428e-05,16354.5
134990,1.296428,1.340624,5.79126691e-05,16355.6
135000,1.308125,1.305606,5.78972991e-05,16356.8
135010,1.191299,1.280170,5.78819328e-05,16358.1
135020,1.316219,1.374215,5.78665703e-05,16359.2
135030,1.426869,1.310375,5.78512115e-05,16360.4
135040,1.309314,1.314915,5.78358564e-05,16361.5
135050,1.219979,1.508489,5.78205052e-05,16362.6
135060,1.344590,1.374809,5.78051576e-05,16363.8
135070,1.321085,1.222376,5.77898138e-05,16364.9
135080,1.302522,1.314552,5.77744738e-05,16366.0
135090,1.344404,1.222133,5.77591375e-05,16367.2
135100,1.376988,1.387576,5.77438049e-05,16368.3
135110,1.359564,1.359305,5.77284762e-05,16369.5
135120,1.351484,1.392845,5.77131511e-05,16370.6
135130,1.248018,1.468079,5.76978298e-05,16371.7
135140,1.366335,1.389512,5.76825123e-05,16372.9
135150,1.242074,1.386951,5.76671985e-05,16374.1
135160,1.346772,1.335970,5.76518885e-05,16375.3
135170,1.336950,1.405293,5.76365822e-05,16376.5
135180,1.305281,1.342052,5.76212797e-05,16377.6
135190,1.292886,1.373803,5.76059809e-05,16378.8
135200,1.300594,1.254405,5.75906859e-05,16380.0
135210,1.361924,1.338911,5.75753946e-05,16381.2
135220,1.315446,1.430197,5.75601071e-05,16382.4
135230,1.258844,1.324849,5.75448234e-05,16383.6
135240,1.388286,1.349460,5.75295434e-05,16384.8
135250,1.193753,1.262882,5.75142672e-05,16386.0
135260,1.406741,1.285158,5.74989947e-05,16387.2
135270,1.390003,1.389463,5.74837260e-05,16388.5
135280,1.397683,1.368767,5.74684611e-05,16389.7
135290,1.256097,1.276083,5.74531999e-05,16390.9
135300,1.301268,1.279671,5.74379425e-05,16392.1
135310,1.302593,1.280155,5.74226888e-05,16393.2
135320,1.312542,1.365210,5.74074389e-05,16394.4
135330,1.262984,1.339751,5.73921927e-05,16395.5
135340,1.372871,1.338758,5.73769504e-05,16396.7
135350,1.369197,1.259482,5.73617117e-05,16397.9
135360,1.299872,1.395818,5.73464769e-05,16399.1
135370,1.266499,1.350451,5.73312458e-05,16400.4
135380,1.281219,1.279430,5.73160185e-05,16401.6
135390,1.276718,1.339102,5.73007949e-05,16402.8
135400,1.271756,1.362070,5.72855751e-05,16403.9
135410,1.359601,1.302297,5.72703591e-05,16405.2
135420,1.329808,1.225749,5.72551468e-05,16406.4
135430,1.261137,1.356521,5.72399384e-05,16407.5
135440,1.343469,1.379378,5.72247336e-05,16408.7
135450,1.325929,1.270860,5.72095327e-05,16410.1
135460,1.277787,1.281560,5.71943355e-05,16411.3
135470,1.278479,1.385319,5.71791421e-05,16412.5
135480,1.286117,1.293178,5.71639524e-05,16413.7
135490,1.448974,1.326916,5.71487666e-05,16414.9
135500,1.366851,1.412655,5.71335845e-05,16416.0
135510,1.258729,1.316808,5.71184061e-05,16417.5
135520,1.357787,1.427299,5.71032316e-05,16418.7
135530,1.385644,1.274082,5.70880608e-05,16419.9
135540,1.349073,1.309539,5.70728938e-05,16421.0
135550,1.277331,1.428923,5.70577306e-05,16422.2
135560,1.334761,1.442804,5.70425711e-05,16423.4
135570,1.329859,1.398368,5.70274154e-05,16424.6
135580,1.251864,1.288522,5.70122635e-05,16425.7
135590,1.262320,1.407721,5.69971154e-05,16426.9
135600,1.409748,1.303714,5.69819710e-05,16428.0
135610,1.411756,1.359265,5.69668304e-05,16429.2
135620,1.270126,1.520225,5.69516936e-05,16430.4
135630,1.267473,1.386958,5.69365606e-05,16431.7
135640,1.297098,1.353139,5.69214314e-05,16432.9
135650,1.437937,1.377508,5.69063059e-05,16434.1
135660,1.351967,1.288119,5.68911842e-05,16435.3
135670,1.364578,1.382947,5.68760663e-05,16436.5
135680,1.317867,1.404949,5.68609522e-05,16437.7
135690,1.316670,1.292280,5.68458418e-05,16438.9
135700,1.308444,1.361075,5.68307353e-05,16440.3
135710,1.329448,1.332850,5.68156325e-05,16441.7
135720,1.309100,1.308738,5.68005335e-05,16443.1
135730,1.375316,1.352258,5.67854383e-05,16444.6
135740,1.333282,1.252756,5.67703469e-05,16446.0
135750,1.294655,1.318104,5.67552592e-05,16447.4
135760,1.260690,1.378753,5.67401754e-05,16448.8
135770,1.407392,1.272787,5.67250953e-05,16450.0
135780,1.309452,1.349945,5.67100190e-05,16451.6
135790,1.286780,1.377715,5.66949465e-05,16453.3
135800,1.409801,1.377534,5.66798778e-05,16454.9
135810,1.289906,1.299784,5.66648129e-05,16456.5
135820,1.320012,1.356518,5.66497518e-05,16458.2
135830,1.426077,1.311987,5.66346944e-05,16459.9
135840,1.378632,1.321675,5.66196408e-05,16461.5
135850,1.272480,1.249908,5.66045911e-05,16463.1
135860,1.251811,1.353276,5.65895451e-05,16464.7
135870,1.419993,1.331236,5.65745029e-05,16466.4
135880,1.292510,1.286916,5.65594645e-05,16468.1
135890,1.224561,1.462893,5.65444299e-05,16469.7
135900,1.385514,1.397134,5.65293991e-05,16471.3
135910,1.337580,1.343243,5.65143721e-05,16473.0
135920,1.335795,1.255314,5.64993489e-05,16474.6
135930,1.315670,1.277767,5.64843294e-05,16476.2
135940,1.273596,1.370445,5.64693138e-05,16477.8
135950,1.251191,1.340149,5.64543020e-05,16479.4
135960,1.257999,1.444043,5.64392939e-05,16481.0
135970,1.400403,1.325235,5.64242897e-05,16482.7
135980,1.303584,1.398663,5.64092892e-05,16484.3
135990,1.427070,1.273508,5.63942926e-05,16485.9
136000,1.282052,1.274248,5.63792997e-05,16487.5
136010,1.295283,1.362638,5.63643107e-05,16489.4
136020,1.316079,1.349275,5.63493254e-05,16491.0
136030,1.387139,1.359610,5.63343440e-05,16492.6
136040,1.418088,1.359967,5.63193663e-05,16494.2
136050,1.398376,1.367675,5.63043924e-05,16495.8
136060,1.266735,1.331582,5.62894224e-05,16497.4
136070,1.269720,1.335535,5.62744561e-05,16498.9
136080,1.356955,1.423592,5.62594937e-05,16500.5
136090,1.249855,1.324666,5.62445350e-05,16502.1
136100,1.287226,1.319137,5.62295802e-05,16503.7
136110,1.360288,1.300996,5.62146291e-05,16505.3
136120,1.284398,1.271865,5.61996819e-05,16506.9
136130,1.328927,1.358434,5.61847385e-05,16508.4
136140,1.318078,1.379842,5.61697988e-05,16510.0
136150,1.387756,1.335571,5.61548630e-05,16511.6
136160,1.302098,1.427588,5.61399310e-05,16513.2
136170,1.408419,1.385143,5.61250028e-05,16514.8
136180,1.358058,1.326661,5.61100784e-05,16516.4
136190,1.266222,1.269786,5.60951578e-05,16518.0
136200,1.405705,1.281744,5.60802410e-05,16519.6
136210,1.253955,1.429379,5.60653280e-05,16521.2
136220,1.302568,1.248987,5.60504188e-05,16522.8
136230,1.301732,1.375444,5.60355135e-05,16524.4
136240,1.240648,1.312292,5.60206119e-05,16525.9
136250,1.365961,1.377424,5.60057142e-05,16527.5
136260,1.227742,1.464007,5.59908203e-05,16529.1
136270,1.284019,1.301289,5.59759301e-05,16530.7
136280,1.351559,1.329319,5.59610438e-05,16532.3
136290,1.326231,1.439221,5.59461613e-05,16533.9
136300,1.391472,1.328415,5.59312827e-05,16535.5
136310,1.257672,1.257171,5.59164078e-05,16537.2
136320,1.387900,1.393546,5.59015368e-05,16538.7
136330,1.258446,1.343017,5.58866695e-05,16540.4
136340,1.354841,1.311810,5.58718061e-05,16541.8
136350,1.372504,1.385373,5.58569465e-05,16543.3
136360,1.391605,1.442752,5.58420907e-05,16545.0
136370,1.353343,1.336381,5.58272388e-05,16546.6
136380,1.315776,1.428071,5.58123906e-05,16548.2
136390,1.302012,1.358893,5.57975463e-05,16549.8
136400,1.379441,1.333633,5.57827058e-05,16551.5
136410,1.283270,1.290673,5.57678691e-05,16553.1
136420,1.270277,1.366269,5.57530362e-05,16554.7
136430,1.219907,1.394165,5.57382071e-05,16556.2
136440,1.294703,1.356707,5.57233819e-05,16557.7
136450,1.282432,1.275375,5.57085605e-05,16559.2
136460,1.255160,1.298529,5.56937429e-05,16560.8
136470,1.291869,1.461299,5.56789291e-05,16562.4
136480,1.280912,1.213783,5.56641192e-05,16564.0
136490,1.352802,1.376789,5.56493131e-05,16565.6
136500,1.328021,1.326825,5.56345108e-05,16567.2
136510,1.316145,1.355616,5.56197123e-05,16569.1
136520,1.417019,1.399032,5.56049176e-05,16570.7
136530,1.384968,1.350385,5.55901268e-05,16572.3
136540,1.314317,1.336053,5.55753398e-05,16573.8
136550,1.343991,1.282112,5.55605567e-05,16575.4
136560,1.315208,1.369243,5.55457773e-05,16577.0
136570,1.273847,1.377448,5.55310018e-05,16578.5
136580,1.272274,1.287590,5.55162301e-05,16580.1
136590,1.250624,1.482662,5.55014622e-05,16581.6
136600,1.283983,1.260485,5.54866982e-05,16583.1
136610,1.307223,1.295281,5.54719380e-05,16584.6
136620,1.345620,1.293446,5.54571816e-05,16586.2
136630,1.364043,1.329566,5.54424291e-05,16587.8
136640,1.353446,1.332509,5.54276804e-05,16589.4
136650,1.240124,1.236273,5.54129355e-05,16591.0
136660,1.345246,1.377233,5.53981945e-05,16592.6
136670,1.289924,1.286413,5.53834572e-05,16594.2
136680,1.263142,1.350967,5.53687239e-05,16595.8
136690,1.337226,1.378853,5.53539943e-05,16597.4
136700,1.304903,1.246915,5.53392686e-05,16599.0
136710,1.365212,1.235485,5.53245467e-05,16600.6
136720,1.297404,1.385908,5.53098287e-05,16602.2
136730,1.267293,1.411456,5.52951145e-05,16603.8
136740,1.353615,1.386189,5.52804041e-05,16605.4
136750,1.422314,1.300594,5.52656976e-05,16607.0
136760,1.366562,1.497891,5.52509949e-05,16608.6
136770,1.391506,1.386497,5.52362960e-05,16610.2
136780,1.398137,1.393712,5.52216010e-05,16611.8
136790,1.366813,1.341819,5.52069098e-05,16613.4
136800,1.389097,1.345006,5.51922225e-05,16615.0
136810,1.355592,1.437115,5.51775390e-05,16616.5
136820,1.317813,1.328247,5.51628593e-05,16618.1
136830,1.338732,1.312108,5.51481835e-05,16619.6
136840,1.217837,1.250956,5.51335115e-05,16621.2
136850,1.261765,1.387020,5.51188434e-05,16622.7
136860,1.238583,1.325536,5.51041791e-05,16624.2
136870,1.275559,1.241448,5.50895186e-05,16625.8
136880,1.286899,1.352986,5.50748620e-05,16627.4
136890,1.318711,1.317757,5.50602093e-05,16629.0
136900,1.260971,1.236241,5.50455603e-05,16630.6
136910,1.217979,1.387592,5.50309153e-05,16632.2
136920,1.306171,1.344091,5.50162740e-05,16633.7
136930,1.355545,1.391293,5.50016366e-05,16635.4
136940,1.272046,1.367552,5.49870031e-05,16636.9
136950,1.420815,1.355329,5.49723734e-05,16638.5
136960,1.372644,1.338553,5.49577476e-05,16640.1
136970,1.320133,1.341548,5.49431256e-05,16641.6
136980,1.336936,1.301514,5.49285074e-05,16643.2
136990,1.315239,1.313949,5.49138931e-05,16644.8
137000,1.303497,1.356423,5.48992827e-05,16646.4
137010,1.313840,1.301787,5.48846761e-05,16648.1
137020,1.176589,1.338111,5.48700733e-05,16649.7
137030,1.336424,1.290131,5.48554745e-05,16651.2
137040,1.315821,1.262190,5.48408794e-05,16652.8
137050,1.278631,1.386770,5.48262882e-05,16654.4
137060,1.404964,1.360180,5.48117009e-05,16656.0
137070,1.387676,1.442276,5.47971174e-05,16657.6
137080,1.324037,1.355401,5.47825378e-05,16659.2
137090,1.398834,1.217111,5.47679620e-05,16660.8
137100,1.337993,1.284308,5.47533901e-05,16662.4
137110,1.272836,1.305745,5.47388220e-05,16663.9
137120,1.322783,1.351753,5.47242578e-05,16665.5
137130,1.362946,1.202351,5.47096974e-05,16667.1
137140,1.310856,1.371491,5.46951409e-05,16668.7
137150,1.451075,1.378179,5.46805883e-05,16670.3
137160,1.227375,1.311885,5.46660395e-05,16672.0
137170,1.261089,1.269771,5.46514946e-05,16673.7
137180,1.368549,1.330628,5.46369535e-05,16675.3
137190,1.344752,1.298605,5.46224163e-05,16676.9
137200,1.286642,1.334261,5.46078829e-05,16678.5
137210,1.353617,1.321248,5.45933534e-05,16680.1
137220,1.281043,1.455050,5.45788278e-05,16681.7
137230,1.248117,1.379497,5.45643061e-05,16683.3
137240,1.248749,1.340175,5.45497881e-05,16684.9
137250,1.315495,1.298127,5.45352741e-05,16686.5
137260,1.281014,1.314635,5.45207639e-05,16688.2
137270,1.364113,1.389340,5.45062576e-05,16690.0
137280,1.195983,1.343231,5.44917552e-05,16691.7
137290,1.332425,1.284011,5.44772566e-05,16693.4
137300,1.397994,1.318655,5.44627618e-05,16695.1
137310,1.427942,1.310249,5.44482710e-05,16696.7
137320,1.244643,1.452900,5.44337840e-05,16698.3
137330,1.324743,1.335050,5.44193009e-05,16699.9
137340,1.278181,1.402909,5.44048216e-05,16701.6
137350,1.344340,1.252180,5.43903462e-05,16703.2
137360,1.320336,1.369469,5.43758747e-05,16704.9
137370,1.274945,1.326134,5.43614070e-05,16706.5
137380,1.228867,1.324219,5.43469433e-05,16708.1
137390,1.338152,1.440469,5.43324833e-05,16709.8
137400,1.249420,1.289587,5.43180273e-05,16711.4
137410,1.274638,1.374765,5.43035751e-05,16712.9
137420,1.235595,1.304483,5.42891268e-05,16714.5
137430,1.270470,1.304994,5.42746824e-05,16716.0
137440,1.421156,1.327852,5.42602418e-05,16717.5
137450,1.306882,1.311915,5.42458051e-05,16719.1
137460,1.380847,1.327806,5.42313723e-05,16720.7
137470,1.386946,1.275667,5.42169434e-05,16722.3
137480,1.316334,1.293395,5.42025183e-05,16723.9
137490,1.290435,1.421224,5.41880971e-05,16725.5
137500,1.321665,1.246199,5.41736798e-05,16727.1
137510,1.363423,1.208064,5.41592663e-05,16728.9
137520,1.271001,1.326284,5.41448568e-05,16730.5
137530,1.341876,1.251763,5.41304511e-05,16732.1
137540,1.371723,1.382614,5.41160493e-05,16733.7
137550,1.313306,1.346292,5.41016513e-05,16735.3
137560,1.340308,1.261199,5.40872573e-05,16736.9
137570,1.342734,1.346372,5.40728671e-05,16738.4
137580,1.321992,1.288033,5.40584808e-05,16740.0
137590,1.302123,1.288691,5.40440984e-05,16741.6
137600,1.287513,1.358915,5.40297198e-05,16743.2
137610,1.360774,1.399629,5.40153452e-05,16744.7
137620,1.357191,1.408581,5.40009744e-05,16746.2
137630,1.274131,1.272148,5.39866075e-05,16747.8
137640,1.252415,1.247309,5.39722445e-05,16749.4
137650,1.313201,1.287304,5.39578853e-05,16751.0
137660,1.296060,1.250932,5.39435301e-05,16752.6
137670,1.359602,1.319507,5.39291787e-05,16754.2
137680,1.360140,1.240605,5.39148312e-05,16755.8
137690,1.343850,1.371146,5.39004876e-05,16757.4
137700,1.377588,1.370251,5.38861479e-05,16759.0
137710,1.292145,1.375878,5.38718121e-05,16760.6
137720,1.281777,1.331124,5.38574801e-05,16762.2
137730,1.204236,1.423705,5.38431521e-05,16763.8
137740,1.296869,1.335235,5.38288279e-05,16765.5
137750,1.373510,1.247579,5.38145076e-05,16767.1
137760,1.425292,1.341514,5.38001912e-05,16768.7
137770,1.304651,1.399120,5.37858787e-05,16770.3
137780,1.357134,1.342977,5.37715701e-05,16771.9
137790,1.416959,1.298206,5.37572654e-05,16773.5
137800,1.366354,1.380911,5.37429645e-05,16775.0
137810,1.338189,1.407873,5.37286676e-05,16776.6
137820,1.302966,1.307851,5.37143745e-05,16778.3
137830,1.324782,1.339970,5.37000854e-05,16780.0
137840,1.300287,1.289867,5.36858001e-05,16781.8
137850,1.372029,1.467454,5.36715187e-05,16783.4
137860,1.432644,1.411740,5.36572412e-05,16785.0
137870,1.402965,1.264992,5.36429676e-05,16786.6
137880,1.399030,1.333721,5.36286979e-05,16788.2
137890,1.377460,1.303205,5.36144321e-05,16789.8
137900,1.364413,1.299472,5.36001702e-05,16791.4
137910,1.321761,1.259082,5.35859122e-05,16792.9
137920,1.320024,1.340391,5.35716581e-05,16794.4
137930,1.342271,1.316612,5.35574079e-05,16796.0
137940,1.373470,1.247631,5.35431615e-05,16797.5
137950,1.280081,1.249995,5.35289191e-05,16799.0
137960,1.299788,1.375340,5.35146806e-05,16800.8
137970,1.317253,1.255236,5.35004460e-05,16802.4
137980,1.278088,1.337922,5.34862152e-05,16803.9
137990,1.259079,1.253565,5.34719884e-05,16805.5
138000,1.314690,1.309636,5.34577655e-05,16807.2
138010,1.372290,1.351442,5.34435464e-05,16809.0
138020,1.344906,1.296009,5.34293313e-05,16810.6
138030,1.338716,1.258894,5.34151201e-05,16812.2
138040,1.371658,1.348300,5.34009128e-05,16813.8
138050,1.357327,1.237934,5.33867093e-05,16815.4
138060,1.319424,1.279637,5.33725098e-05,16816.9
138070,1.331352,1.354567,5.33583142e-05,16818.5
138080,1.293802,1.397364,5.33441225e-05,16820.1
138090,1.331928,1.357945,5.33299347e-05,16821.8
138100,1.267540,1.308275,5.33157508e-05,16823.4
138110,1.298907,1.308872,5.33015708e-05,16824.9
138120,1.370322,1.421876,5.32873947e-05,16826.5
138130,1.324980,1.366971,5.32732225e-05,16828.1
138140,1.258196,1.355118,5.32590542e-05,16829.7
138150,1.300717,1.348478,5.32448898e-05,16831.2
138160,1.435297,1.418249,5.32307294e-05,16832.8
138170,1.340001,1.285380,5.32165728e-05,16834.4
138180,1.230880,1.332977,5.32024202e-05,16836.0
138190,1.292206,1.372667,5.31882714e-05,16837.6
138200,1.405818,1.355311,5.31741266e-05,16839.2
138210,1.413948,1.337259,5.31599857e-05,16840.8
138220,1.441971,1.403634,5.31458487e-05,16842.3
138230,1.377544,1.438918,5.31317156e-05,16843.9
138240,1.234825,1.276299,5.31175864e-05,16845.4
138250,1.329968,1.258662,5.31034611e-05,16847.0
138260,1.302883,1.332583,5.30893398e-05,16848.6
138270,1.205115,1.290713,5.30752223e-05,16850.2
138280,1.281496,1.296749,5.30611088e-05,16851.7
138290,1.217995,1.381553,5.30469992e-05,16853.4
138300,1.372190,1.320604,5.30328935e-05,16855.0
138310,1.356151,1.392979,5.30187917e-05,16856.6
138320,1.311389,1.353126,5.30046938e-05,16858.1
138330,1.287101,1.256504,5.29905999e-05,16859.7
138340,1.321229,1.285817,5.29765098e-05,16861.3
138350,1.273704,1.354800,5.29624237e-05,16862.8
138360,1.337925,1.256541,5.29483415e-05,16864.4
138370,1.291438,1.346415,5.29342632e-05,16865.9
138380,1.342827,1.394934,5.29201889e-05,16867.5
138390,1.313865,1.320512,5.29061184e-05,16869.1
138400,1.435830,1.283095,5.28920519e-05,16870.7
138410,1.312910,1.332982,5.28779893e-05,16872.2
138420,1.229227,1.400255,5.28639306e-05,16873.8
138430,1.312420,1.441203,5.28498758e-05,16875.3
138440,1.390163,1.296782,5.28358250e-05,16876.9
138450,1.258420,1.372189,5.28217781e-05,16878.5
138460,1.297503,1.332858,5.28077351e-05,16880.1
138470,1.335752,1.409565,5.27936960e-05,16881.6
138480,1.310608,1.370382,5.27796609e-05,16883.2
138490,1.270400,1.376278,5.27656296e-05,16884.8
138500,1.346591,1.294308,5.27516023e-05,16886.3
138510,1.274376,1.235973,5.27375790e-05,16888.5
138520,1.283214,1.301443,5.27235595e-05,16890.1
138530,1.325137,1.287902,5.27095440e-05,16891.7
138540,1.363318,1.473681,5.26955324e-05,16893.1
138550,1.318520,1.339037,5.26815247e-05,16894.5
138560,1.247701,1.389370,5.26675210e-05,16895.9
138570,1.430078,1.371053,5.26535212e-05,16897.3
138580,1.364465,1.354610,5.26395253e-05,16898.9
138590,1.356358,1.437803,5.26255333e-05,16900.6
138600,1.246464,1.364769,5.26115453e-05,16902.3
138610,1.274305,1.308787,5.25975612e-05,16904.0
138620,1.297204,1.417969,5.25835810e-05,16905.6
138630,1.321773,1.317344,5.25696048e-05,16907.2
138640,1.264849,1.302470,5.25556325e-05,16908.6
138650,1.309278,1.240548,5.25416641e-05,16910.1
138660,1.370534,1.314982,5.25276997e-05,16911.5
138670,1.429233,1.351265,5.25137392e-05,16912.9
138680,1.368340,1.300205,5.24997826e-05,16914.4
138690,1.311632,1.321985,5.24858300e-05,16915.8
138700,1.378268,1.338822,5.24718813e-05,16917.3
138710,1.408705,1.249201,5.24579365e-05,16918.9
138720,1.231716,1.383759,5.24439957e-05,16920.5
138730,1.305922,1.310788,5.24300588e-05,16922.2
138740,1.340154,1.308020,5.24161258e-05,16923.7
138750,1.284630,1.350109,5.24021968e-05,16925.3
138760,1.327416,1.355280,5.23882717e-05,16926.9
138770,1.202949,1.283273,5.23743506e-05,16928.6
138780,1.392916,1.282963,5.23604334e-05,16930.3
138790,1.354636,1.323444,5.23465201e-05,16932.0
138800,1.334120,1.291240,5.23326107e-05,16933.8
138810,1.361767,1.411557,5.23187054e-05,16935.4
138820,1.263645,1.270850,5.23048039e-05,16937.1
138830,1.426883,1.312751,5.22909064e-05,16938.7
138840,1.206902,1.362184,5.22770128e-05,16940.2
138850,1.377665,1.259408,5.22631232e-05,16941.8
138860,1.356149,1.322521,5.22492375e-05,16943.3
138870,1.360754,1.300785,5.22353558e-05,16944.9
138880,1.338013,1.331841,5.22214780e-05,16946.8
138890,1.366751,1.346674,5.22076041e-05,16948.5
138900,1.372181,1.346796,5.21937342e-05,16950.3
138910,1.366712,1.443528,5.21798682e-05,16951.9
138920,1.356971,1.293629,5.21660062e-05,16953.5
138930,1.319067,1.280710,5.21521481e-05,16955.1
138940,1.216713,1.413679,5.21382940e-05,16956.7
138950,1.446483,1.275050,5.21244438e-05,16958.3
138960,1.312463,1.376348,5.21105976e-05,16959.9
138970,1.182804,1.310894,5.20967553e-05,16961.5
138980,1.264807,1.319455,5.20829170e-05,16963.1
138990,1.359895,1.400793,5.20690826e-05,16964.7
139000,1.419274,1.287485,5.20552521e-05,16966.3
139010,1.226746,1.217758,5.20414256e-05,16968.1
139020,1.324855,1.374116,5.20276031e-05,16969.6
139030,1.280734,1.353436,5.20137845e-05,16971.1
139040,1.253228,1.268178,5.19999699e-05,16972.5
139050,1.301999,1.282710,5.19861592e-05,16974.1
139060,1.402102,1.379887,5.19723524e-05,16975.9
139070,1.353042,1.344910,5.19585496e-05,16977.6
139080,1.291944,1.389285,5.19447508e-05,16979.1
139090,1.274560,1.358444,5.19309559e-05,16980.7
139100,1.469980,1.458667,5.19171650e-05,16982.2
139110,1.330699,1.418197,5.19033780e-05,16983.8
139120,1.405492,1.283542,5.18895950e-05,16985.3
139130,1.283689,1.269917,5.18758160e-05,16986.8
139140,1.339064,1.428450,5.18620409e-05,16988.4
139150,1.318168,1.290472,5.18482697e-05,16989.9
139160,1.293198,1.300101,5.18345025e-05,16991.4
139170,1.372859,1.376354,5.18207393e-05,16993.0
139180,1.344094,1.259048,5.18069800e-05,16994.5
139190,1.311988,1.277043,5.17932247e-05,16996.1
139200,1.366808,1.321738,5.17794733e-05,16997.7
139210,1.356675,1.319735,5.17657259e-05,16999.2
139220,1.352847,1.274064,5.17519825e-05,17000.8
139230,1.368745,1.289207,5.17382430e-05,17002.3
139240,1.362694,1.294205,5.17245075e-05,17003.8
139250,1.312847,1.268741,5.17107759e-05,17005.3
139260,1.323920,1.208070,5.16970483e-05,17006.8
139270,1.296230,1.319277,5.16833247e-05,17008.3
139280,1.321809,1.295027,5.16696050e-05,17009.8
139290,1.420565,1.354618,5.16558893e-05,17011.4
139300,1.294710,1.302528,5.16421776e-05,17012.9
139310,1.284068,1.370558,5.16284698e-05,17014.4
139320,1.229595,1.418280,5.16147660e-05,17015.8
139330,1.330381,1.356276,5.16010661e-05,17017.6
139340,1.349531,1.349607,5.15873702e-05,17019.8
139350,1.245675,1.357205,5.15736783e-05,17021.9
139360,1.385150,1.247984,5.15599903e-05,17023.4
139370,1.368952,1.310311,5.15463064e-05,17024.9
139380,1.283406,1.344631,5.15326263e-05,17026.5
139390,1.360448,1.330649,5.15189503e-05,17028.1
139400,1.265306,1.404384,5.15052782e-05,17029.7
139410,1.396150,1.316802,5.14916101e-05,17031.3
139420,1.268837,1.299280,5.14779459e-05,17032.8
139430,1.333007,1.403315,5.14642858e-05,17034.4
139440,1.275733,1.293477,5.14506296e-05,17036.0
139450,1.398717,1.425549,5.14369773e-05,17037.7
139460,1.387110,1.335433,5.14233291e-05,17039.2
139470,1.383418,1.346630,5.14096848e-05,17040.8
139480,1.243232,1.338100,5.13960444e-05,17042.4
139490,1.315240,1.339456,5.13824081e-05,17044.0
139500,1.250237,1.330539,5.13687757e-05,17045.5
139510,1.315119,1.260773,5.13551473e-05,17047.2
139520,1.248955,1.264909,5.13415229e-05,17048.9
139530,1.412692,1.271852,5.13279024e-05,17050.6
139540,1.335231,1.398537,5.13142860e-05,17052.3
139550,1.323782,1.265145,5.13006734e-05,17054.1
139560,1.245209,1.257177,5.12870649e-05,17055.8
139570,1.305808,1.459651,5.12734604e-05,17057.2
139580,1.344744,1.480017,5.12598598e-05,17058.8
139590,1.404995,1.334357,5.12462632e-05,17060.4
139600,1.373201,1.350243,5.12326706e-05,17062.1
139610,1.314860,1.343210,5.12190819e-05,17063.8
139620,1.312484,1.330114,5.12054973e-05,17065.4
139630,1.264674,1.334410,5.11919166e-05,17067.0
139640,1.365143,1.359622,5.11783399e-05,17068.7
139650,1.243941,1.364127,5.11647672e-05,17070.4
139660,1.265883,1.346252,5.11511984e-05,17072.1
139670,1.378829,1.280592,5.11376337e-05,17073.8
139680,1.288339,1.304234,5.11240729e-05,17075.6
139690,1.270158,1.402845,5.11105161e-05,17077.4
139700,1.281982,1.266861,5.10969633e-05,17078.9
139710,1.301797,1.389305,5.10834145e-05,17080.4
139720,1.376050,1.310936,5.10698696e-05,17081.9
139730,1.341712,1.300043,5.10563287e-05,17083.7
139740,1.177358,1.321013,5.10427919e-05,17085.4
139750,1.363067,1.270456,5.10292590e-05,17087.1
139760,1.253966,1.355490,5.10157301e-05,17088.8
139770,1.278370,1.335352,5.10022051e-05,17090.5
139780,1.358598,1.276751,5.09886842e-05,17092.3
139790,1.225171,1.228424,5.09751672e-05,17094.0
139800,1.376117,1.303769,5.09616543e-05,17095.8
139810,1.376756,1.255147,5.09481453e-05,17097.6
139820,1.307106,1.345463,5.09346403e-05,17099.4
139830,1.332687,1.378302,5.09211393e-05,17101.1
139840,1.369145,1.318777,5.09076423e-05,17102.8
139850,1.370582,1.334417,5.08941493e-05,17104.4
139860,1.306783,1.340258,5.08806603e-05,17106.0
139870,1.307234,1.257993,5.08671752e-05,17107.5
139880,1.251191,1.307871,5.08536942e-05,17109.0
139890,1.256285,1.283505,5.08402171e-05,17110.4
139900,1.308035,1.331794,5.08267441e-05,17112.0
139910,1.212193,1.297837,5.08132750e-05,17113.7
139920,1.243495,1.305372,5.07998099e-05,17115.4
139930,1.292068,1.331999,5.07863488e-05,17117.1
139940,1.327610,1.262179,5.07728917e-05,17118.9
139950,1.204356,1.334713,5.07594387e-05,17120.6
139960,1.241375,1.280546,5.07459896e-05,17122.4
139970,1.331136,1.412378,5.07325444e-05,17124.1
139980,1.506043,1.259121,5.07191033e-05,17125.9
139990,1.281090,1.411762,5.07056662e-05,17127.7
140000,1.312918,1.298856,5.06922331e-05,17129.5
140010,1.431585,1.277055,5.06788040e-05,17131.4
140020,1.400009,1.366909,5.06653789e-05,17133.1
140030,1.229469,1.391798,5.06519577e-05,17134.7
140040,1.336574,1.281168,5.06385406e-05,17136.2
140050,1.314954,1.384604,5.06251275e-05,17138.0
140060,1.247110,1.426545,5.06117184e-05,17139.5
140070,1.327515,1.284622,5.05983132e-05,17141.1
140080,1.373462,1.335067,5.05849121e-05,17142.7
140090,1.394980,1.359209,5.05715150e-05,17144.3
140100,1.392915,1.331843,5.05581219e-05,17145.8
140110,1.269809,1.321255,5.05447327e-05,17147.3
140120,1.306621,1.385840,5.05313476e-05,17148.8
140130,1.300423,1.340043,5.05179665e-05,17150.4
140140,1.338354,1.294837,5.05045894e-05,17152.0
140150,1.320413,1.370055,5.04912163e-05,17153.6
140160,1.282894,1.332723,5.04778472e-05,17155.2
140170,1.354023,1.382476,5.04644821e-05,17156.7
140180,1.257396,1.274282,5.04511210e-05,17158.2
140190,1.297222,1.266729,5.04377639e-05,17159.8
140200,1.394497,1.320693,5.04244108e-05,17161.5
140210,1.252993,1.349855,5.04110617e-05,17163.1
140220,1.384885,1.294994,5.03977167e-05,17164.7
140230,1.245895,1.314806,5.03843756e-05,17166.4
140240,1.340399,1.378635,5.03710385e-05,17168.1
140250,1.398043,1.340271,5.03577055e-05,17169.6
140260,1.308339,1.339212,5.03443765e-05,17171.2
140270,1.332989,1.187307,5.03310514e-05,17172.7
140280,1.229193,1.356061,5.03177304e-05,17174.3
140290,1.301614,1.359788,5.03044134e-05,17175.9
140300,1.196812,1.407568,5.02911004e-05,17177.5
140310,1.286905,1.420153,5.02777914e-05,17179.0
140320,1.311226,1.355363,5.02644864e-05,17180.3
140330,1.299234,1.364806,5.02511855e-05,17181.7
140340,1.296406,1.333471,5.02378885e-05,17183.2
140350,1.337547,1.389100,5.02245956e-05,17184.7
140360,1.366151,1.393079,5.02113067e-05,17186.2
140370,1.332955,1.284813,5.01980218e-05,17187.8
140380,1.347738,1.350741,5.01847409e-05,17189.4
140390,1.353709,1.246046,5.01714640e-05,17190.9
140400,1.378238,1.348842,5.01581911e-05,17192.4
140410,1.334387,1.356007,5.01449223e-05,17193.9
140420,1.361009,1.347617,5.01316575e-05,17195.5
140430,1.326949,1.403272,5.01183966e-05,17196.8
140440,1.393512,1.324878,5.01051398e-05,17198.3
140450,1.390545,1.308216,5.00918871e-05,17199.8
140460,1.415658,1.389119,5.00786383e-05,17201.4
140470,1.326572,1.391045,5.00653936e-05,17203.0
140480,1.338342,1.258726,5.00521528e-05,17204.5
140490,1.325780,1.317111,5.00389161e-05,17206.1
140500,1.335113,1.235939,5.00256834e-05,17207.6
140510,1.463470,1.329569,5.00124548e-05,17209.3
140520,1.228741,1.271731,4.99992301e-05,17210.8
140530,1.287800,1.300567,4.99860095e-05,17212.3
140540,1.346645,1.378699,4.99727929e-05,17213.8
140550,1.311014,1.287185,4.99595803e-05,17215.1
140560,1.311847,1.365114,4.99463718e-05,17216.7
140570,1.302914,1.319362,4.99331673e-05,17218.4
140580,1.371697,1.283524,4.99199668e-05,17220.1
140590,1.208148,1.269737,4.99067703e-05,17221.8
140600,1.351202,1.317790,4.98935778e-05,17223.5
140610,1.235284,1.293039,4.98803894e-05,17225.0
140620,1.259672,1.432572,4.98672050e-05,17226.7
140630,1.286150,1.254196,4.98540246e-05,17228.2
140640,1.299474,1.312643,4.98408482e-05,17229.9
140650,1.318067,1.297421,4.98276759e-05,17231.6
140660,1.318427,1.332931,4.98145076e-05,17233.2
140670,1.327230,1.346143,4.98013433e-05,17234.8
140680,1.243507,1.402735,4.97881831e-05,17236.4
140690,1.273461,1.281568,4.97750269e-05,17238.0
140700,1.204751,1.381385,4.97618747e-05,17239.5
140710,1.295638,1.371534,4.97487265e-05,17241.1
140720,1.290695,1.434574,4.97355824e-05,17242.6
140730,1.312194,1.272442,4.97224423e-05,17244.1
140740,1.399963,1.304780,4.97093063e-05,17245.7
140750,1.352686,1.323274,4.96961742e-05,17247.3
140760,1.262706,1.437828,4.96830462e-05,17248.8
140770,1.343902,1.359685,4.96699222e-05,17250.4
140780,1.330236,1.465738,4.96568023e-05,17252.0
140790,1.294314,1.298181,4.96436864e-05,17253.6
140800,1.192772,1.357167,4.96305745e-05,17255.1
140810,1.378174,1.486033,4.96174667e-05,17256.6
140820,1.389418,1.391867,4.96043629e-05,17258.1
140830,1.291448,1.329369,4.95912632e-05,17259.7
140840,1.337232,1.312250,4.95781674e-05,17261.2
140850,1.253994,1.382012,4.95650757e-05,17262.8
140860,1.251983,1.316499,4.95519881e-05,17264.4
140870,1.376029,1.250722,4.95389045e-05,17266.0
140880,1.290497,1.329668,4.95258249e-05,17267.6
140890,1.319697,1.377564,4.95127493e-05,17269.1
140900,1.290834,1.479439,4.94996778e-05,17270.7
140910,1.289069,1.327240,4.94866104e-05,17272.3
140920,1.376153,1.399028,4.94735469e-05,17273.9
140930,1.317225,1.322261,4.94604876e-05,17275.5
140940,1.384580,1.427728,4.94474322e-05,17277.0
140950,1.277980,1.289515,4.94343809e-05,17278.6
140960,1.429331,1.382545,4.94213336e-05,17280.1
140970,1.361041,1.449312,4.94082904e-05,17281.7
140980,1.265244,1.232115,4.93952512e-05,17283.3
140990,1.405452,1.271099,4.93822161e-05,17285.0
141000,1.359983,1.333631,4.93691850e-05,17286.4
141010,1.374547,1.417514,4.93561580e-05,17288.0
141020,1.288512,1.407191,4.93431350e-05,17289.4
141030,1.400828,1.266104,4.93301160e-05,17290.9
141040,1.371237,1.302139,4.93171011e-05,17292.4
141050,1.396544,1.347956,4.93040902e-05,17293.9
141060,1.271922,1.377874,4.92910834e-05,17295.6
141070,1.323503,1.335094,4.92780806e-05,17297.2
141080,1.337028,1.289277,4.92650819e-05,17298.6
141090,1.387766,1.270319,4.92520872e-05,17300.1
141100,1.330448,1.407463,4.92390965e-05,17301.8
141110,1.382575,1.372868,4.92261099e-05,17303.6
141120,1.493930,1.398070,4.92131274e-05,17305.3
141130,1.342827,1.400486,4.92001489e-05,17307.1
141140,1.286882,1.352820,4.91871745e-05,17308.9
141150,1.360074,1.305001,4.91742041e-05,17310.6
141160,1.267168,1.275460,4.91612377e-05,17312.3
141170,1.240486,1.336202,4.91482754e-05,17313.8
141180,1.309485,1.360170,4.91353172e-05,17315.4
141190,1.367745,1.295928,4.91223630e-05,17317.0
141200,1.378200,1.406631,4.91094129e-05,17318.6
141210,1.278404,1.404318,4.90964668e-05,17320.1
141220,1.312613,1.423904,4.90835247e-05,17321.8
141230,1.353186,1.339010,4.90705868e-05,17323.4
141240,1.383736,1.306299,4.90576528e-05,17324.9
141250,1.374921,1.474912,4.90447230e-05,17326.4
141260,1.309050,1.342585,4.90317972e-05,17328.0
141270,1.297734,1.293579,4.90188754e-05,17329.6
141280,1.340095,1.253981,4.90059577e-05,17331.2
141290,1.355783,1.294811,4.89930440e-05,17333.7
141300,1.377270,1.368546,4.89801344e-05,17335.3
141310,1.242750,1.349653,4.89672289e-05,17336.8
141320,1.352841,1.318910,4.89543274e-05,17338.4
141330,1.376177,1.265584,4.89414300e-05,17340.0
141340,1.311920,1.425597,4.89285367e-05,17341.6
141350,1.271556,1.291250,4.89156474e-05,17343.2
141360,1.249137,1.216316,4.89027621e-05,17344.8
141370,1.360593,1.298910,4.88898809e-05,17346.4
141380,1.296235,1.365430,4.88770038e-05,17348.0
141390,1.360976,1.332041,4.88641307e-05,17349.6
141400,1.267635,1.410913,4.88512617e-05,17351.2
141410,1.403117,1.378571,4.88383968e-05,17352.8
141420,1.336634,1.316778,4.88255359e-05,17354.5
141430,1.407407,1.265893,4.88126791e-05,17356.2
141440,1.213041,1.400594,4.87998264e-05,17357.9
141450,1.256903,1.315572,4.87869777e-05,17359.7
141460,1.387730,1.310137,4.87741330e-05,17361.3
141470,1.433050,1.274852,4.87612925e-05,17363.0
141480,1.350941,1.300793,4.87484560e-05,17364.6
141490,1.299051,1.236513,4.87356236e-05,17366.2
141500,1.291102,1.327906,4.87227952e-05,17367.8
141510,1.274150,1.281023,4.87099709e-05,17369.6
141520,1.332267,1.411390,4.86971507e-05,17371.2
141530,1.272877,1.325783,4.86843345e-05,17372.8
141540,1.237364,1.358397,4.86715224e-05,17374.4
141550,1.258075,1.304218,4.86587144e-05,17376.0
141560,1.371403,1.369499,4.86459104e-05,17377.6
141570,1.321936,1.334172,4.86331105e-05,17379.2
141580,1.362766,1.386554,4.86203147e-05,17380.8
141590,1.333095,1.377795,4.86075229e-05,17382.4
141600,1.431499,1.382373,4.85947352e-05,17384.1
141610,1.294062,1.234552,4.85819516e-05,17385.7
141620,1.255739,1.334836,4.85691721e-05,17387.4
141630,1.304926,1.398975,4.85563966e-05,17389.0
141640,1.257984,1.402056,4.85436252e-05,17390.6
141650,1.267339,1.397334,4.85308579e-05,17392.2
141660,1.376692,1.358047,4.85180946e-05,17393.7
141670,1.174266,1.325490,4.85053355e-05,17395.3
141680,1.358969,1.365996,4.84925804e-05,17396.8
141690,1.256188,1.397893,4.84798293e-05,17398.3
141700,1.377288,1.301066,4.84670824e-05,17399.8
141710,1.378908,1.353789,4.84543395e-05,17401.2
141720,1.401073,1.369490,4.84416007e-05,17402.9
141730,1.328678,1.360838,4.84288659e-05,17404.7
141740,1.343340,1.496327,4.84161353e-05,17406.4
141750,1.378943,1.331106,4.84034087e-05,17408.1
141760,1.251876,1.307737,4.83906862e-05,17409.8
141770,1.355112,1.316331,4.83779678e-05,17411.4
141780,1.373232,1.367138,4.83652534e-05,17413.0
141790,1.296727,1.183388,4.83525432e-05,17414.5
141800,1.344381,1.362111,4.83398370e-05,17416.1
141810,1.386461,1.313197,4.83271349e-05,17417.7
141820,1.282797,1.257732,4.83144368e-05,17419.3
141830,1.396622,1.355222,4.83017429e-05,17420.9
141840,1.495802,1.337451,4.82890530e-05,17422.4
141850,1.340012,1.319843,4.82763672e-05,17423.9
141860,1.321398,1.384509,4.82636855e-05,17425.5
141870,1.304148,1.363265,4.82510079e-05,17427.1
141880,1.388071,1.309434,4.82383344e-05,17428.6
141890,1.305423,1.364524,4.82256649e-05,17430.2
141900,1.360229,1.220725,4.82129995e-05,17431.8
141910,1.264833,1.319616,4.82003382e-05,17433.5
141920,1.329751,1.414218,4.81876810e-05,17435.1
141930,1.333897,1.307355,4.81750279e-05,17436.7
141940,1.373395,1.261012,4.81623789e-05,17438.4
141950,1.262678,1.285010,4.81497339e-05,17440.0
141960,1.240869,1.302522,4.81370931e-05,17441.6
141970,1.384291,1.361865,4.81244563e-05,17443.2
141980,1.300640,1.319476,4.81118236e-05,17444.8
141990,1.307126,1.442865,4.80991950e-05,17446.3
142000,1.190549,1.317695,4.80865705e-05,17447.9
142010,1.289268,1.318775,4.80739501e-05,17449.6
142020,1.272396,1.373085,4.80613337e-05,17451.2
142030,1.418357,1.278788,4.80487215e-05,17452.8
142040,1.279383,1.181681,4.80361133e-05,17454.4
142050,1.253040,1.297457,4.80235092e-05,17456.0
142060,1.371478,1.349764,4.80109093e-05,17457.6
142070,1.269114,1.387332,4.79983134e-05,17459.1
142080,1.259826,1.290934,4.79857216e-05,17460.7
142090,1.396413,1.302130,4.79731339e-05,17462.4
142100,1.394799,1.375762,4.79605503e-05,17464.1
142110,1.441290,1.290766,4.79479708e-05,17465.9
142120,1.346609,1.297325,4.79353953e-05,17467.6
142130,1.321639,1.252333,4.79228240e-05,17469.4
142140,1.359869,1.341822,4.79102568e-05,17471.2
142150,1.307559,1.423450,4.78976936e-05,17472.8
142160,1.346320,1.199075,4.78851346e-05,17474.4
142170,1.362544,1.338600,4.78725796e-05,17476.0
142180,1.343668,1.373767,4.78600288e-05,17477.6
142190,1.337319,1.346366,4.78474820e-05,17479.1
142200,1.314907,1.372293,4.78349393e-05,17480.7
142210,1.300720,1.306151,4.78224008e-05,17482.3
142220,1.314401,1.371295,4.78098663e-05,17483.8
142230,1.290532,1.324783,4.77973359e-05,17485.3
142240,1.292148,1.269124,4.77848097e-05,17486.7
142250,1.372314,1.336652,4.77722875e-05,17488.2
142260,1.308925,1.260064,4.77597694e-05,17489.9
142270,1.373511,1.381712,4.77472554e-05,17491.6
142280,1.245923,1.367224,4.77347456e-05,17493.4
142290,1.281841,1.342831,4.77222398e-05,17495.1
142300,1.283120,1.260147,4.77097381e-05,17496.8
142310,1.299975,1.342240,4.76972405e-05,17498.4
142320,1.297260,1.304210,4.76847471e-05,17499.9
142330,1.274467,1.367622,4.76722577e-05,17501.5
142340,1.259996,1.432757,4.76597724e-05,17503.1
142350,1.429148,1.372206,4.76472913e-05,17504.6
142360,1.331051,1.305285,4.76348142e-05,17506.2
142370,1.309977,1.333920,4.76223413e-05,17507.8
142380,1.417254,1.321613,4.76098724e-05,17509.4
142390,1.315563,1.253524,4.75974077e-05,17510.9
142400,1.234007,1.261991,4.75849470e-05,17512.5
142410,1.268146,1.412292,4.75724905e-05,17514.1
142420,1.387513,1.440058,4.75600381e-05,17515.6
142430,1.253079,1.400304,4.75475897e-05,17517.2
142440,1.330967,1.414734,4.75351455e-05,17518.8
142450,1.294665,1.285527,4.75227054e-05,17520.5
142460,1.291232,1.330408,4.75102694e-05,17522.1
142470,1.380754,1.324818,4.74978375e-05,17523.8
142480,1.325343,1.309492,4.74854098e-05,17525.4
142490,1.303758,1.355824,4.74729861e-05,17527.1
142500,1.256255,1.347625,4.74605665e-05,17528.7
142510,1.190486,1.325471,4.74481511e-05,17530.6
142520,1.263396,1.370914,4.74357397e-05,17532.1
142530,1.328686,1.323949,4.74233325e-05,17533.7
142540,1.300909,1.358878,4.74109294e-05,17535.3
142550,1.227975,1.213995,4.73985304e-05,17537.0
142560,1.298342,1.270766,4.73861355e-05,17538.8
142570,1.405267,1.367482,4.73737447e-05,17540.5
142580,1.359621,1.258150,4.73613581e-05,17542.2
142590,1.347162,1.367012,4.73489755e-05,17543.9
142600,1.381454,1.198004,4.73365971e-05,17545.5
142610,1.322650,1.387482,4.73242227e-05,17547.1
142620,1.356847,1.284340,4.73118525e-05,17548.7
142630,1.304696,1.296413,4.72994864e-05,17550.2
142640,1.385719,1.341917,4.72871245e-05,17551.8
142650,1.291355,1.381578,4.72747666e-05,17553.4
142660,1.247670,1.345711,4.72624128e-05,17554.9
142670,1.438344,1.350493,4.72500632e-05,17556.5
142680,1.278285,1.340081,4.72377177e-05,17558.2
142690,1.380441,1.379886,4.72253763e-05,17559.9
142700,1.369205,1.372962,4.72130390e-05,17561.6
142710,1.341333,1.328528,4.72007059e-05,17563.2
142720,1.305639,1.459228,4.71883769e-05,17564.7
142730,1.407181,1.292033,4.71760519e-05,17566.3
142740,1.360184,1.267886,4.71637311e-05,17567.8
142750,1.279637,1.303317,4.71514145e-05,17569.4
142760,1.322302,1.351520,4.71391019e-05,17571.0
142770,1.307335,1.362317,4.71267935e-05,17572.5
142780,1.304710,1.298456,4.71144892e-05,17574.1
142790,1.274655,1.299559,4.71021890e-05,17575.7
142800,1.330527,1.267390,4.70898929e-05,17577.3
142810,1.359672,1.319098,4.70776010e-05,17578.9
142820,1.269916,1.416120,4.70653132e-05,17580.5
142830,1.272847,1.300017,4.70530295e-05,17582.2
142840,1.330932,1.309787,4.70407499e-05,17583.8
142850,1.202152,1.306534,4.70284744e-05,17585.4
142860,1.306400,1.344516,4.70162031e-05,17587.0
142870,1.325961,1.251358,4.70039359e-05,17588.6
142880,1.363419,1.375282,4.69916729e-05,17590.3
142890,1.330166,1.263749,4.69794139e-05,17591.8
142900,1.368145,1.347565,4.69671591e-05,17593.5
142910,1.206611,1.407265,4.69549084e-05,17595.0
142920,1.222400,1.402158,4.69426619e-05,17596.6
142930,1.356550,1.251621,4.69304194e-05,17598.2
142940,1.403410,1.410072,4.69181811e-05,17599.8
142950,1.276919,1.343670,4.69059470e-05,17601.3
142960,1.279327,1.378890,4.68937169e-05,17602.8
142970,1.426296,1.254164,4.68814910e-05,17604.4
142980,1.269936,1.370865,4.68692692e-05,17606.0
142990,1.417445,1.354458,4.68570516e-05,17607.6
143000,1.282373,1.376159,4.68448380e-05,17609.2
143010,1.366439,1.316962,4.68326287e-05,17611.0
143020,1.355002,1.295174,4.68204234e-05,17612.6
143030,1.258721,1.404069,4.68082223e-05,17614.2
143040,1.287179,1.302299,4.67960253e-05,17615.9
143050,1.369712,1.370983,4.67838324e-05,17617.5
143060,1.369817,1.335009,4.67716437e-05,17619.1
143070,1.310289,1.285791,4.67594591e-05,17620.7
143080,1.398160,1.355246,4.67472787e-05,17622.3
143090,1.215089,1.322634,4.67351023e-05,17624.0
143100,1.258096,1.483026,4.67229302e-05,17625.8
143110,1.274576,1.273165,4.67107621e-05,17627.6
143120,1.235490,1.203751,4.66985982e-05,17629.3
143130,1.255543,1.328554,4.66864384e-05,17631.1
143140,1.327807,1.366853,4.66742828e-05,17632.9
143150,1.330621,1.408648,4.66621313e-05,17634.7
143160,1.339939,1.266755,4.66499839e-05,17636.3
143170,1.326356,1.364546,4.66378407e-05,17637.9
143180,1.316045,1.274387,4.66257016e-05,17639.5
143190,1.214485,1.357292,4.66135667e-05,17641.1
143200,1.328957,1.410522,4.66014359e-05,17642.7
143210,1.353349,1.315445,4.65893092e-05,17644.3
143220,1.297251,1.253086,4.65771867e-05,17646.0
143230,1.273694,1.373668,4.65650683e-05,17647.6
143240,1.313317,1.244908,4.65529541e-05,17649.1
143250,1.233190,1.380659,4.65408440e-05,17650.7
143260,1.275229,1.385125,4.65287380e-05,17652.2
143270,1.291767,1.358909,4.65166362e-05,17653.8
143280,1.285724,1.303254,4.65045385e-05,17655.5
143290,1.369175,1.375229,4.64924450e-05,17657.2
143300,1.349097,1.349601,4.64803556e-05,17658.8
143310,1.314538,1.365465,4.64682704e-05,17660.5
143320,1.349773,1.231962,4.64561893e-05,17662.1
143330,1.276397,1.385688,4.64441123e-05,17663.8
143340,1.290979,1.358145,4.64320395e-05,17665.5
143350,1.308746,1.256080,4.64199709e-05,17667.0
143360,1.333741,1.363622,4.64079064e-05,17668.6
143370,1.241336,1.261528,4.63958460e-05,17670.2
143380,1.312636,1.351289,4.63837898e-05,17671.9
143390,1.291111,1.384145,4.63717377e-05,17673.7
143400,1.316923,1.310300,4.63596898e-05,17675.6
143410,1.336970,1.321407,4.63476460e-05,17677.4
143420,1.326475,1.296816,4.63356064e-05,17679.1
143430,1.270351,1.278217,4.63235709e-05,17680.7
143440,1.209795,1.381474,4.63115396e-05,17682.2
143450,1.317590,1.268887,4.62995124e-05,17683.8
143460,1.302403,1.418388,4.62874894e-05,17685.4
143470,1.356048,1.263608,4.62754705e-05,17687.0
143480,1.384307,1.447145,4.62634558e-05,17688.5
143490,1.308478,1.354695,4.62514453e-05,17690.1
143500,1.261680,1.310637,4.62394388e-05,17691.7
143510,1.422786,1.368726,4.62274366e-05,17693.5
143520,1.436168,1.256774,4.62154385e-05,17695.1
143530,1.239431,1.343851,4.62034445e-05,17696.7
143540,1.293321,1.387845,4.61914547e-05,17698.3
143550,1.399346,1.332381,4.61794691e-05,17699.9
143560,1.315243,1.334767,4.61674876e-05,17701.5
143570,1.289153,1.277506,4.61555103e-05,17703.0
143580,1.362516,1.419242,4.61435371e-05,17704.6
143590,1.393202,1.415773,4.61315681e-05,17706.1
143600,1.290937,1.480981,4.61196032e-05,17707.6
143610,1.266997,1.375913,4.61076425e-05,17709.1
143620,1.300881,1.358509,4.60956859e-05,17710.6
143630,1.214671,1.191777,4.60837335e-05,17712.1
143640,1.356454,1.189889,4.60717853e-05,17713.7
143650,1.272573,1.306070,4.60598412e-05,17715.3
143660,1.269552,1.467134,4.60479013e-05,17716.9
143670,1.285917,1.334131,4.60359656e-05,17718.4
143680,1.293377,1.334389,4.60240340e-05,17720.0
143690,1.400762,1.271818,4.60121065e-05,17721.6
143700,1.298843,1.366322,4.60001833e-05,17723.1
143710,1.395809,1.431877,4.59882641e-05,17724.7
143720,1.332987,1.240439,4.59763492e-05,17726.3
143730,1.271508,1.324924,4.59644384e-05,17727.9
143740,1.349449,1.315811,4.59525318e-05,17729.4
143750,1.274678,1.320967,4.59406293e-05,17731.1
143760,1.286654,1.262964,4.59287310e-05,17732.9
143770,1.338580,1.273900,4.59168369e-05,17734.6
143780,1.323969,1.395532,4.59049469e-05,17736.1
143790,1.277093,1.373922,4.58930611e-05,17737.7
143800,1.237234,1.401469,4.58811794e-05,17739.3
143810,1.330990,1.236463,4.58693020e-05,17740.9
143820,1.321843,1.384820,4.58574287e-05,17742.4
143830,1.288105,1.426292,4.58455595e-05,17744.0
143840,1.259169,1.395058,4.58336945e-05,17745.5
143850,1.275891,1.313842,4.58218337e-05,17747.0
143860,1.304213,1.285689,4.58099771e-05,17748.6
143870,1.393078,1.334058,4.57981246e-05,17750.2
143880,1.354709,1.320267,4.57862763e-05,17751.9
143890,1.345641,1.322093,4.57744322e-05,17753.5
143900,1.278758,1.313065,4.57625922e-05,17755.1
143910,1.281200,1.303949,4.57507564e-05,17756.7
143920,1.232658,1.316942,4.57389248e-05,17758.2
143930,1.241321,1.471536,4.57270973e-05,17759.8
143940,1.335500,1.385380,4.57152740e-05,17761.4
143950,1.352002,1.259900,4.57034549e-05,17763.0
143960,1.286916,1.318214,4.56916399e-05,17764.6
143970,1.355012,1.425838,4.56798292e-05,17766.4
143980,1.261129,1.315831,4.56680226e-05,17768.2
143990,1.317328,1.350651,4.56562201e-05,17770.0
144000,1.308313,1.372897,4.56444219e-05,17771.6
144010,1.414772,1.308724,4.56326278e-05,17773.4
144020,1.323000,1.322211,4.56208379e-05,17774.9
144030,1.316812,1.274318,4.56090522e-05,17776.5
144040,1.299691,1.228325,4.55972706e-05,17778.0
144050,1.311782,1.320326,4.55854932e-05,17779.5
144060,1.376636,1.314733,4.55737200e-05,17781.2
144070,1.353708,1.288824,4.55619510e-05,17782.9
144080,1.288081,1.323133,4.55501861e-05,17784.6
144090,1.357764,1.405508,4.55384254e-05,17786.4
144100,1.413703,1.353467,4.55266689e-05,17788.1
144110,1.279191,1.307778,4.55149166e-05,17789.7
144120,1.380016,1.314574,4.55031685e-05,17791.2
144130,1.378199,1.325133,4.54914245e-05,17792.8
144140,1.378382,1.354439,4.54796847e-05,17794.4
144150,1.312110,1.372202,4.54679491e-05,17796.0
144160,1.276927,1.294631,4.54562177e-05,17797.6
144170,1.363737,1.357723,4.54444904e-05,17799.3
144180,1.355615,1.300033,4.54327674e-05,17800.9
144190,1.276814,1.438097,4.54210485e-05,17802.5
144200,1.294834,1.271569,4.54093338e-05,17804.1
144210,1.338264,1.301216,4.53976233e-05,17805.6
144220,1.225882,1.385998,4.53859169e-05,17807.2
144230,1.317377,1.357864,4.53742148e-05,17808.6
144240,1.387481,1.322535,4.53625168e-05,17810.0
144250,1.359852,1.233318,4.53508230e-05,17811.4
144260,1.319971,1.329073,4.53391334e-05,17813.1
144270,1.277154,1.405704,4.53274480e-05,17814.8
144280,1.289336,1.304097,4.53157668e-05,17816.2
144290,1.365520,1.319826,4.53040897e-05,17817.6
144300,1.351936,1.302411,4.52924168e-05,17819.1
144310,1.271417,1.367346,4.52807482e-05,17820.5
144320,1.225547,1.355209,4.52690837e-05,17822.0
144330,1.278078,1.300135,4.52574234e-05,17823.5
144340,1.290313,1.304914,4.52457672e-05,17825.0
144350,1.339563,1.284323,4.52341153e-05,17826.5
144360,1.364588,1.397729,4.52224676e-05,17828.0
144370,1.319626,1.429701,4.52108240e-05,17829.9
144380,1.388382,1.385201,4.51991846e-05,17831.4
144390,1.350914,1.457940,4.51875495e-05,17832.8
144400,1.267910,1.187424,4.51759185e-05,17834.4
144410,1.327592,1.317949,4.51642917e-05,17835.9
144420,1.214610,1.311364,4.51526691e-05,17837.4
144430,1.247470,1.268452,4.51410507e-05,17838.9
144440,1.273010,1.363528,4.51294364e-05,17840.4
144450,1.224394,1.282483,4.51178264e-05,17841.9
144460,1.331296,1.334978,4.51062206e-05,17843.4
144470,1.241528,1.247965,4.50946189e-05,17844.9
144480,1.243774,1.427099,4.50830215e-05,17846.3
144490,1.368891,1.228561,4.50714282e-05,17847.9
144500,1.256200,1.301370,4.50598391e-05,17849.4
144510,1.251296,1.264824,4.50482543e-05,17851.1
144520,1.282597,1.220232,4.50366736e-05,17852.6
144530,1.220891,1.305283,4.50250971e-05,17854.1
144540,1.302671,1.304470,4.50135248e-05,17855.6
144550,1.227873,1.233881,4.50019567e-05,17857.1
144560,1.302445,1.244412,4.49903928e-05,17858.6
144570,1.275716,1.470317,4.49788331e-05,17860.1
144580,1.268144,1.278876,4.49672776e-05,17861.6
144590,1.362621,1.362836,4.49557263e-05,17863.1
144600,1.355193,1.260609,4.49441792e-05,17864.6
144610,1.373820,1.326224,4.49326363e-05,17866.1
144620,1.296219,1.288023,4.49210976e-05,17867.6
144630,1.286550,1.278703,4.49095631e-05,17869.1
144640,1.272091,1.311311,4.48980328e-05,17870.6
144650,1.265838,1.434469,4.48865067e-05,17871.7
144660,1.303442,1.412381,4.48749848e-05,17872.8
144670,1.385039,1.367369,4.48634670e-05,17874.0
144680,1.316106,1.307967,4.48519535e-05,17875.2
144690,1.352565,1.384072,4.48404442e-05,17876.3
144700,1.319611,1.271194,4.48289391e-05,17877.4
144710,1.272464,1.345379,4.48174382e-05,17878.6
144720,1.299174,1.383739,4.48059415e-05,17879.7
144730,1.224531,1.284332,4.47944490e-05,17880.8
144740,1.316648,1.262189,4.47829607e-05,17882.0
144750,1.304537,1.284272,4.47714766e-05,17883.2
144760,1.241384,1.332047,4.47599967e-05,17884.3
144770,1.417153,1.374217,4.47485211e-05,17885.4
144780,1.356932,1.235570,4.47370496e-05,17886.6
144790,1.321172,1.325239,4.47255823e-05,17887.7
144800,1.278157,1.429338,4.47141192e-05,17888.9
144810,1.331519,1.278185,4.47026604e-05,17890.0
144820,1.391969,1.467026,4.46912057e-05,17891.1
144830,1.361104,1.276077,4.46797553e-05,17892.3
144840,1.359654,1.347079,4.46683090e-05,17893.4
144850,1.356727,1.408864,4.46568670e-05,17894.5
144860,1.347850,1.325311,4.46454292e-05,17895.7
144870,1.247186,1.442338,4.46339956e-05,17896.8
144880,1.286747,1.381476,4.46225662e-05,17897.9
144890,1.398795,1.371533,4.46111410e-05,17899.1
144900,1.418309,1.344149,4.45997200e-05,17900.2
144910,1.279396,1.402063,4.45883032e-05,17901.3
144920,1.310241,1.306362,4.45768906e-05,17902.5
144930,1.333590,1.254680,4.45654823e-05,17903.6
144940,1.262580,1.331022,4.45540781e-05,17904.8
144950,1.390958,1.254606,4.45426782e-05,17905.9
144960,1.358872,1.313404,4.45312825e-05,17907.0
144970,1.223576,1.330727,4.45198910e-05,17908.1
144980,1.301359,1.330652,4.45085037e-05,17909.3
144990,1.319630,1.352191,4.44971206e-05,17910.4
145000,1.369268,1.311598,4.44857418e-05,17911.6
145010,1.352090,1.393291,4.44743671e-05,17912.9
145020,1.340682,1.325327,4.44629967e-05,17914.0
145030,1.368888,1.365044,4.44516304e-05,17915.2
145040,1.313944,1.311045,4.44402684e-05,17916.3
145050,1.416516,1.386640,4.44289106e-05,17917.4
145060,1.345398,1.407487,4.44175571e-05,17918.6
145070,1.321541,1.298141,4.44062077e-05,17919.7
145080,1.314747,1.343859,4.43948626e-05,17920.8
145090,1.290158,1.327397,4.43835217e-05,17922.0
145100,1.274873,1.333007,4.43721849e-05,17923.1
145110,1.332305,1.383760,4.43608525e-05,17924.2
145120,1.382532,1.273082,4.43495242e-05,17925.3
145130,1.304857,1.428245,4.43382001e-05,17926.5
145140,1.318788,1.248885,4.43268803e-05,17927.6
145150,1.341603,1.281443,4.43155647e-05,17928.7
145160,1.305630,1.282564,4.43042533e-05,17929.9
145170,1.353674,1.301615,4.42929461e-05,17931.0
145180,1.275271,1.294958,4.42816432e-05,17932.1
145190,1.327582,1.328724,4.42703445e-05,17933.3
145200,1.359051,1.345246,4.42590500e-05,17934.4
145210,1.271084,1.419101,4.42477597e-05,17935.6
145220,1.360718,1.254201,4.42364736e-05,17936.8
145230,1.277859,1.324063,4.42251918e-05,17937.9
145240,1.276042,1.290102,4.42139142e-05,17939.1
145250,1.370856,1.258964,4.42026408e-05,17940.2
145260,1.380265,1.287024,4.41913716e-05,17941.4
145270,1.352648,1.299847,4.41801067e-05,17942.5
145280,1.320138,1.426636,4.41688460e-05,17943.6
145290,1.348352,1.287160,4.41575895e-05,17944.8
145300,1.319630,1.398950,4.41463372e-05,17945.9
145310,1.340270,1.368248,4.41350892e-05,17947.1
145320,1.403052,1.301426,4.41238453e-05,17948.2
145330,1.264813,1.336698,4.41126058e-05,17949.3
145340,1.406429,1.302715,4.41013704e-05,17950.5
145350,1.320779,1.276517,4.40901393e-05,17951.6
145360,1.416247,1.348754,4.40789124e-05,17952.7
145370,1.395030,1.320034,4.40676897e-05,17953.9
145380,1.329844,1.326298,4.40564712e-05,17955.1
145390,1.343141,1.401435,4.40452570e-05,17956.2
145400,1.420973,1.414257,4.40340470e-05,17957.4
145410,1.388126,1.433517,4.40228413e-05,17958.6
145420,1.291773,1.350988,4.40116398e-05,17959.7
145430,1.339504,1.384740,4.40004425e-05,17960.9
145440,1.360510,1.365417,4.39892494e-05,17962.1
145450,1.266847,1.299985,4.39780606e-05,17963.3
145460,1.268289,1.297249,4.39668760e-05,17964.5
145470,1.316145,1.292462,4.39556956e-05,17965.6
145480,1.316938,1.378219,4.39445195e-05,17966.7
145490,1.387415,1.400108,4.39333476e-05,17967.8
145500,1.187571,1.221207,4.39221799e-05,17969.0
145510,1.392635,1.326361,4.39110165e-05,17970.3
145520,1.316316,1.332487,4.38998573e-05,17971.4
145530,1.380192,1.307238,4.38887023e-05,17972.6
145540,1.343617,1.298543,4.38775516e-05,17973.7
145550,1.348020,1.352091,4.38664051e-05,17974.8
145560,1.376212,1.320948,4.38552628e-05,17975.9
145570,1.267008,1.396662,4.38441248e-05,17977.1
145580,1.283469,1.271626,4.38329910e-05,17978.2
145590,1.315534,1.329452,4.38218614e-05,17979.3
145600,1.382337,1.289990,4.38107361e-05,17980.5
145610,1.325193,1.440670,4.37996151e-05,17981.6
145620,1.338416,1.200507,4.37884982e-05,17982.7
145630,1.338930,1.508651,4.37773856e-05,17983.8
145640,1.357319,1.371779,4.37662773e-05,17985.0
145650,1.381418,1.311469,4.37551732e-05,17986.1
145660,1.313956,1.318530,4.37440733e-05,17987.2
145670,1.399210,1.319324,4.37329776e-05,17988.3
145680,1.354904,1.365883,4.37218862e-05,17989.4
145690,1.268221,1.255116,4.37107991e-05,17990.6
145700,1.418378,1.353544,4.36997162e-05,17991.7
145710,1.339808,1.318123,4.36886375e-05,17992.8
145720,1.318193,1.348215,4.36775631e-05,17994.0
145730,1.302251,1.418072,4.36664929e-05,17995.1
145740,1.367288,1.226456,4.36554269e-05,17996.3
145750,1.208835,1.291144,4.36443652e-05,17997.4
145760,1.348928,1.255576,4.36333078e-05,17998.5
145770,1.256179,1.446668,4.36222545e-05,17999.6
145780,1.320576,1.255512,4.36112056e-05,18000.8
145790,1.357347,1.412645,4.36001608e-05,18001.9
145800,1.360894,1.339857,4.35891204e-05,18003.0
145810,1.419376,1.259557,4.35780841e-05,18004.2
145820,1.388483,1.421913,4.35670521e-05,18005.3
145830,1.348064,1.294499,4.35560244e-05,18006.4
145840,1.300894,1.249363,4.35450009e-05,18007.5
145850,1.286082,1.321209,4.35339817e-05,18008.7
145860,1.290612,1.405796,4.35229667e-05,18009.8
145870,1.326098,1.271852,4.35119559e-05,18010.9
145880,1.310180,1.432038,4.35009494e-05,18012.1
145890,1.306779,1.445233,4.34899471e-05,18013.2
145900,1.333610,1.318889,4.34789491e-05,18014.3
145910,1.435950,1.410702,4.34679554e-05,18015.5
145920,1.276392,1.346420,4.34569659e-05,18016.6
145930,1.259005,1.379537,4.34459806e-05,18017.7
145940,1.298418,1.425129,4.34349996e-05,18018.9
145950,1.271477,1.327177,4.34240228e-05,18020.0
145960,1.261551,1.329356,4.34130503e-05,18021.1
145970,1.367585,1.336318,4.34020821e-05,18022.2
145980,1.313546,1.367457,4.33911181e-05,18023.4
145990,1.439390,1.380572,4.33801583e-05,18024.5
146000,1.261388,1.302810,4.33692028e-05,18025.6
146010,1.385210,1.353734,4.33582516e-05,18027.0
146020,1.252379,1.294668,4.33473046e-05,18028.1
146030,1.289426,1.307803,4.33363619e-05,18029.2
146040,1.286079,1.269120,4.33254234e-05,18030.4
146050,1.346803,1.301463,4.33144892e-05,18031.5
146060,1.388165,1.313401,4.33035592e-05,18032.6
146070,1.326291,1.427979,4.32926335e-05,18033.7
146080,1.314193,1.282122,4.32817120e-05,18034.9
146090,1.365387,1.357669,4.32707948e-05,18036.0
146100,1.254532,1.420879,4.32598819e-05,18037.1
146110,1.309892,1.406516,4.32489732e-05,18038.2
146120,1.230245,1.254659,4.32380687e-05,18039.4
146130,1.299138,1.374378,4.32271686e-05,18040.5
146140,1.235905,1.227053,4.32162727e-05,18041.7
146150,1.283568,1.248296,4.32053810e-05,18042.8
146160,1.334627,1.404880,4.31944936e-05,18043.9
146170,1.310578,1.371606,4.31836105e-05,18045.0
146180,1.325444,1.320792,4.31727316e-05,18046.2
146190,1.304784,1.277484,4.31618570e-05,18047.3
146200,1.315463,1.290801,4.31509866e-05,18048.4
146210,1.416915,1.303678,4.31401205e-05,18049.6
146220,1.254460,1.434342,4.31292587e-05,18050.7
146230,1.368065,1.368219,4.31184011e-05,18051.8
146240,1.272978,1.256753,4.31075478e-05,18053.0
146250,1.259457,1.362435,4.30966987e-05,18054.1
146260,1.347746,1.308675,4.30858540e-05,18055.2
146270,1.327283,1.292879,4.30750134e-05,18056.4
146280,1.168826,1.416110,4.30641772e-05,18057.5
146290,1.328735,1.312756,4.30533452e-05,18058.6
146300,1.251915,1.305944,4.30425174e-05,18059.7
146310,1.288305,1.368108,4.30316940e-05,18060.9
146320,1.280606,1.267352,4.30208748e-05,18062.0
146330,1.371814,1.504178,4.30100598e-05,18063.1
146340,1.330546,1.380085,4.29992492e-05,18064.3
146350,1.308824,1.401269,4.29884428e-05,18065.4
146360,1.412669,1.427534,4.29776406e-05,18066.5
146370,1.324445,1.274095,4.29668428e-05,18067.7
146380,1.355565,1.257308,4.29560492e-05,18068.8
146390,1.283958,1.412960,4.29452598e-05,18070.0
146400,1.300136,1.266822,4.29344748e-05,18071.1
146410,1.353578,1.431163,4.29236940e-05,18072.3
146420,1.309466,1.313312,4.29129174e-05,18073.4
146430,1.351598,1.279898,4.29021452e-05,18074.6
146440,1.293765,1.311267,4.28913772e-05,18075.8
146450,1.231328,1.332260,4.28806135e-05,18076.9
146460,1.204802,1.434255,4.28698540e-05,18078.1
146470,1.306545,1.324695,4.28590988e-05,18079.2
146480,1.305875,1.264753,4.28483479e-05,18080.4
146490,1.370391,1.375813,4.28376013e-05,18081.5
146500,1.362532,1.239468,4.28268589e-05,18082.6
146510,1.339857,1.296057,4.28161208e-05,18084.0
146520,1.382534,1.265607,4.28053870e-05,18085.1
146530,1.384990,1.264887,4.27946575e-05,18086.2
146540,1.287390,1.417657,4.27839322e-05,18087.4
146550,1.296237,1.374372,4.27732112e-05,18088.5
146560,1.329716,1.365085,4.27624945e-05,18089.6
146570,1.285979,1.404075,4.27517820e-05,18090.8
146580,1.275793,1.364123,4.27410738e-05,18091.9
146590,1.308911,1.326014,4.27303699e-05,18093.0
146600,1.252902,1.254223,4.27196703e-05,18094.2
146610,1.358632,1.321687,4.27089749e-05,18095.3
146620,1.324520,1.411216,4.26982839e-05,18096.4
146630,1.346255,1.300731,4.26875971e-05,18097.5
146640,1.275017,1.261909,4.26769146e-05,18098.7
146650,1.374601,1.194703,4.26662363e-05,18099.8
146660,1.270698,1.318285,4.26555623e-05,18101.0
146670,1.333621,1.428850,4.26448927e-05,18102.1
146680,1.317246,1.279331,4.26342273e-05,18103.3
146690,1.284720,1.243851,4.26235661e-05,18104.5
146700,1.314428,1.371942,4.26129093e-05,18105.6
146710,1.379142,1.301655,4.26022567e-05,18106.7
146720,1.336800,1.205575,4.25916084e-05,18107.9
146730,1.347698,1.231059,4.25809644e-05,18109.1
146740,1.270451,1.300692,4.25703247e-05,18110.2
146750,1.269929,1.311057,4.25596892e-05,18111.4
146760,1.330688,1.304646,4.25490581e-05,18112.6
146770,1.351456,1.286177,4.25384312e-05,18113.7
146780,1.263111,1.320835,4.25278086e-05,18114.8
146790,1.318729,1.264713,4.25171903e-05,18116.0
146800,1.192856,1.297199,4.25065762e-05,18117.1
146810,1.285768,1.425718,4.24959665e-05,18118.2
146820,1.311925,1.356441,4.24853610e-05,18119.4
146830,1.305992,1.301471,4.24747598e-05,18120.5
146840,1.353851,1.370374,4.24641629e-05,18121.6
146850,1.393630,1.304736,4.24535703e-05,18122.8
146860,1.454506,1.361246,4.24429820e-05,18124.0
146870,1.273381,1.344462,4.24323979e-05,18125.1
146880,1.369300,1.427659,4.24218182e-05,18126.3
146890,1.226865,1.294832,4.24112427e-05,18127.4
146900,1.341784,1.350606,4.24006715e-05,18128.5
146910,1.417405,1.257575,4.23901046e-05,18129.7
146920,1.259048,1.331200,4.23795420e-05,18130.8
146930,1.329047,1.337584,4.23689837e-05,18132.0
146940,1.362254,1.358947,4.23584297e-05,18133.1
146950,1.306415,1.387878,4.23478799e-05,18134.3
146960,1.353670,1.354386,4.23373345e-05,18135.5
146970,1.296882,1.313476,4.23267933e-05,18136.7
146980,1.360039,1.316648,4.23162564e-05,18137.8
146990,1.290357,1.387023,4.23057238e-05,18139.0
147000,1.304409,1.290096,4.22951955e-05,18140.2
147010,1.359439,1.263966,4.22846715e-05,18141.5
147020,1.430517,1.238494,4.22741518e-05,18142.6
147030,1.282656,1.278985,4.22636364e-05,18143.8
147040,1.335479,1.339242,4.22531253e-05,18144.9
147050,1.409786,1.294144,4.22426184e-05,18146.0
147060,1.279605,1.263461,4.22321159e-05,18147.2
147070,1.375940,1.222685,4.22216176e-05,18148.3
147080,1.302479,1.377999,4.22111237e-05,18149.4
147090,1.335667,1.386283,4.22006340e-05,18150.6
147100,1.261394,1.258964,4.21901486e-05,18151.8
147110,1.297750,1.440116,4.21796676e-05,18153.0
147120,1.257297,1.348504,4.21691908e-05,18154.1
147130,1.337580,1.381053,4.21587183e-05,18155.3
147140,1.259599,1.260684,4.21482501e-05,18156.4
147150,1.395490,1.288752,4.21377862e-05,18157.5
147160,1.366226,1.369310,4.21273266e-05,18158.7
147170,1.397713,1.304420,4.21168713e-05,18159.9
147180,1.201753,1.365438,4.21064203e-05,18161.0
147190,1.257528,1.374956,4.20959736e-05,18162.1
147200,1.325962,1.369416,4.20855312e-05,18163.3
147210,1.296896,1.346538,4.20750931e-05,18164.4
147220,1.327444,1.248930,4.20646593e-05,18165.6
147230,1.419026,1.390695,4.20542298e-05,18166.8
147240,1.268978,1.361808,4.20438046e-05,18168.0
147250,1.338555,1.310780,4.20333836e-05,18169.1
147260,1.234965,1.366539,4.20229670e-05,18170.3
147270,1.388990,1.378486,4.20125547e-05,18171.4
147280,1.212193,1.376358,4.20021467e-05,18172.5
147290,1.365104,1.479379,4.19917430e-05,18173.7
147300,1.301133,1.358209,4.19813436e-05,18174.8
147310,1.259927,1.312369,4.19709485e-05,18176.0
147320,1.239112,1.328965,4.19605577e-05,18177.1
147330,1.269684,1.332310,4.19501711e-05,18178.2
147340,1.227422,1.281163,4.19397889e-05,18179.3
147350,1.260673,1.407339,4.19294111e-05,18180.5
147360,1.316416,1.394258,4.19190375e-05,18181.6
147370,1.257124,1.496063,4.19086682e-05,18182.7
147380,1.342874,1.394698,4.18983032e-05,18183.9
147390,1.338613,1.302068,4.18879425e-05,18185.0
147400,1.332823,1.284482,4.18775861e-05,18186.2
147410,1.405246,1.385193,4.18672341e-05,18187.3
147420,1.406480,1.324646,4.18568863e-05,18188.5
147430,1.344329,1.240172,4.18465428e-05,18189.7
147440,1.254524,1.257526,4.18362037e-05,18190.8
147450,1.324758,1.365176,4.18258688e-05,18191.9
147460,1.338844,1.301085,4.18155383e-05,18193.1
147470,1.324928,1.334844,4.18052121e-05,18194.2
147480,1.370013,1.374544,4.17948901e-05,18195.4
147490,1.326159,1.373007,4.17845725e-05,18196.5
147500,1.301155,1.360927,4.17742592e-05,18197.7
147510,1.324422,1.342254,4.17639502e-05,18199.0
147520,1.422165,1.226991,4.17536455e-05,18200.1
147530,1.256948,1.248984,4.17433452e-05,18201.3
147540,1.312168,1.415911,4.17330491e-05,18202.4
147550,1.264953,1.333685,4.17227573e-05,18203.5
147560,1.353208,1.331740,4.17124699e-05,18204.7
147570,1.242498,1.349820,4.17021868e-05,18205.8
147580,1.365182,1.340022,4.16919079e-05,18207.0
147590,1.216884,1.276034,4.16816334e-05,18208.2
147600,1.272998,1.259566,4.16713632e-05,18209.4
147610,1.392463,1.272272,4.16610973e-05,18210.5
147620,1.309064,1.304322,4.16508358e-05,18211.7
147630,1.370354,1.355144,4.16405785e-05,18212.9
147640,1.332838,1.319717,4.16303256e-05,18214.0
147650,1.256981,1.209552,4.16200769e-05,18215.1
147660,1.343963,1.390802,4.16098326e-05,18216.3
147670,1.326301,1.310409,4.15995926e-05,18217.4
147680,1.281385,1.423530,4.15893569e-05,18218.6
147690,1.390534,1.345117,4.15791255e-05,18219.8
147700,1.316098,1.301292,4.15688985e-05,18220.9
147710,1.276115,1.235928,4.15586757e-05,18222.0
147720,1.329717,1.453189,4.15484573e-05,18223.2
147730,1.443908,1.442481,4.15382432e-05,18224.3
147740,1.337161,1.339949,4.15280334e-05,18225.4
147750,1.315197,1.383437,4.15178280e-05,18226.6
147760,1.280683,1.459031,4.15076268e-05,18227.7
147770,1.313623,1.327501,4.14974300e-05,18228.8
147780,1.329202,1.326641,4.14872375e-05,18229.9
147790,1.341049,1.260062,4.14770493e-05,18231.1
147800,1.315303,1.310290,4.14668654e-05,18232.2
147810,1.310520,1.306457,4.14566858e-05,18233.4
147820,1.294269,1.334789,4.14465106e-05,18234.5
147830,1.443001,1.279197,4.14363397e-05,18235.6
147840,1.347568,1.319622,4.14261731e-05,18236.8
147850,1.268802,1.341526,4.14160108e-05,18237.9
147860,1.322321,1.257170,4.14058528e-05,18239.0
147870,1.495416,1.270012,4.13956992e-05,18240.1
147880,1.334274,1.270042,4.13855499e-05,18241.3
147890,1.275935,1.342328,4.13754049e-05,18242.4
147900,1.393810,1.526137,4.13652642e-05,18243.5
147910,1.306575,1.252268,4.13551279e-05,18244.7
147920,1.310585,1.384257,4.13449959e-05,18245.8
147930,1.430076,1.352086,4.13348682e-05,18247.0
147940,1.271191,1.346077,4.13247448e-05,18248.1
147950,1.376697,1.452188,4.13146258e-05,18249.2
147960,1.367491,1.397707,4.13045111e-05,18250.4
147970,1.292887,1.303784,4.12944007e-05,18251.5
147980,1.446466,1.449638,4.12842946e-05,18252.7
147990,1.223603,1.282013,4.12741929e-05,18253.8
148000,1.246884,1.274631,4.12640955e-05,18254.9
148010,1.274794,1.354123,4.12540024e-05,18256.2
148020,1.375323,1.341014,4.12439136e-05,18257.4
148030,1.324348,1.334386,4.12338292e-05,18258.5
148040,1.354793,1.294916,4.12237491e-05,18259.6
148050,1.280838,1.233313,4.12136733e-05,18260.8
148060,1.305727,1.297209,4.12036019e-05,18261.9
148070,1.405361,1.350981,4.11935347e-05,18263.0
148080,1.294858,1.324083,4.11834719e-05,18264.1
148090,1.320102,1.371476,4.11734135e-05,18265.3
148100,1.433545,1.227019,4.11633594e-05,18266.4
148110,1.299861,1.367327,4.11533096e-05,18267.5
148120,1.317250,1.311064,4.11432641e-05,18268.7
148130,1.255842,1.388940,4.11332230e-05,18269.8
148140,1.310976,1.304073,4.11231861e-05,18270.9
148150,1.282002,1.335456,4.11131537e-05,18272.0
148160,1.238363,1.272718,4.11031255e-05,18273.2
148170,1.408750,1.381839,4.10931017e-05,18274.3
148180,1.354093,1.284146,4.10830822e-05,18275.5
148190,1.305770,1.286949,4.10730671e-05,18276.6
148200,1.228606,1.231777,4.10630563e-05,18277.7
148210,1.386330,1.386871,4.10530498e-05,18278.8
148220,1.330290,1.282146,4.10430477e-05,18279.9
148230,1.305151,1.311984,4.10330499e-05,18281.1
148240,1.356166,1.321398,4.10230564e-05,18282.2
148250,1.306579,1.332262,4.10130673e-05,18283.3
148260,1.381114,1.324205,4.10030825e-05,18284.5
148270,1.313606,1.261389,4.09931020e-05,18285.6
148280,1.314081,1.310039,4.09831259e-05,18286.8
148290,1.277155,1.367014,4.09731541e-05,18287.9
148300,1.277672,1.378891,4.09631866e-05,18289.1
148310,1.301858,1.344624,4.09532235e-05,18290.2
148320,1.403580,1.251920,4.09432647e-05,18291.3
148330,1.287618,1.277994,4.09333103e-05,18292.5
148340,1.439856,1.340760,4.09233602e-05,18293.6
148350,1.298261,1.281325,4.09134144e-05,18294.7
148360,1.339705,1.275755,4.09034730e-05,18295.8
148370,1.325742,1.337003,4.08935359e-05,18297.0
148380,1.333570,1.334433,4.08836032e-05,18298.1
148390,1.275084,1.338596,4.08736748e-05,18299.2
148400,1.297462,1.434000,4.08637507e-05,18300.4
148410,1.370814,1.407379,4.08538310e-05,18301.5
148420,1.318301,1.308240,4.08439156e-05,18302.6
148430,1.384371,1.369537,4.08340046e-05,18303.8
148440,1.299666,1.359865,4.08240979e-05,18304.9
148450,1.314848,1.363089,4.08141955e-05,18306.1
148460,1.263357,1.353337,4.08042975e-05,18307.2
148470,1.336318,1.402352,4.07944038e-05,18308.4
148480,1.253040,1.318447,4.07845145e-05,18309.6
148490,1.391975,1.365949,4.07746295e-05,18310.7
148500,1.363826,1.274070,4.07647489e-05,18311.8
148510,1.281148,1.337140,4.07548726e-05,18313.2
148520,1.386287,1.300007,4.07450006e-05,18314.3
148530,1.379510,1.360924,4.07351330e-05,18315.4
148540,1.284466,1.364504,4.07252698e-05,18316.6
148550,1.402619,1.401598,4.07154108e-05,18317.7
148560,1.267089,1.236806,4.07055563e-05,18318.8
148570,1.320676,1.358195,4.06957061e-05,18320.0
148580,1.335573,1.413560,4.06858602e-05,18321.1
148590,1.310976,1.394950,4.06760187e-05,18322.2
148600,1.302933,1.404849,4.06661815e-05,18323.3
148610,1.340780,1.332747,4.06563486e-05,18324.5
148620,1.260545,1.375639,4.06465202e-05,18325.7
148630,1.244840,1.334756,4.06366960e-05,18326.8
148640,1.331735,1.402990,4.06268762e-05,18327.9
148650,1.272173,1.374328,4.06170608e-05,18329.1
148660,1.307391,1.466608,4.06072497e-05,18330.2
148670,1.337275,1.388748,4.05974430e-05,18331.4
148680,1.333012,1.270774,4.05876406e-05,18332.5
148690,1.342722,1.343074,4.05778425e-05,18333.6
148700,1.313157,1.330525,4.05680489e-05,18334.8
148710,1.331867,1.320156,4.05582595e-05,18335.9
148720,1.255671,1.358329,4.05484745e-05,18337.1
148730,1.374906,1.245676,4.05386939e-05,18338.2
148740,1.421609,1.282922,4.05289176e-05,18339.4
148750,1.387450,1.411512,4.05191457e-05,18340.5
148760,1.430604,1.351060,4.05093781e-05,18341.6
148770,1.307946,1.213459,4.04996149e-05,18342.8
148780,1.242918,1.412010,4.04898560e-05,18343.9
148790,1.277665,1.404697,4.04801015e-05,18345.0
148800,1.360943,1.272289,4.04703514e-05,18346.2
148810,1.281807,1.394826,4.04606056e-05,18347.3
148820,1.347447,1.398805,4.04508641e-05,18348.4
148830,1.319594,1.309089,4.04411270e-05,18349.6
148840,1.304933,1.359505,4.04313943e-05,18350.8
148850,1.320462,1.239328,4.04216659e-05,18351.9
148860,1.276918,1.410971,4.04119419e-05,18353.0
148870,1.312375,1.396218,4.04022222e-05,18354.2
148880,1.286855,1.357811,4.03925069e-05,18355.3
148890,1.292164,1.386246,4.03827959e-05,18356.5
148900,1.254816,1.372834,4.03730893e-05,18357.6
148910,1.354419,1.299083,4.03633871e-05,18358.8
148920,1.216895,1.300526,4.03536892e-05,18359.9
148930,1.367973,1.385173,4.03439957e-05,18361.0
148940,1.314560,1.423826,4.03343065e-05,18362.1
148950,1.215517,1.366737,4.03246217e-05,18363.3
148960,1.336311,1.334762,4.03149413e-05,18364.4
148970,1.404227,1.292365,4.03052652e-05,18365.5
148980,1.276281,1.397506,4.02955935e-05,18366.6
148990,1.376605,1.336767,4.02859261e-05,18367.8
149000,1.333122,1.329978,4.02762631e-05,18368.9
149010,1.327427,1.277715,4.02666045e-05,18370.2
149020,1.258067,1.408383,4.02569502e-05,18371.3
149030,1.285712,1.362543,4.02473003e-05,18372.5
149040,1.386287,1.344250,4.02376547e-05,18373.6
149050,1.282754,1.206504,4.02280135e-05,18374.8
149060,1.284979,1.369645,4.02183767e-05,18375.9
149070,1.419020,1.313470,4.02087442e-05,18377.0
149080,1.327410,1.253508,4.01991161e-05,18378.2
149090,1.241216,1.343625,4.01894924e-05,18379.3
149100,1.315259,1.445730,4.01798730e-05,18380.5
149110,1.284111,1.328802,4.01702580e-05,18381.7
149120,1.286751,1.324494,4.01606474e-05,18382.8
149130,1.263815,1.341595,4.01510411e-05,18384.0
149140,1.327247,1.237339,4.01414392e-05,18385.1
149150,1.272980,1.333108,4.01318417e-05,18386.3
149160,1.328144,1.207240,4.01222485e-05,18387.5
149170,1.388153,1.471032,4.01126597e-05,18388.6
149180,1.253661,1.385443,4.01030752e-05,18389.7
149190,1.260169,1.352515,4.00934951e-05,18390.9
149200,1.267834,1.475016,4.00839194e-05,18392.1
149210,1.406036,1.317064,4.00743481e-05,18393.2
149220,1.304849,1.292522,4.00647811e-05,18394.4
149230,1.339685,1.266018,4.00552185e-05,18395.5
149240,1.268102,1.274700,4.00456603e-05,18396.6
149250,1.263469,1.304097,4.00361064e-05,18397.8
149260,1.207273,1.233713,4.00265569e-05,18398.9
149270,1.353794,1.316578,4.00170118e-05,18400.0
149280,1.257848,1.269888,4.00074711e-05,18401.1
149290,1.307613,1.383478,3.99979347e-05,18402.2
149300,1.205194,1.340663,3.99884027e-05,18403.4
149310,1.330152,1.408588,3.99788750e-05,18404.5
149320,1.315457,1.278637,3.99693517e-05,18405.6
149330,1.294557,1.313514,3.99598329e-05,18406.8
149340,1.308177,1.311035,3.99503183e-05,18407.9
149350,1.341337,1.328008,3.99408082e-05,18409.0
149360,1.332736,1.293043,3.99313024e-05,18410.2
149370,1.345107,1.306594,3.99218010e-05,18411.3
149380,1.341970,1.390208,3.99123040e-05,18412.4
149390,1.289409,1.361676,3.99028113e-05,18413.5
149400,1.357153,1.192397,3.98933230e-05,18414.6
149410,1.256364,1.337791,3.98838391e-05,18415.8
149420,1.315580,1.403862,3.98743596e-05,18416.9
149430,1.278674,1.299177,3.98648844e-05,18418.0
149440,1.366104,1.266461,3.98554137e-05,18419.2
149450,1.325957,1.385921,3.98459472e-05,18420.3
149460,1.309664,1.246620,3.98364852e-05,18421.4
149470,1.280318,1.289449,3.98270276e-05,18422.5
149480,1.339160,1.279593,3.98175743e-05,18423.7
149490,1.310850,1.351777,3.98081254e-05,18424.8
149500,1.391066,1.310041,3.97986809e-05,18425.9
149510,1.242330,1.303201,3.97892407e-05,18427.2
149520,1.281109,1.306861,3.97798050e-05,18428.4
149530,1.339496,1.300525,3.97703736e-05,18429.5
149540,1.306549,1.245787,3.97609466e-05,18430.7
149550,1.335242,1.303094,3.97515240e-05,18431.8
149560,1.271430,1.282360,3.97421057e-05,18433.0
149570,1.280426,1.363970,3.97326919e-05,18434.1
149580,1.330811,1.353933,3.97232824e-05,18435.2
149590,1.247616,1.339204,3.97138773e-05,18436.4
149600,1.368057,1.460540,3.97044765e-05,18437.5
149610,1.308140,1.313839,3.96950802e-05,18438.6
149620,1.235337,1.389150,3.96856883e-05,18439.7
149630,1.292228,1.379902,3.96763007e-05,18440.8
149640,1.316149,1.277572,3.96669175e-05,18442.0
149650,1.248162,1.379829,3.96575387e-05,18443.1
149660,1.243910,1.319507,3.96481642e-05,18444.2
149670,1.305035,1.330139,3.96387942e-05,18445.4
149680,1.339091,1.391233,3.96294285e-05,18446.5
149690,1.392811,1.303092,3.96200673e-05,18447.6
149700,1.302081,1.368225,3.96107104e-05,18448.7
149710,1.396512,1.442423,3.96013579e-05,18449.9
149720,1.261638,1.310149,3.95920097e-05,18451.0
149730,1.163022,1.268966,3.95826660e-05,18452.1
149740,1.290969,1.341488,3.95733266e-05,18453.3
149750,1.466732,1.393502,3.95639917e-05,18454.4
149760,1.340106,1.265252,3.95546611e-05,18455.5
149770,1.329626,1.354917,3.95453349e-05,18456.6
149780,1.299361,1.269686,3.95360131e-05,18457.8
149790,1.370250,1.243655,3.95266957e-05,18459.0
149800,1.343965,1.330659,3.95173826e-05,18460.1
149810,1.274734,1.448203,3.95080740e-05,18461.3
149820,1.317250,1.348680,3.94987697e-05,18462.4
149830,1.391027,1.275741,3.94894699e-05,18463.6
149840,1.281745,1.270977,3.94801744e-05,18464.7
149850,1.275688,1.372517,3.94708833e-05,18465.8
149860,1.330457,1.247744,3.94615966e-05,18467.0
149870,1.283102,1.368326,3.94523143e-05,18468.1
149880,1.234991,1.326706,3.94430364e-05,18469.3
149890,1.302964,1.295240,3.94337629e-05,18470.4
149900,1.218684,1.356032,3.94244937e-05,18471.6
149910,1.298141,1.387135,3.94152290e-05,18472.7
149920,1.366038,1.372795,3.94059686e-05,18473.9
149930,1.313361,1.357932,3.93967127e-05,18475.0
149940,1.356430,1.280447,3.93874611e-05,18476.2
149950,1.328201,1.294611,3.93782139e-05,18477.3
149960,1.294660,1.300676,3.93689711e-05,18478.4
149970,1.289913,1.410008,3.93597327e-05,18479.6
149980,1.342639,1.354064,3.93504987e-05,18480.7
149990,1.191420,1.316834,3.93412691e-05,18481.9
150000,1.358907,1.319896,3.93320439e-05,18483.0
150010,1.307988,1.238274,3.93228231e-05,18484.4
150020,1.328771,1.239256,3.93136067e-05,18485.6
150030,1.303966,1.302246,3.93043947e-05,18486.7
150040,1.246687,1.308877,3.92951870e-05,18487.9
150050,1.244661,1.235780,3.92859838e-05,18489.0
150060,1.232675,1.429686,3.92767850e-05,18490.1
150070,1.315354,1.442354,3.92675905e-05,18491.3
150080,1.336163,1.335425,3.92584005e-05,18492.4
150090,1.292486,1.311386,3.92492148e-05,18493.6
150100,1.403690,1.353256,3.92400336e-05,18494.7
150110,1.335343,1.363487,3.92308567e-05,18495.9
150120,1.336943,1.284738,3.92216843e-05,18497.0
150130,1.300191,1.339786,3.92125162e-05,18498.2
150140,1.318797,1.371251,3.92033526e-05,18499.3
150150,1.293890,1.353100,3.91941933e-05,18500.4
150160,1.288379,1.291438,3.91850384e-05,18501.5
150170,1.349227,1.363416,3.91758880e-05,18502.7
150180,1.285250,1.280738,3.91667419e-05,18503.9
150190,1.364601,1.371725,3.91576003e-05,18505.0
150200,1.333673,1.250170,3.91484630e-05,18506.2
150210,1.348560,1.310774,3.91393301e-05,18507.3
150220,1.231343,1.338485,3.91302017e-05,18508.5
150230,1.410612,1.328265,3.91210776e-05,18509.6
150240,1.256889,1.283932,3.91119580e-05,18510.8
150250,1.223061,1.372713,3.91028427e-05,18511.9
150260,1.201630,1.313539,3.90937319e-05,18513.1
150270,1.364053,1.434426,3.90846254e-05,18514.2
150280,1.246881,1.275507,3.90755234e-05,18515.3
150290,1.348306,1.285985,3.90664257e-05,18516.5
150300,1.387520,1.312520,3.90573325e-05,18517.7
150310,1.440417,1.282518,3.90482437e-05,18518.9
150320,1.244327,1.242584,3.90391592e-05,18520.0
150330,1.289781,1.364063,3.90300792e-05,18521.1
150340,1.298407,1.300730,3.90210036e-05,18522.3
150350,1.297297,1.302248,3.90119324e-05,18523.4
150360,1.396115,1.380739,3.90028656e-05,18524.5
150370,1.304790,1.434177,3.89938032e-05,18525.6
150380,1.293357,1.374329,3.89847452e-05,18526.8
150390,1.302465,1.284978,3.89756916e-05,18527.9
150400,1.343405,1.389573,3.89666424e-05,18529.1
150410,1.235999,1.322830,3.89575976e-05,18530.2
150420,1.350348,1.286757,3.89485573e-05,18531.3
150430,1.332713,1.316444,3.89395213e-05,18532.4
150440,1.399843,1.339031,3.89304898e-05,18533.6
150450,1.276543,1.347409,3.89214626e-05,18534.7
150460,1.329679,1.374317,3.89124399e-05,18535.9
150470,1.248537,1.439932,3.89034216e-05,18537.0
150480,1.293397,1.291483,3.88944077e-05,18538.2
150490,1.381346,1.403316,3.88853982e-05,18539.4
150500,1.313675,1.427759,3.88763931e-05,18540.5
150510,1.391810,1.290088,3.88673924e-05,18542.0
150520,1.374622,1.298124,3.88583961e-05,18543.3
150530,1.197057,1.269285,3.88494042e-05,18544.6
150540,1.208710,1.460410,3.88404168e-05,18545.8
150550,1.407671,1.349736,3.88314337e-05,18547.0
150560,1.358715,1.377429,3.88224551e-05,18548.2
150570,1.324485,1.450139,3.88134809e-05,18549.3
150580,1.350810,1.340849,3.88045111e-05,18550.5
150590,1.360301,1.471829,3.87955457e-05,18551.6
150600,1.268615,1.317796,3.87865847e-05,18552.8
150610,1.304091,1.370425,3.87776282e-05,18554.0
150620,1.333199,1.252251,3.87686760e-05,18555.1
150630,1.287586,1.255242,3.87597283e-05,18556.2
150640,1.250144,1.354710,3.87507850e-05,18557.3
150650,1.462072,1.299293,3.87418461e-05,18558.5
150660,1.258916,1.294232,3.87329116e-05,18559.6
150670,1.276146,1.305275,3.87239815e-05,18560.7
150680,1.334121,1.431292,3.87150558e-05,18561.8
150690,1.303447,1.331715,3.87061346e-05,18563.0
150700,1.319095,1.348945,3.86972178e-05,18564.1
150710,1.459254,1.296666,3.86883054e-05,18565.2
150720,1.349241,1.341969,3.86793974e-05,18566.3
150730,1.171844,1.286276,3.86704938e-05,18567.5
150740,1.393061,1.265877,3.86615946e-05,18568.6
150750,1.425585,1.416958,3.86526999e-05,18569.8
150760,1.261533,1.345626,3.86438096e-05,18570.9
150770,1.383905,1.286749,3.86349237e-05,18572.1
150780,1.242939,1.357469,3.86260422e-05,18573.2
150790,1.291873,1.357900,3.86171651e-05,18574.4
150800,1.265347,1.271515,3.86082925e-05,18575.5
150810,1.296853,1.440300,3.85994242e-05,18576.7
150820,1.300330,1.291279,3.85905604e-05,18577.8
150830,1.348110,1.334500,3.85817010e-05,18578.9
150840,1.283269,1.370351,3.85728461e-05,18580.0
150850,1.304204,1.420585,3.85639955e-05,18581.2
150860,1.350137,1.291634,3.85551494e-05,18582.3
150870,1.364648,1.259717,3.85463077e-05,18583.4
150880,1.322642,1.362255,3.85374704e-05,18584.6
150890,1.391157,1.322410,3.85286376e-05,18585.7
150900,1.348176,1.286940,3.85198091e-05,18586.9
150910,1.281266,1.413470,3.85109851e-05,18588.0
150920,1.192030,1.284018,3.85021655e-05,18589.1
150930,1.357310,1.342542,3.84933504e-05,18590.3
150940,1.275549,1.336862,3.84845396e-05,18591.4
150950,1.276944,1.347366,3.84757333e-05,18592.5
150960,1.271402,1.280371,3.84669314e-05,18593.6
150970,1.304716,1.419620,3.84581340e-05,18594.8
150980,1.344342,1.274375,3.84493409e-05,18595.9
150990,1.326624,1.338344,3.84405523e-05,18597.0
151000,1.356745,1.369789,3.84317681e-05,18598.1
151010,1.214879,1.347859,3.84229883e-05,18599.4
151020,1.313357,1.333620,3.84142130e-05,18600.6
151030,1.335013,1.348224,3.84054421e-05,18601.7
151040,1.254898,1.349857,3.83966756e-05,18602.8
151050,1.232213,1.243657,3.83879135e-05,18604.0
151060,1.288538,1.360962,3.83791559e-05,18605.1
151070,1.256051,1.394201,3.83704027e-05,18606.2
151080,1.251497,1.363831,3.83616539e-05,18607.4
151090,1.304044,1.353270,3.83529096e-05,18608.5
151100,1.224363,1.397982,3.83441697e-05,18609.6
151110,1.174421,1.345238,3.83354342e-05,18610.7
151120,1.235451,1.315340,3.83267031e-05,18611.9
151130,1.224023,1.345931,3.83179765e-05,18613.0
151140,1.268045,1.241559,3.83092543e-05,18614.1
151150,1.367012,1.255580,3.83005365e-05,18615.2
151160,1.337673,1.282985,3.82918232e-05,18616.4
151170,1.299814,1.310847,3.82831142e-05,18617.5
151180,1.227046,1.307777,3.82744098e-05,18618.6
151190,1.237703,1.427855,3.82657097e-05,18619.7
151200,1.367237,1.366975,3.82570141e-05,18620.9
151210,1.335550,1.286500,3.82483229e-05,18622.0
151220,1.261122,1.344142,3.82396362e-05,18623.1
151230,1.322162,1.324668,3.82309539e-05,18624.3
151240,1.277520,1.334737,3.82222760e-05,18625.4
151250,1.308846,1.373672,3.82136025e-05,18626.5
151260,1.227330,1.400397,3.82049335e-05,18627.7
151270,1.275762,1.305954,3.81962689e-05,18628.8
151280,1.242991,1.323499,3.81876088e-05,18629.9
151290,1.262477,1.394127,3.81789530e-05,18631.1
151300,1.288136,1.298552,3.81703018e-05,18632.2
151310,1.326253,1.256390,3.81616549e-05,18633.3
151320,1.240126,1.301434,3.81530125e-05,18634.5
151330,1.241227,1.342357,3.81443745e-05,18635.6
151340,1.334910,1.359095,3.81357410e-05,18636.7
151350,1.317465,1.421257,3.81271119e-05,18637.8
151360,1.288352,1.421834,3.81184872e-05,18639.0
151370,1.240692,1.341989,3.81098670e-05,18640.1
151380,1.352543,1.304612,3.81012512e-05,18641.2
151390,1.289950,1.245957,3.80926398e-05,18642.3
151400,1.271651,1.280459,3.80840329e-05,18643.4
151410,1.292675,1.372886,3.80754305e-05,18644.6
151420,1.238365,1.300098,3.80668324e-05,18645.7
151430,1.286217,1.426036,3.80582388e-05,18646.8
151440,1.284243,1.222209,3.80496497e-05,18647.9
151450,1.276453,1.261267,3.80410649e-05,18649.0
151460,1.280189,1.278087,3.80324846e-05,18650.2
151470,1.325927,1.292327,3.80239088e-05,18651.3
151480,1.392029,1.328585,3.80153374e-05,18652.4
151490,1.299007,1.323516,3.80067704e-05,18653.5
151500,1.301897,1.245285,3.79982079e-05,18654.7
151510,1.315796,1.333870,3.79896498e-05,18656.0
151520,1.363774,1.214126,3.79810962e-05,18657.1
151530,1.404490,1.267479,3.79725470e-05,18658.3
151540,1.280038,1.334536,3.79640022e-05,18659.4
151550,1.269819,1.408636,3.79554619e-05,18660.5
151560,1.327789,1.298678,3.79469261e-05,18661.7
151570,1.265773,1.241840,3.79383946e-05,18662.8
151580,1.358307,1.287389,3.79298676e-05,18663.9
151590,1.369860,1.277007,3.79213451e-05,18665.0
151600,1.370124,1.389733,3.79128270e-05,18666.1
151610,1.376863,1.443120,3.79043133e-05,18667.3
151620,1.271033,1.222661,3.78958041e-05,18668.4
151630,1.466592,1.309451,3.78872994e-05,18669.6
151640,1.288191,1.322770,3.78787991e-05,18670.7
151650,1.318950,1.329336,3.78703032e-05,18671.8
151660,1.406917,1.310711,3.78618118e-05,18673.0
151670,1.304181,1.315848,3.78533248e-05,18674.1
151680,1.310666,1.247774,3.78448422e-05,18675.3
151690,1.250246,1.314408,3.78363641e-05,18676.4
151700,1.374657,1.326009,3.78278905e-05,18677.5
151710,1.283340,1.306088,3.78194213e-05,18678.6
151720,1.284072,1.301420,3.78109566e-05,18679.8
151730,1.384545,1.260693,3.78024963e-05,18680.9
151740,1.288279,1.338667,3.77940404e-05,18682.0
151750,1.295578,1.432908,3.77855890e-05,18683.1
151760,1.302789,1.206482,3.77771420e-05,18684.2
151770,1.236106,1.304176,3.77686995e-05,18685.3
151780,1.227412,1.296736,3.77602615e-05,18686.5
151790,1.339736,1.250620,3.77518279e-05,18687.6
151800,1.243292,1.343789,3.77433987e-05,18688.7
151810,1.313502,1.305182,3.77349740e-05,18689.8
151820,1.361981,1.285032,3.77265537e-05,18691.0
151830,1.284678,1.191132,3.77181379e-05,18692.1
151840,1.303464,1.308788,3.77097266e-05,18693.2
151850,1.320981,1.430017,3.77013197e-05,18694.3
151860,1.266524,1.271289,3.76929172e-05,18695.5
151870,1.337095,1.267132,3.76845192e-05,18696.6
151880,1.430346,1.298847,3.76761257e-05,18697.7
151890,1.322757,1.335829,3.76677366e-05,18698.8
151900,1.258284,1.344257,3.76593519e-05,18700.0
151910,1.308821,1.369978,3.76509717e-05,18701.1
151920,1.301362,1.296850,3.76425960e-05,18702.2
151930,1.284527,1.272270,3.76342247e-05,18703.3
151940,1.345330,1.241349,3.76258579e-05,18704.5
151950,1.290987,1.276578,3.76174955e-05,18705.6
151960,1.298361,1.362027,3.76091376e-05,18706.8
151970,1.336699,1.365437,3.76007841e-05,18707.9
151980,1.276850,1.302770,3.75924351e-05,18709.0
151990,1.317403,1.351436,3.75840905e-05,18710.1
152000,1.233029,1.409116,3.75757504e-05,18711.3
152010,1.354406,1.341446,3.75674148e-05,18712.6
152020,1.298872,1.355970,3.75590836e-05,18713.7
152030,1.310090,1.298684,3.75507568e-05,18714.9
152040,1.204867,1.290974,3.75424346e-05,18716.0
152050,1.271235,1.296657,3.75341167e-05,18717.1
152060,1.311297,1.348942,3.75258034e-05,18718.2
152070,1.307771,1.361917,3.75174945e-05,18719.4
152080,1.382110,1.377549,3.75091900e-05,18720.6
152090,1.295917,1.316983,3.75008900e-05,18721.7
152100,1.225725,1.424501,3.74925945e-05,18722.9
152110,1.209381,1.340752,3.74843034e-05,18724.1
152120,1.371261,1.263083,3.74760168e-05,18725.3
152130,1.387197,1.288450,3.74677347e-05,18726.4
152140,1.378510,1.347863,3.74594570e-05,18727.6
152150,1.302194,1.339048,3.74511837e-05,18728.9
152160,1.313829,1.288048,3.74429150e-05,18730.1
152170,1.355873,1.341819,3.74346506e-05,18731.4
152180,1.314622,1.415729,3.74263908e-05,18732.5
152190,1.229696,1.261434,3.74181354e-05,18733.7
152200,1.344704,1.417857,3.74098845e-05,18734.9
152210,1.283819,1.288096,3.74016380e-05,18736.2
152220,1.317214,1.329121,3.73933960e-05,18737.4
152230,1.373322,1.366085,3.73851584e-05,18738.5
152240,1.319475,1.242176,3.73769254e-05,18739.7
152250,1.183409,1.258536,3.73686967e-05,18740.9
152260,1.347062,1.334761,3.73604726e-05,18742.0
152270,1.272384,1.394141,3.73522529e-05,18743.2
152280,1.272276,1.308876,3.73440377e-05,18744.4
152290,1.435051,1.370399,3.73358269e-05,18745.5
152300,1.344096,1.342237,3.73276206e-05,18746.7
152310,1.339940,1.369066,3.73194188e-05,18747.9
152320,1.298859,1.321073,3.73112214e-05,18749.1
152330,1.290128,1.319354,3.73030285e-05,18750.2
152340,1.329570,1.302671,3.72948400e-05,18751.3
152350,1.475440,1.328327,3.72866561e-05,18752.5
152360,1.363605,1.295306,3.72784766e-05,18753.6
152370,1.267563,1.413287,3.72703015e-05,18754.8
152380,1.217169,1.321647,3.72621309e-05,18756.0
152390,1.312066,1.342427,3.72539648e-05,18757.2
152400,1.381719,1.361645,3.72458032e-05,18758.3
152410,1.314798,1.411314,3.72376460e-05,18759.5
152420,1.354674,1.358954,3.72294933e-05,18760.7
152430,1.248573,1.341978,3.72213451e-05,18761.9
152440,1.248210,1.242410,3.72132013e-05,18763.0
152450,1.251155,1.285182,3.72050620e-05,18764.2
152460,1.270367,1.324234,3.71969272e-05,18765.4
152470,1.300143,1.289854,3.71887968e-05,18766.5
152480,1.278721,1.368347,3.71806709e-05,18767.7
152490,1.260532,1.366770,3.71725495e-05,18768.8
152500,1.267774,1.339596,3.71644325e-05,18770.0
152510,1.360400,1.459933,3.71563200e-05,18771.5
152520,1.268225,1.246223,3.71482120e-05,18772.7
152530,1.287331,1.359860,3.71401085e-05,18773.9
152540,1.334647,1.323721,3.71320094e-05,18775.0
152550,1.347074,1.256284,3.71239148e-05,18776.2
152560,1.315041,1.313261,3.71158247e-05,18777.3
152570,1.409074,1.313670,3.71077390e-05,18778.5
152580,1.374952,1.373106,3.70996578e-05,18779.6
152590,1.268883,1.353687,3.70915811e-05,18780.8
152600,1.253122,1.296515,3.70835089e-05,18782.0
152610,1.392771,1.219904,3.70754411e-05,18783.1
152620,1.324239,1.364778,3.70673778e-05,18784.2
152630,1.330702,1.315104,3.70593190e-05,18785.4
152640,1.275997,1.218601,3.70512646e-05,18786.5
152650,1.352099,1.277485,3.70432148e-05,18787.6
152660,1.280186,1.406419,3.70351694e-05,18788.9
152670,1.206431,1.388486,3.70271285e-05,18790.0
152680,1.385356,1.291583,3.70190920e-05,18791.2
152690,1.267693,1.307301,3.70110600e-05,18792.4
152700,1.249518,1.384779,3.70030325e-05,18793.6
152710,1.338159,1.370046,3.69950095e-05,18795.0
152720,1.275131,1.331785,3.69869910e-05,18796.2
152730,1.317329,1.423338,3.69789769e-05,18797.4
152740,1.284438,1.337321,3.69709673e-05,18798.6
152750,1.238435,1.371094,3.69629622e-05,18799.9
152760,1.367423,1.369284,3.69549616e-05,18801.1
152770,1.312482,1.359943,3.69469654e-05,18802.3
152780,1.316520,1.272399,3.69389737e-05,18803.5
152790,1.310361,1.271666,3.69309865e-05,18804.6
152800,1.309250,1.260926,3.69230038e-05,18805.8
152810,1.435735,1.371622,3.69150256e-05,18806.9
152820,1.334667,1.395290,3.69070518e-05,18808.1
152830,1.406908,1.395066,3.68990825e-05,18809.3
152840,1.272059,1.324368,3.68911177e-05,18810.4
152850,1.312949,1.313621,3.68831574e-05,18811.6
152860,1.373793,1.407327,3.68752015e-05,18812.7
152870,1.335546,1.372275,3.68672501e-05,18813.9
152880,1.285555,1.359129,3.68593033e-05,18815.0
152890,1.395863,1.370957,3.68513608e-05,18816.2
152900,1.355453,1.281133,3.68434229e-05,18817.3
152910,1.252398,1.286663,3.68354895e-05,18818.5
152920,1.504254,1.355397,3.68275605e-05,18819.6
152930,1.234833,1.337130,3.68196360e-05,18820.9
152940,1.254596,1.341566,3.68117160e-05,18822.0
152950,1.257707,1.277825,3.68038005e-05,18823.2
152960,1.302400,1.313813,3.67958895e-05,18824.4
152970,1.409207,1.295859,3.67879829e-05,18825.5
152980,1.229482,1.348800,3.67800809e-05,18826.9
152990,1.180995,1.338661,3.67721833e-05,18828.3
153000,1.383963,1.430680,3.67642902e-05,18829.6
153010,1.402520,1.426140,3.67564016e-05,18831.1
153020,1.279450,1.199369,3.67485175e-05,18832.4
153030,1.345607,1.439413,3.67406378e-05,18833.6
153040,1.360435,1.374494,3.67327627e-05,18834.9
153050,1.289609,1.290322,3.67248920e-05,18836.1
153060,1.372905,1.356931,3.67170258e-05,18837.3
153070,1.339170,1.374768,3.67091641e-05,18838.6
153080,1.405181,1.396392,3.67013069e-05,18839.8
153090,1.345558,1.299668,3.66934541e-05,18841.0
153100,1.333562,1.245829,3.66856059e-05,18842.2
153110,1.345950,1.435707,3.66777621e-05,18844.2
153120,1.305919,1.365789,3.66699229e-05,18845.7
153130,1.379366,1.293073,3.66620881e-05,18846.9
153140,1.368216,1.252868,3.66542578e-05,18848.2
153150,1.361643,1.265956,3.66464320e-05,18849.4
153160,1.371410,1.415516,3.66386107e-05,18850.6
153170,1.404168,1.372297,3.66307939e-05,18851.9
153180,1.271888,1.383330,3.66229815e-05,18853.2
153190,1.330401,1.310822,3.66151737e-05,18854.4
153200,1.332375,1.274643,3.66073703e-05,18855.7
153210,1.282580,1.360773,3.65995714e-05,18856.9
153220,1.353144,1.442445,3.65917770e-05,18858.2
153230,1.309528,1.413819,3.65839872e-05,18859.5
153240,1.187591,1.348213,3.65762018e-05,18860.7
153250,1.279768,1.330560,3.65684208e-05,18862.0
153260,1.252362,1.348776,3.65606444e-05,18863.2
153270,1.329838,1.398124,3.65528725e-05,18864.5
153280,1.272538,1.258693,3.65451051e-05,18865.7
153290,1.432697,1.370273,3.65373421e-05,18867.0
153300,1.255955,1.282573,3.65295837e-05,18868.2
153310,1.289310,1.366160,3.65218297e-05,18869.4
153320,1.303311,1.304328,3.65140803e-05,18870.6
153330,1.440853,1.350451,3.65063353e-05,18871.8
153340,1.267584,1.328882,3.64985948e-05,18873.0
153350,1.351254,1.281827,3.64908588e-05,18874.3
153360,1.306057,1.360609,3.64831273e-05,18875.5
153370,1.250175,1.430231,3.64754003e-05,18876.7
153380,1.424019,1.387906,3.64676778e-05,18877.9
153390,1.330244,1.295235,3.64599598e-05,18879.1
153400,1.362431,1.475834,3.64522463e-05,18880.4
153410,1.295336,1.271595,3.64445373e-05,18881.6
153420,1.281556,1.361519,3.64368328e-05,18882.8
153430,1.340578,1.305251,3.64291327e-05,18884.0
153440,1.270532,1.342789,3.64214372e-05,18885.2
153450,1.295646,1.340436,3.64137462e-05,18886.4
153460,1.339695,1.353221,3.64060596e-05,18887.7
153470,1.230473,1.332926,3.63983776e-05,18888.9
153480,1.250298,1.222387,3.63907000e-05,18890.2
153490,1.360849,1.334879,3.63830270e-05,18891.4
153500,1.309213,1.341049,3.63753584e-05,18892.6
153510,1.335606,1.458935,3.63676944e-05,18894.1
153520,1.293161,1.378890,3.63600348e-05,18895.3
153530,1.237238,1.363037,3.63523798e-05,18896.6
153540,1.326992,1.302105,3.63447292e-05,18897.8
153550,1.208359,1.284304,3.63370832e-05,18899.1
153560,1.281380,1.246610,3.63294416e-05,18900.4
153570,1.256274,1.293156,3.63218045e-05,18901.7
153580,1.301364,1.233666,3.63141720e-05,18902.9
153590,1.369554,1.250719,3.63065439e-05,18904.2
153600,1.313864,1.390202,3.62989204e-05,18905.5
153610,1.286745,1.424734,3.62913013e-05,18906.7
153620,1.145652,1.284050,3.62836867e-05,18907.9
153630,1.286494,1.461750,3.62760767e-05,18909.1
153640,1.315982,1.357600,3.62684711e-05,18910.4
153650,1.266636,1.256069,3.62608701e-05,18911.7
153660,1.232190,1.293821,3.62532735e-05,18913.0
153670,1.328059,1.331622,3.62456815e-05,18914.2
153680,1.357238,1.332995,3.62380939e-05,18915.5
153690,1.381771,1.397480,3.62305109e-05,18916.7
153700,1.306253,1.323978,3.62229323e-05,18917.9
153710,1.269188,1.278492,3.62153583e-05,18919.2
153720,1.408739,1.324407,3.62077888e-05,18920.4
153730,1.443962,1.262514,3.62002237e-05,18921.7
153740,1.433951,1.276698,3.61926632e-05,18922.9
153750,1.346086,1.412901,3.61851072e-05,18924.1
153760,1.265875,1.256243,3.61775557e-05,18925.4
153770,1.241191,1.386241,3.61700086e-05,18926.5
153780,1.408803,1.262303,3.61624661e-05,18927.8
153790,1.297893,1.271039,3.61549281e-05,18929.0
153800,1.311588,1.200398,3.61473946e-05,18930.2
153810,1.312284,1.349131,3.61398656e-05,18931.4
153820,1.348347,1.221557,3.61323411e-05,18932.7
153830,1.455077,1.384764,3.61248212e-05,18933.9
153840,1.386294,1.290033,3.61173057e-05,18935.1
153850,1.349339,1.239824,3.61097947e-05,18936.3
153860,1.226144,1.330216,3.61022883e-05,18937.5
153870,1.369970,1.295256,3.60947863e-05,18938.7
153880,1.423790,1.318114,3.60872889e-05,18939.9
153890,1.234170,1.227255,3.60797959e-05,18941.1
153900,1.295421,1.234851,3.60723075e-05,18942.3
153910,1.263687,1.425967,3.60648236e-05,18943.6
153920,1.322686,1.252741,3.60573442e-05,18944.9
153930,1.254810,1.371100,3.60498693e-05,18946.1
153940,1.352213,1.349047,3.60423989e-05,18947.3
153950,1.250734,1.300526,3.60349330e-05,18948.6
153960,1.261840,1.294012,3.60274716e-05,18949.8
153970,1.344709,1.233195,3.60200147e-05,18951.0
153980,1.296703,1.315887,3.60125624e-05,18952.2
153990,1.334735,1.272382,3.60051146e-05,18953.4
154000,1.341554,1.417575,3.59976712e-05,18954.6
154010,1.359935,1.338201,3.59902324e-05,18956.1
154020,1.267757,1.387697,3.59827981e-05,18957.3
154030,1.214766,1.408466,3.59753683e-05,18958.5
154040,1.227944,1.316543,3.59679430e-05,18959.8
154050,1.306839,1.409459,3.59605222e-05,18961.1
154060,1.175472,1.244484,3.59531060e-05,18962.3
154070,1.318588,1.213424,3.59456942e-05,18963.5
154080,1.268663,1.331454,3.59382870e-05,18964.8
154090,1.290563,1.239872,3.59308843e-05,18966.0
154100,1.382604,1.360409,3.59234860e-05,18967.2
154110,1.237345,1.206632,3.59160923e-05,18968.5
154120,1.324143,1.267636,3.59087032e-05,18969.7
154130,1.259910,1.305968,3.59013185e-05,18970.9
154140,1.256776,1.274057,3.58939383e-05,18972.2
154150,1.395310,1.316753,3.58865627e-05,18973.4
154160,1.338897,1.360853,3.58791916e-05,18974.7
154170,1.386634,1.246378,3.58718250e-05,18975.9
154180,1.374584,1.320659,3.58644629e-05,18977.2
154190,1.372983,1.223173,3.58571053e-05,18978.4
154200,1.255326,1.220673,3.58497522e-05,18979.7
154210,1.366256,1.280406,3.58424037e-05,18980.9
154220,1.411678,1.266583,3.58350597e-05,18982.1
154230,1.304538,1.256738,3.58277201e-05,18983.4
154240,1.377706,1.299983,3.58203852e-05,18984.6
154250,1.327122,1.332734,3.58130547e-05,18985.8
154260,1.280654,1.408086,3.58057287e-05,18987.0
154270,1.214150,1.364920,3.57984073e-05,18988.3
154280,1.316107,1.208438,3.57910903e-05,18989.5
154290,1.311011,1.352111,3.57837779e-05,18990.7
154300,1.414269,1.419831,3.57764701e-05,18991.9
154310,1.216213,1.430263,3.57691667e-05,18993.1
154320,1.345634,1.349717,3.57618678e-05,18994.3
154330,1.249000,1.317616,3.57545735e-05,18995.5
154340,1.337612,1.416713,3.57472837e-05,18996.7
154350,1.314154,1.397168,3.57399984e-05,18998.0
154360,1.288924,1.256462,3.57327176e-05,18999.2
154370,1.319768,1.362018,3.57254414e-05,19000.4
154380,1.286880,1.358891,3.57181696e-05,19001.6
154390,1.287627,1.365174,3.57109024e-05,19002.8
154400,1.202778,1.374642,3.57036397e-05,19004.0
154410,1.403773,1.396643,3.56963816e-05,19005.2
154420,1.259530,1.380835,3.56891279e-05,19006.4
154430,1.252580,1.327512,3.56818788e-05,19007.5
154440,1.345388,1.301596,3.56746342e-05,19008.7
154450,1.375959,1.355282,3.56673941e-05,19009.9
154460,1.242738,1.276147,3.56601586e-05,19011.1
154470,1.405994,1.315668,3.56529275e-05,19012.4
154480,1.358741,1.307326,3.56457010e-05,19013.6
154490,1.370028,1.336879,3.56384790e-05,19014.8
154500,1.286286,1.295145,3.56312616e-05,19016.0
154510,1.260413,1.266461,3.56240486e-05,19017.3
154520,1.334747,1.335020,3.56168402e-05,19018.5
154530,1.275625,1.280829,3.56096363e-05,19019.6
154540,1.293529,1.383482,3.56024370e-05,19020.8
154550,1.253018,1.295610,3.55952421e-05,19021.9
154560,1.258439,1.240397,3.55880518e-05,19023.1
154570,1.309655,1.338064,3.55808660e-05,19024.2
154580,1.368632,1.351777,3.55736847e-05,19025.4
154590,1.355555,1.310140,3.55665080e-05,19026.5
154600,1.284583,1.474458,3.55593358e-05,19027.7
154610,1.410318,1.246963,3.55521681e-05,19028.8
154620,1.274547,1.310525,3.55450049e-05,19030.0
154630,1.335206,1.382370,3.55378463e-05,19031.1
154640,1.243053,1.382373,3.55306922e-05,19032.3
154650,1.424986,1.343001,3.55235426e-05,19033.4
154660,1.301708,1.303662,3.55163976e-05,19034.6
154670,1.252905,1.289493,3.55092570e-05,19035.7
154680,1.282897,1.470337,3.55021211e-05,19036.9
154690,1.260668,1.360042,3.54949896e-05,19038.1
154700,1.352873,1.279760,3.54878626e-05,19039.3
154710,1.253452,1.363519,3.54807402e-05,19040.5
154720,1.382246,1.360700,3.54736224e-05,19041.6
154730,1.272964,1.420860,3.54665090e-05,19042.8
154740,1.373436,1.300758,3.54594002e-05,19044.0
154750,1.275484,1.360348,3.54522959e-05,19045.1
154760,1.353254,1.212487,3.54451961e-05,19046.3
154770,1.285950,1.326323,3.54381009e-05,19047.4
154780,1.342444,1.334165,3.54310102e-05,19048.6
154790,1.298623,1.347408,3.54239240e-05,19049.8
154800,1.331170,1.270682,3.54168424e-05,19050.9
154810,1.227312,1.367942,3.54097653e-05,19052.0
154820,1.278866,1.290045,3.54026927e-05,19053.2
154830,1.304950,1.294477,3.53956247e-05,19054.4
154840,1.337725,1.263739,3.53885612e-05,19055.5
154850,1.428717,1.307999,3.53815022e-05,19056.6
154860,1.348301,1.283719,3.53744477e-05,19057.8
154870,1.362716,1.432262,3.53673978e-05,19059.0
154880,1.432573,1.335580,3.53603524e-05,19060.1
154890,1.214823,1.258425,3.53533116e-05,19061.2
154900,1.325976,1.312924,3.53462753e-05,19062.4
154910,1.442249,1.293805,3.53392435e-05,19063.5
154920,1.276647,1.289508,3.53322162e-05,19064.7
154930,1.363177,1.298964,3.53251935e-05,19065.8
154940,1.196615,1.198485,3.53181754e-05,19066.9
154950,1.227549,1.381948,3.53111617e-05,19068.1
154960,1.402540,1.352537,3.53041526e-05,19069.2
154970,1.225669,1.252241,3.52971480e-05,19070.4
154980,1.236385,1.368965,3.52901480e-05,19071.6
154990,1.294197,1.319056,3.52831525e-05,19072.7
155000,1.324036,1.286012,3.52761615e-05,19073.8
155010,1.430400,1.204233,3.52691751e-05,19075.2
155020,1.347055,1.397482,3.52621932e-05,19076.4
155030,1.298328,1.317652,3.52552159e-05,19077.5
155040,1.184233,1.298811,3.52482430e-05,19078.7
155050,1.327510,1.229981,3.52412748e-05,19079.8
155060,1.239323,1.306897,3.52343110e-05,19080.9
155070,1.349528,1.360145,3.52273518e-05,19082.1
155080,1.362121,1.408246,3.52203972e-05,19083.3
155090,1.272089,1.445146,3.52134470e-05,19084.4
155100,1.353518,1.237600,3.52065014e-05,19085.6
155110,1.301433,1.353842,3.51995604e-05,19086.7
155120,1.361668,1.433183,3.51926239e-05,19087.9
155130,1.264365,1.270708,3.51856919e-05,19089.0
155140,1.197562,1.229228,3.51787645e-05,19090.2
155150,1.280830,1.348355,3.51718416e-05,19091.4
155160,1.362172,1.303537,3.51649232e-05,19092.6
155170,1.295631,1.300974,3.51580094e-05,19093.8
155180,1.324271,1.302362,3.51511001e-05,19095.0
155190,1.313281,1.354482,3.51441954e-05,19096.2
155200,1.414483,1.384048,3.51372952e-05,19097.5
155210,1.238607,1.342250,3.51303995e-05,19098.7
155220,1.313629,1.257706,3.51235084e-05,19099.9
155230,1.269083,1.284248,3.51166219e-05,19101.1
155240,1.339680,1.334364,3.51097398e-05,19102.3
155250,1.303244,1.337620,3.51028624e-05,19103.5
155260,1.274076,1.323830,3.50959894e-05,19104.7
155270,1.328266,1.373977,3.50891210e-05,19105.9
155280,1.334667,1.404429,3.50822572e-05,19107.1
155290,1.359555,1.370815,3.50753978e-05,19108.3
155300,1.231195,1.463944,3.50685431e-05,19109.6
155310,1.268557,1.347189,3.50616929e-05,19110.8
155320,1.345363,1.373244,3.50548472e-05,19112.0
155330,1.363250,1.364846,3.50480060e-05,19113.3
155340,1.295952,1.377785,3.50411694e-05,19114.6
155350,1.300066,1.432304,3.50343374e-05,19115.9
155360,1.332509,1.307707,3.50275099e-05,19117.1
155370,1.309380,1.289799,3.50206869e-05,19118.3
155380,1.265749,1.325227,3.50138685e-05,19119.6
155390,1.249367,1.288871,3.50070546e-05,19120.8
155400,1.360799,1.286102,3.50002453e-05,19122.0
155410,1.297819,1.292620,3.49934405e-05,19123.3
155420,1.233348,1.292612,3.49866403e-05,19124.5
155430,1.176542,1.214818,3.49798446e-05,19125.7
155440,1.279072,1.315914,3.49730535e-05,19126.9
155450,1.309029,1.304702,3.49662669e-05,19128.1
155460,1.385694,1.302023,3.49594848e-05,19129.3
155470,1.389691,1.317819,3.49527073e-05,19130.6
155480,1.397299,1.383963,3.49459344e-05,19131.8
155490,1.370228,1.316531,3.49391660e-05,19133.0
155500,1.280414,1.271321,3.49324021e-05,19134.2
155510,1.305520,1.313205,3.49256428e-05,19135.7
155520,1.273085,1.366127,3.49188881e-05,19136.9
155530,1.294475,1.366202,3.49121379e-05,19138.1
155540,1.353176,1.232210,3.49053922e-05,19139.4
155550,1.329699,1.263249,3.48986511e-05,19140.6
155560,1.243603,1.228505,3.48919145e-05,19141.8
155570,1.279112,1.372298,3.48851825e-05,19143.1
155580,1.405190,1.375481,3.48784551e-05,19144.3
155590,1.331203,1.285258,3.48717322e-05,19145.5
155600,1.500274,1.317319,3.48650138e-05,19146.8
155610,1.410387,1.388715,3.48583000e-05,19148.0
155620,1.260834,1.389046,3.48515907e-05,19149.3
155630,1.340250,1.229606,3.48448860e-05,19150.5
155640,1.265245,1.290260,3.48381859e-05,19151.8
155650,1.330508,1.248754,3.48314903e-05,19153.0
155660,1.259225,1.242712,3.48247992e-05,19154.2
155670,1.230660,1.388636,3.48181127e-05,19155.4
155680,1.181958,1.334218,3.48114308e-05,19156.7
155690,1.325697,1.450911,3.48047534e-05,19157.9
155700,1.300974,1.310421,3.47980805e-05,19159.1
155710,1.380486,1.428476,3.47914122e-05,19160.4
155720,1.343196,1.299345,3.47847485e-05,19161.6
155730,1.397775,1.292995,3.47780893e-05,19162.8
155740,1.301597,1.353444,3.47714347e-05,19164.0
155750,1.288286,1.225800,3.47647846e-05,19165.3
155760,1.297913,1.323852,3.47581391e-05,19166.5
155770,1.293153,1.365319,3.47514981e-05,19167.7
155780,1.313522,1.277074,3.47448617e-05,19168.9
155790,1.245007,1.345379,3.47382299e-05,19170.2
155800,1.316204,1.329228,3.47316026e-05,19171.4
155810,1.251821,1.225875,3.47249798e-05,19172.7
155820,1.263178,1.270844,3.47183616e-05,19174.0
155830,1.267564,1.317993,3.47117480e-05,19175.2
155840,1.368641,1.377146,3.47051389e-05,19176.5
155850,1.252133,1.343742,3.46985344e-05,19177.7
155860,1.238346,1.311028,3.46919344e-05,19178.9
155870,1.333483,1.328047,3.46853390e-05,19180.1
155880,1.277470,1.274571,3.46787482e-05,19181.4
155890,1.230745,1.337191,3.46721619e-05,19182.7
155900,1.329472,1.495426,3.46655801e-05,19183.9
155910,1.406207,1.270732,3.46590029e-05,19185.1
155920,1.356770,1.374871,3.46524303e-05,19186.3
155930,1.242733,1.367804,3.46458623e-05,19187.5
155940,1.210250,1.257399,3.46392988e-05,19188.8
155950,1.230363,1.341017,3.46327398e-05,19190.1
155960,1.329803,1.201819,3.46261854e-05,19191.3
155970,1.333611,1.321545,3.46196356e-05,19192.6
155980,1.279048,1.369209,3.46130903e-05,19193.8
155990,1.355750,1.245795,3.46065496e-05,19195.1
156000,1.474125,1.339522,3.46000135e-05,19196.3
156010,1.289060,1.346716,3.45934819e-05,19197.8
156020,1.317405,1.358488,3.45869548e-05,19199.1
156030,1.313472,1.268688,3.45804324e-05,19200.3
156040,1.270146,1.312773,3.45739144e-05,19201.5
156050,1.361243,1.423381,3.45674011e-05,19202.7
156060,1.314584,1.208367,3.45608923e-05,19203.8
156070,1.351622,1.294882,3.45543881e-05,19205.0
156080,1.367382,1.332014,3.45478884e-05,19206.2
156090,1.327250,1.440065,3.45413933e-05,19207.5
156100,1.293958,1.417736,3.45349028e-05,19208.7
156110,1.264120,1.350404,3.45284168e-05,19209.9
156120,1.299135,1.312296,3.45219354e-05,19211.0
156130,1.306183,1.342706,3.45154585e-05,19212.2
156140,1.316683,1.277261,3.45089862e-05,19213.4
156150,1.333721,1.425260,3.45025185e-05,19214.5
156160,1.336686,1.245670,3.44960553e-05,19215.7
156170,1.331775,1.321962,3.44895967e-05,19216.8
156180,1.295629,1.396016,3.44831427e-05,19218.0
156190,1.393763,1.367342,3.44766932e-05,19219.1
156200,1.258831,1.317052,3.44702483e-05,19220.2
156210,1.355599,1.297520,3.44638080e-05,19221.3
156220,1.354970,1.388607,3.44573722e-05,19222.5
156230,1.311196,1.353374,3.44509410e-05,19223.6
156240,1.342792,1.427240,3.44445143e-05,19224.8
156250,1.312291,1.246575,3.44380922e-05,19225.9
156260,1.269247,1.321870,3.44316747e-05,19227.0
156270,1.349131,1.341037,3.44252618e-05,19228.2
156280,1.372359,1.355279,3.44188534e-05,19229.3
156290,1.355730,1.331356,3.44124496e-05,19230.5
156300,1.274546,1.349123,3.44060503e-05,19231.6
156310,1.308791,1.209886,3.43996556e-05,19232.7
156320,1.337796,1.357818,3.43932655e-05,19233.9
156330,1.347802,1.312467,3.43868799e-05,19235.0
156340,1.249400,1.333580,3.43804990e-05,19236.2
156350,1.257152,1.336071,3.43741225e-05,19237.3
156360,1.431483,1.343031,3.43677507e-05,19238.5
156370,1.246500,1.321754,3.43613834e-05,19239.6
156380,1.312019,1.261071,3.43550207e-05,19240.8
156390,1.199487,1.371749,3.43486625e-05,19241.9
156400,1.278270,1.367920,3.43423090e-05,19243.1
156410,1.286919,1.282251,3.43359600e-05,19244.2
156420,1.437389,1.298511,3.43296155e-05,19245.3
156430,1.327703,1.267433,3.43232756e-05,19246.5
156440,1.259280,1.422311,3.43169403e-05,19247.6
156450,1.292583,1.227571,3.43106096e-05,19248.7
156460,1.384734,1.299949,3.43042835e-05,19249.9
156470,1.350463,1.309567,3.42979619e-05,19251.0
156480,1.300243,1.332364,3.42916448e-05,19252.2
156490,1.390521,1.361162,3.42853324e-05,19253.3
156500,1.335410,1.302689,3.42790245e-05,19254.4
156510,1.303216,1.306760,3.42727212e-05,19255.7
156520,1.297703,1.283932,3.42664225e-05,19256.9
156530,1.281335,1.295058,3.42601283e-05,19258.0
156540,1.320068,1.221127,3.42538387e-05,19259.1
156550,1.306225,1.360789,3.42475537e-05,19260.3
156560,1.301244,1.389832,3.42412732e-05,19261.5
156570,1.333658,1.282414,3.42349974e-05,19262.6
156580,1.300135,1.260291,3.42287261e-05,19263.8
156590,1.231881,1.369998,3.42224593e-05,19264.9
156600,1.221309,1.402455,3.42161972e-05,19266.0
156610,1.329520,1.368515,3.42099396e-05,19267.2
156620,1.418127,1.200516,3.42036866e-05,19268.3
156630,1.315474,1.242211,3.41974382e-05,19269.5
156640,1.226664,1.273074,3.41911943e-05,19270.6
156650,1.234269,1.430673,3.41849550e-05,19271.7
156660,1.401059,1.261295,3.41787203e-05,19272.8
156670,1.265271,1.341126,3.41724902e-05,19274.0
156680,1.368583,1.335510,3.41662646e-05,19275.1
156690,1.270918,1.298315,3.41600436e-05,19276.2
156700,1.362866,1.370218,3.41538272e-05,19277.4
156710,1.423950,1.222976,3.41476154e-05,19278.5
156720,1.307129,1.337113,3.41414081e-05,19279.6
156730,1.114033,1.300551,3.41352054e-05,19280.8
156740,1.239982,1.363268,3.41290073e-05,19281.9
156750,1.276632,1.382646,3.41228138e-05,19283.1
156760,1.394431,1.331762,3.41166248e-05,19284.2
156770,1.260146,1.250660,3.41104404e-05,19285.4
156780,1.373687,1.321815,3.41042606e-05,19286.5
156790,1.268994,1.401203,3.40980854e-05,19287.6
156800,1.311867,1.318148,3.40919147e-05,19288.8
156810,1.304423,1.350802,3.40857487e-05,19289.9
156820,1.291418,1.330302,3.40795872e-05,19291.0
156830,1.327480,1.300557,3.40734303e-05,19292.2
156840,1.333163,1.368568,3.40672779e-05,19293.3
156850,1.241173,1.301526,3.40611302e-05,19294.4
156860,1.178903,1.249185,3.40549870e-05,19295.6
156870,1.253257,1.385156,3.40488484e-05,19296.7
156880,1.357296,1.383291,3.40427144e-05,19297.8
156890,1.266232,1.337966,3.40365849e-05,19299.0
156900,1.278049,1.363237,3.40304601e-05,19300.1
156910,1.285742,1.339579,3.40243398e-05,19301.3
156920,1.320324,1.363196,3.40182241e-05,19302.4
156930,1.357259,1.292108,3.40121130e-05,19303.5
156940,1.368687,1.287281,3.40060064e-05,19304.6
156950,1.302152,1.297459,3.39999045e-05,19305.8
156960,1.321642,1.304485,3.39938071e-05,19306.9
156970,1.297194,1.370448,3.39877143e-05,19308.0
156980,1.264066,1.344925,3.39816261e-05,19309.2
156990,1.360013,1.325230,3.39755424e-05,19310.4
157000,1.395433,1.296943,3.39694634e-05,19311.5
157010,1.273335,1.274797,3.39633889e-05,19312.8
157020,1.373101,1.287814,3.39573190e-05,19314.0
157030,1.202385,1.414635,3.39512537e-05,19315.1
157040,1.371079,1.378889,3.39451930e-05,19316.3
157050,1.217393,1.370151,3.39391369e-05,19317.4
157060,1.234367,1.332590,3.39330853e-05,19318.6
157070,1.419537,1.290262,3.39270383e-05,19319.7
157080,1.346130,1.247751,3.39209959e-05,19320.8
157090,1.334292,1.381958,3.39149581e-05,19322.0
157100,1.397671,1.393731,3.39089249e-05,19323.1
157110,1.361901,1.406339,3.39028963e-05,19324.3
157120,1.333389,1.343083,3.38968722e-05,19325.5
157130,1.286214,1.275275,3.38908527e-05,19326.6
157140,1.229150,1.344893,3.38848379e-05,19327.7
157150,1.207002,1.236104,3.38788276e-05,19328.8
157160,1.234627,1.275385,3.38728218e-05,19330.0
157170,1.303128,1.293103,3.38668207e-05,19331.1
157180,1.269551,1.248556,3.38608242e-05,19332.3
157190,1.297755,1.442490,3.38548322e-05,19333.4
157200,1.223040,1.214986,3.38488448e-05,19334.5
157210,1.294224,1.329105,3.38428620e-05,19335.7
157220,1.324960,1.263872,3.38368838e-05,19336.8
157230,1.238217,1.373805,3.38309102e-05,19338.0
157240,1.298687,1.293441,3.38249412e-05,19339.2
157250,1.267133,1.287519,3.38189768e-05,19340.3
157260,1.300223,1.353977,3.38130169e-05,19341.5
157270,1.286516,1.294924,3.38070616e-05,19342.6
157280,1.366132,1.195733,3.38011110e-05,19343.7
157290,1.377415,1.366693,3.37951649e-05,19344.9
157300,1.321926,1.397677,3.37892234e-05,19346.0
157310,1.351537,1.371354,3.37832865e-05,19347.2
157320,1.324440,1.333928,3.37773541e-05,19348.3
157330,1.415986,1.350455,3.37714264e-05,19349.5
157340,1.297690,1.258000,3.37655033e-05,19350.6
157350,1.465234,1.401288,3.37595847e-05,19351.7
157360,1.316013,1.368739,3.37536707e-05,19352.9
157370,1.246624,1.324320,3.37477613e-05,19354.0
157380,1.276276,1.381878,3.37418566e-05,19355.1
157390,1.318216,1.288808,3.37359564e-05,19356.3
157400,1.350044,1.337158,3.37300607e-05,19357.4
157410,1.262361,1.311340,3.37241697e-05,19358.5
157420,1.452332,1.307090,3.37182833e-05,19359.7
157430,1.305276,1.402097,3.37124015e-05,19360.8
157440,1.348136,1.326567,3.37065242e-05,19361.9
157450,1.239978,1.318994,3.37006516e-05,19363.1
157460,1.392231,1.386427,3.36947835e-05,19364.3
157470,1.304906,1.263134,3.36889200e-05,19365.4
157480,1.225854,1.271743,3.36830611e-05,19366.6
157490,1.420538,1.347265,3.36772069e-05,19367.7
157500,1.252780,1.338423,3.36713572e-05,19368.9
157510,1.310382,1.331655,3.36655120e-05,19370.2
157520,1.324924,1.266366,3.36596715e-05,19371.4
157530,1.333276,1.304073,3.36538356e-05,19372.5
157540,1.272556,1.306155,3.36480043e-05,19373.7
157550,1.347626,1.335109,3.36421776e-05,19374.8
157560,1.325671,1.377820,3.36363554e-05,19375.9
157570,1.284162,1.234495,3.36305379e-05,19377.1
157580,1.319270,1.380379,3.36247249e-05,19378.2
157590,1.331141,1.321760,3.36189166e-05,19379.4
157600,1.316854,1.402611,3.36131128e-05,19380.5
157610,1.344360,1.317999,3.36073136e-05,19381.7
157620,1.283990,1.293475,3.36015191e-05,19382.8
157630,1.335543,1.361287,3.35957291e-05,19384.0
157640,1.334129,1.291031,3.35899437e-05,19385.1
157650,1.332001,1.334399,3.35841629e-05,19386.2
157660,1.394703,1.316116,3.35783867e-05,19387.4
157670,1.380048,1.276963,3.35726151e-05,19388.5
157680,1.278035,1.284065,3.35668481e-05,19389.6
157690,1.262817,1.254097,3.35610857e-05,19390.8
157700,1.253096,1.324883,3.35553279e-05,19391.9
157710,1.382797,1.351589,3.35495747e-05,19393.0
157720,1.358443,1.312976,3.35438261e-05,19394.2
157730,1.242020,1.344734,3.35380820e-05,19395.4
157740,1.255135,1.323447,3.35323426e-05,19396.5
157750,1.407835,1.363374,3.35266078e-05,19397.6
157760,1.201271,1.213626,3.35208776e-05,19398.8
157770,1.267001,1.408134,3.35151519e-05,19399.9
157780,1.363611,1.323668,3.35094309e-05,19401.0
157790,1.305571,1.366216,3.35037145e-05,19402.2
157800,1.242240,1.321851,3.34980026e-05,19403.3
157810,1.316206,1.434778,3.34922954e-05,19404.4
157820,1.272499,1.335860,3.34865928e-05,19405.5
157830,1.260836,1.421277,3.34808947e-05,19406.7
157840,1.337922,1.322336,3.34752013e-05,19407.8
157850,1.263755,1.340587,3.34695124e-05,19408.9
157860,1.305406,1.358536,3.34638282e-05,19410.0
157870,1.243054,1.345086,3.34581486e-05,19411.2
157880,1.518962,1.209867,3.34524735e-05,19412.3
157890,1.315645,1.313427,3.34468031e-05,19413.5
157900,1.395975,1.295799,3.34411372e-05,19414.6
157910,1.245713,1.279914,3.34354760e-05,19415.7
157920,1.337495,1.280965,3.34298193e-05,19416.8
157930,1.301100,1.272240,3.34241673e-05,19418.0
157940,1.250416,1.227232,3.34185199e-05,19419.1
157950,1.324761,1.345853,3.34128770e-05,19420.2
157960,1.336728,1.260824,3.34072388e-05,19421.4
157970,1.312148,1.297241,3.34016051e-05,19422.5
157980,1.382629,1.418828,3.33959761e-05,19423.6
157990,1.292508,1.333566,3.33903517e-05,19424.7
158000,1.254521,1.298310,3.33847319e-05,19425.9
158010,1.360690,1.327614,3.33791166e-05,19427.2
158020,1.363214,1.299258,3.33735060e-05,19428.3
158030,1.283152,1.368814,3.33679000e-05,19429.5
158040,1.333540,1.344304,3.33622986e-05,19430.6
158050,1.277268,1.306976,3.33567018e-05,19431.7
158060,1.332301,1.463799,3.33511095e-05,19432.8
158070,1.322977,1.230299,3.33455219e-05,19434.0
158080,1.269474,1.319845,3.33399389e-05,19435.1
158090,1.259034,1.450805,3.33343605e-05,19436.2
158100,1.198709,1.214536,3.33287867e-05,19437.4
158110,1.369985,1.240203,3.33232175e-05,19438.5
158120,1.229585,1.346871,3.33176530e-05,19439.6
158130,1.261812,1.297487,3.33120930e-05,19440.8
158140,1.260469,1.380403,3.33065376e-05,19441.9
158150,1.246330,1.213791,3.33009868e-05,19443.0
158160,1.274512,1.357071,3.32954407e-05,19444.1
158170,1.335119,1.274807,3.32898991e-05,19445.3
158180,1.272294,1.470872,3.32843621e-05,19446.4
158190,1.235660,1.388227,3.32788298e-05,19447.6
158200,1.277222,1.250367,3.32733020e-05,19448.7
158210,1.443805,1.262720,3.32677789e-05,19449.8
158220,1.339896,1.313813,3.32622604e-05,19450.9
158230,1.254684,1.279016,3.32567465e-05,19452.1
158240,1.288046,1.344854,3.32512371e-05,19453.2
158250,1.259647,1.347939,3.32457324e-05,19454.3
158260,1.283081,1.375398,3.32402323e-05,19455.5
158270,1.334031,1.350497,3.32347368e-05,19456.6
158280,1.328976,1.269595,3.32292459e-05,19457.7
158290,1.363197,1.257609,3.32237597e-05,19458.9
158300,1.283963,1.326338,3.32182780e-05,19460.0
158310,1.266598,1.308337,3.32128009e-05,19461.2
158320,1.342703,1.226134,3.32073285e-05,19462.3
158330,1.351846,1.221692,3.32018606e-05,19463.4
158340,1.275461,1.266602,3.31963974e-05,19464.6
158350,1.289910,1.344911,3.31909388e-05,19465.7
158360,1.331569,1.303841,3.31854847e-05,19466.8
158370,1.384940,1.265537,3.31800353e-05,19468.0
158380,1.229277,1.326862,3.31745905e-05,19469.1
158390,1.290167,1.331892,3.31691503e-05,19470.3
158400,1.250481,1.237607,3.31637148e-05,19471.4
158410,1.305005,1.447232,3.31582838e-05,19472.6
158420,1.305115,1.266846,3.31528574e-05,19473.7
158430,1.333474,1.274138,3.31474357e-05,19474.8
158440,1.323957,1.364199,3.31420185e-05,19475.9
158450,1.352461,1.302485,3.31366060e-05,19477.1
158460,1.264587,1.424841,3.31311981e-05,19478.2
158470,1.281506,1.338077,3.31257948e-05,19479.4
158480,1.252461,1.296158,3.31203961e-05,19480.5
158490,1.242255,1.321816,3.31150020e-05,19481.6
158500,1.297283,1.383406,3.31096126e-05,19482.8
158510,1.377512,1.356095,3.31042277e-05,19484.1
158520,1.293063,1.248384,3.30988475e-05,19485.2
158530,1.291984,1.279611,3.30934718e-05,19486.3
158540,1.263306,1.308976,3.30881008e-05,19487.4
158550,1.238504,1.287623,3.30827344e-05,19488.6
158560,1.409086,1.281781,3.30773726e-05,19489.7
158570,1.284002,1.328598,3.30720154e-05,19490.8
158580,1.274684,1.281941,3.30666628e-05,19492.0
158590,1.194013,1.334743,3.30613149e-05,19493.1
158600,1.328019,1.348979,3.30559715e-05,19494.2
158610,1.192514,1.328490,3.30506328e-05,19495.4
158620,1.321976,1.321913,3.30452987e-05,19496.5
158630,1.311527,1.316965,3.30399692e-05,19497.6
158640,1.360978,1.282888,3.30346443e-05,19498.8
158650,1.293684,1.408700,3.30293241e-05,19499.9
158660,1.335609,1.390651,3.30240084e-05,19501.0
158670,1.275339,1.349751,3.30186974e-05,19502.1
158680,1.323463,1.359301,3.30133909e-05,19503.3
158690,1.279015,1.296809,3.30080891e-05,19504.4
158700,1.374682,1.353291,3.30027919e-05,19505.6
158710,1.272395,1.323577,3.29974994e-05,19506.7
158720,1.259253,1.248845,3.29922114e-05,19507.8
158730,1.381512,1.412782,3.29869281e-05,19508.9
158740,1.338188,1.384826,3.29816493e-05,19510.1
158750,1.367165,1.207642,3.29763752e-05,19511.2
158760,1.383378,1.352785,3.29711057e-05,19512.3
158770,1.356511,1.273013,3.29658408e-05,19513.4
158780,1.300469,1.354317,3.29605806e-05,19514.6
158790,1.249252,1.374478,3.29553249e-05,19515.7
158800,1.329289,1.336142,3.29500739e-05,19516.8
158810,1.318764,1.324089,3.29448275e-05,19517.9
158820,1.268742,1.399338,3.29395857e-05,19519.1
158830,1.288167,1.267096,3.29343485e-05,19520.2
158840,1.297233,1.275825,3.29291160e-05,19521.3
158850,1.327898,1.352030,3.29238880e-05,19522.5
158860,1.254184,1.438466,3.29186647e-05,19523.6
158870,1.275805,1.297035,3.29134460e-05,19524.7
158880,1.316981,1.284694,3.29082319e-05,19525.9
158890,1.209752,1.330082,3.29030225e-05,19527.0
158900,1.296373,1.269603,3.28978176e-05,19528.1
158910,1.292013,1.238153,3.28926174e-05,19529.2
158920,1.260580,1.356206,3.28874218e-05,19530.4
158930,1.270301,1.246971,3.28822308e-05,19531.5
158940,1.429095,1.242285,3.28770445e-05,19532.6
158950,1.410949,1.262801,3.28718627e-05,19533.8
158960,1.330460,1.264222,3.28666856e-05,19534.9
158970,1.324335,1.362287,3.28615131e-05,19536.0
158980,1.312401,1.294823,3.28563452e-05,19537.2
158990,1.285278,1.348390,3.28511819e-05,19538.3
159000,1.226707,1.322888,3.28460233e-05,19539.4
159010,1.316706,1.315617,3.28408693e-05,19540.8
159020,1.325021,1.358479,3.28357199e-05,19541.9
159030,1.288615,1.263908,3.28305751e-05,19543.1
159040,1.280474,1.321837,3.28254350e-05,19544.2
159050,1.359718,1.328962,3.28202994e-05,19545.3
159060,1.333301,1.299159,3.28151685e-05,19546.4
159070,1.271281,1.377446,3.28100422e-05,19547.6
159080,1.345936,1.319696,3.28049206e-05,19548.7
159090,1.345534,1.271122,3.27998035e-05,19549.8
159100,1.385276,1.334824,3.27946911e-05,19550.9
159110,1.307497,1.369693,3.27895833e-05,19552.1
159120,1.338887,1.464454,3.27844801e-05,19553.2
159130,1.269698,1.350738,3.27793816e-05,19554.3
159140,1.345918,1.361310,3.27742877e-05,19555.4
159150,1.335563,1.256655,3.27691984e-05,19556.6
159160,1.455078,1.335322,3.27641137e-05,19557.7
159170,1.351558,1.396417,3.27590336e-05,19558.8
159180,1.209557,1.429673,3.27539582e-05,19560.0
159190,1.257033,1.270580,3.27488874e-05,19561.1
159200,1.212440,1.317138,3.27438212e-05,19562.2
159210,1.249002,1.260928,3.27387597e-05,19563.3
159220,1.206333,1.364331,3.27337027e-05,19564.5
159230,1.231328,1.283491,3.27286504e-05,19565.6
159240,1.402886,1.253212,3.27236027e-05,19566.7
159250,1.266717,1.255743,3.27185597e-05,19567.9
159260,1.370737,1.204833,3.27135213e-05,19569.0
159270,1.304836,1.300110,3.27084875e-05,19570.2
159280,1.271161,1.421442,3.27034583e-05,19571.4
159290,1.270959,1.294726,3.26984337e-05,19572.5
159300,1.257099,1.274219,3.26934138e-05,19573.6
159310,1.294608,1.309677,3.26883985e-05,19574.8
159320,1.370464,1.225710,3.26833878e-05,19575.9
159330,1.288452,1.264058,3.26783818e-05,19577.0
159340,1.427360,1.160360,3.26733804e-05,19578.2
159350,1.278569,1.344834,3.26683836e-05,19579.3
159360,1.282109,1.461240,3.26633914e-05,19580.5
159370,1.350360,1.416572,3.26584039e-05,19581.6
159380,1.274637,1.333062,3.26534210e-05,19582.8
159390,1.303447,1.372443,3.26484427e-05,19583.9
159400,1.266293,1.389757,3.26434691e-05,19585.1
159410,1.398655,1.412248,3.26385000e-05,19586.2
159420,1.323171,1.308864,3.26335356e-05,19587.3
159430,1.335911,1.310707,3.26285759e-05,19588.5
159440,1.181564,1.263447,3.26236207e-05,19589.6
159450,1.270064,1.334925,3.26186702e-05,19590.7
159460,1.330828,1.244673,3.26137244e-05,19591.9
159470,1.381768,1.285630,3.26087831e-05,19593.0
159480,1.290759,1.320503,3.26038465e-05,19594.1
159490,1.294465,1.358600,3.25989145e-05,19595.2
159500,1.244374,1.248744,3.25939871e-05,19596.4
159510,1.406486,1.250724,3.25890644e-05,19597.7
159520,1.229266,1.333128,3.25841463e-05,19598.8
159530,1.409424,1.233853,3.25792329e-05,19599.9
159540,1.284679,1.383623,3.25743240e-05,19601.1
159550,1.300667,1.258587,3.25694198e-05,19602.2
159560,1.370027,1.296366,3.25645202e-05,19603.4
159570,1.209857,1.301433,3.25596253e-05,19604.5
159580,1.274632,1.364492,3.25547350e-05,19605.6
159590,1.303954,1.317973,3.25498493e-05,19606.7
159600,1.330919,1.367950,3.25449682e-05,19607.9
159610,1.368147,1.251163,3.25400918e-05,19609.0
159620,1.279523,1.377166,3.25352200e-05,19610.2
159630,1.267203,1.433765,3.25303529e-05,19611.4
159640,1.320971,1.353063,3.25254904e-05,19612.5
159650,1.226685,1.310098,3.25206325e-05,19613.7
159660,1.378854,1.346545,3.25157792e-05,19614.9
159670,1.267681,1.288368,3.25109306e-05,19616.0
159680,1.348274,1.317813,3.25060866e-05,19617.2
159690,1.414659,1.266955,3.25012472e-05,19618.3
159700,1.329485,1.229709,3.24964125e-05,19619.4
159710,1.297043,1.374589,3.24915824e-05,19620.6
159720,1.234759,1.347043,3.24867570e-05,19621.7
159730,1.367598,1.381168,3.24819361e-05,19622.9
159740,1.327311,1.263806,3.24771200e-05,19624.0
159750,1.214675,1.328865,3.24723084e-05,19625.2
159760,1.234143,1.261194,3.24675015e-05,19626.3
159770,1.282587,1.296265,3.24626992e-05,19627.5
159780,1.335409,1.371195,3.24579015e-05,19628.6
159790,1.334522,1.282088,3.24531085e-05,19629.7
159800,1.324537,1.258241,3.24483201e-05,19630.9
159810,1.281561,1.234937,3.24435364e-05,19632.1
159820,1.319348,1.316681,3.24387573e-05,19633.2
159830,1.242885,1.420398,3.24339828e-05,19634.4
159840,1.236349,1.258036,3.24292130e-05,19635.5
159850,1.328673,1.307601,3.24244478e-05,19636.7
159860,1.299964,1.333038,3.24196872e-05,19637.9
159870,1.253244,1.244453,3.24149313e-05,19639.0
159880,1.326838,1.318186,3.24101800e-05,19640.2
159890,1.427566,1.253680,3.24054333e-05,19641.4
159900,1.242823,1.350532,3.24006913e-05,19642.6
159910,1.288817,1.303107,3.23959539e-05,19643.7
159920,1.262743,1.370326,3.23912212e-05,19644.9
159930,1.226822,1.335842,3.23864930e-05,19646.1
159940,1.367185,1.223167,3.23817696e-05,19647.3
159950,1.284772,1.413153,3.23770507e-05,19648.4
159960,1.387286,1.288151,3.23723365e-05,19649.6
159970,1.277639,1.309003,3.23676270e-05,19650.8
159980,1.417825,1.304925,3.23629220e-05,19652.0
159990,1.303774,1.297519,3.23582218e-05,19653.2
160000,1.362351,1.308539,3.23535261e-05,19654.3
160010,1.343550,1.389397,3.23488351e-05,19655.7
160020,1.267717,1.304056,3.23441487e-05,19656.8
160030,1.254642,1.433758,3.23394670e-05,19658.0
160040,1.307833,1.288926,3.23347899e-05,19659.1
160050,1.263315,1.293901,3.23301175e-05,19660.2
160060,1.235096,1.248296,3.23254496e-05,19661.3
160070,1.297314,1.252366,3.23207865e-05,19662.4
160080,1.404425,1.305339,3.23161279e-05,19663.6
160090,1.309887,1.280249,3.23114740e-05,19664.7
160100,1.212407,1.308453,3.23068248e-05,19665.8
160110,1.319234,1.270747,3.23021802e-05,19667.0
160120,1.399876,1.355390,3.22975402e-05,19668.1
160130,1.235482,1.264567,3.22929049e-05,19669.2
160140,1.304207,1.336576,3.22882742e-05,19670.3
160150,1.375811,1.284767,3.22836481e-05,19671.5
160160,1.323870,1.324984,3.22790267e-05,19672.6
160170,1.278988,1.358286,3.22744099e-05,19673.8
160180,1.286266,1.296237,3.22697978e-05,19674.9
160190,1.360555,1.357532,3.22651903e-05,19676.0
160200,1.351750,1.344818,3.22605875e-05,19677.1
160210,1.340487,1.288613,3.22559893e-05,19678.2
160220,1.228355,1.222043,3.22513957e-05,19679.4
160230,1.335447,1.320379,3.22468068e-05,19680.5
160240,1.296096,1.331619,3.22422225e-05,19681.6
160250,1.330672,1.351580,3.22376429e-05,19682.7
160260,1.333913,1.281420,3.22330679e-05,19683.9
160270,1.361876,1.347231,3.22284975e-05,19685.0
160280,1.231074,1.215865,3.22239318e-05,19686.1
160290,1.220932,1.387053,3.22193708e-05,19687.2
160300,1.230859,1.394807,3.22148143e-05,19688.4
160310,1.207610,1.296191,3.22102626e-05,19689.5
160320,1.243429,1.344032,3.22057154e-05,19690.6
160330,1.368847,1.440631,3.22011729e-05,19691.7
160340,1.339679,1.338978,3.21966351e-05,19692.9
160350,1.368992,1.216097,3.21921019e-05,19694.0
160360,1.298499,1.363906,3.21875733e-05,19695.1
160370,1.248882,1.331991,3.21830494e-05,19696.2
160380,1.337952,1.262044,3.21785301e-05,19697.4
160390,1.320577,1.232889,3.21740155e-05,19698.5
160400,1.321394,1.448241,3.21695055e-05,19699.7
160410,1.306758,1.273358,3.21650002e-05,19700.8
160420,1.333238,1.336809,3.21604995e-05,19701.9
160430,1.304042,1.260410,3.21560035e-05,19703.0
160440,1.446003,1.369663,3.21515121e-05,19704.2
160450,1.345975,1.395625,3.21470253e-05,19705.3
160460,1.368246,1.323084,3.21425432e-05,19706.5
160470,1.370985,1.342880,3.21380657e-05,19707.6
160480,1.299208,1.305273,3.21335929e-05,19708.7
160490,1.370113,1.428825,3.21291248e-05,19709.8
160500,1.293736,1.341681,3.21246612e-05,19710.9
160510,1.257800,1.225349,3.21202024e-05,19712.3
160520,1.259791,1.287504,3.21157481e-05,19713.4
160530,1.328672,1.344842,3.21112985e-05,19714.6
160540,1.290542,1.319574,3.21068536e-05,19715.8
160550,1.289049,1.280471,3.21024133e-05,19716.9
160560,1.323682,1.334965,3.20979777e-05,19718.0
160570,1.368681,1.246011,3.20935467e-05,19719.2
160580,1.297844,1.333029,3.20891203e-05,19720.3
160590,1.336836,1.248824,3.20846986e-05,19721.4
160600,1.237078,1.254414,3.20802816e-05,19722.5
160610,1.342226,1.431903,3.20758692e-05,19723.7
160620,1.316987,1.367236,3.20714614e-05,19724.8
160630,1.360279,1.270528,3.20670583e-05,19725.9
160640,1.259316,1.330906,3.20626598e-05,19727.1
160650,1.355598,1.337157,3.20582660e-05,19728.2
160660,1.386365,1.272317,3.20538769e-05,19729.3
160670,1.251287,1.273127,3.20494924e-05,19730.4
160680,1.304592,1.407564,3.20451125e-05,19731.6
160690,1.270222,1.333868,3.20407373e-05,19732.7
160700,1.308396,1.241457,3.20363667e-05,19733.8
160710,1.279448,1.376392,3.20320008e-05,19735.0
160720,1.279127,1.304950,3.20276395e-05,19736.1
160730,1.213343,1.354229,3.20232829e-05,19737.2
160740,1.269294,1.251701,3.20189309e-05,19738.3
160750,1.359094,1.321815,3.20145836e-05,19739.4
160760,1.291673,1.209270,3.20102410e-05,19740.6
160770,1.333391,1.346521,3.20059030e-05,19741.7
160780,1.272671,1.261778,3.20015696e-05,19742.8
160790,1.273292,1.325300,3.19972409e-05,19743.9
160800,1.337020,1.275637,3.19929168e-05,19745.1
160810,1.345147,1.325036,3.19885974e-05,19746.2
160820,1.266705,1.246369,3.19842826e-05,19747.3
160830,1.263407,1.313966,3.19799725e-05,19748.5
160840,1.260016,1.371324,3.19756671e-05,19749.6
160850,1.301066,1.347308,3.19713663e-05,19750.7
160860,1.273303,1.234063,3.19670701e-05,19751.9
160870,1.324001,1.352447,3.19627786e-05,19753.0
160880,1.307611,1.380408,3.19584918e-05,19754.1
160890,1.396961,1.299175,3.19542096e-05,19755.2
160900,1.268706,1.392175,3.19499320e-05,19756.4
160910,1.342761,1.329159,3.19456591e-05,19757.5
160920,1.290141,1.351400,3.19413909e-05,19758.7
160930,1.273900,1.354382,3.19371273e-05,19759.8
160940,1.353091,1.340943,3.19328684e-05,19760.9
160950,1.261163,1.321060,3.19286141e-05,19762.1
160960,1.393363,1.291237,3.19243645e-05,19763.2
160970,1.367023,1.346790,3.19201195e-05,19764.3
160980,1.350862,1.254142,3.19158792e-05,19765.4
160990,1.262929,1.455431,3.19116435e-05,19766.5
161000,1.351565,1.307982,3.19074125e-05,19767.7
161010,1.292392,1.241890,3.19031861e-05,19769.0
161020,1.237341,1.395025,3.18989644e-05,19770.1
161030,1.318701,1.355610,3.18947474e-05,19771.3
161040,1.334459,1.338740,3.18905350e-05,19772.4
161050,1.341622,1.370535,3.18863273e-05,19773.5
161060,1.296847,1.312178,3.18821242e-05,19774.7
161070,1.286267,1.288720,3.18779257e-05,19775.8
161080,1.252221,1.394265,3.18737320e-05,19776.9
161090,1.291426,1.348822,3.18695428e-05,19778.1
161100,1.329545,1.289829,3.18653584e-05,19779.2
161110,1.303743,1.375655,3.18611786e-05,19780.3
161120,1.330873,1.448143,3.18570034e-05,19781.5
161130,1.221314,1.312530,3.18528329e-05,19782.7
161140,1.377121,1.277736,3.18486671e-05,19783.8
161150,1.296449,1.333459,3.18445059e-05,19784.9
161160,1.332714,1.365206,3.18403494e-05,19786.1
161170,1.288032,1.298779,3.18361975e-05,19787.3
161180,1.205076,1.318408,3.18320503e-05,19788.4
161190,1.276132,1.406073,3.18279077e-05,19789.6
161200,1.315904,1.423137,3.18237698e-05,19790.7
161210,1.258974,1.297026,3.18196366e-05,19791.8
161220,1.351375,1.434924,3.18155080e-05,19793.0
161230,1.216163,1.286369,3.18113841e-05,19794.1
161240,1.314904,1.351704,3.18072648e-05,19795.2
161250,1.275554,1.361689,3.18031502e-05,19796.4
161260,1.319864,1.285236,3.17990402e-05,19797.5
161270,1.247820,1.384820,3.17949349e-05,19798.6
161280,1.259603,1.254074,3.17908343e-05,19799.8
161290,1.324270,1.391440,3.17867383e-05,19800.9
161300,1.291972,1.300064,3.17826470e-05,19802.0
161310,1.297204,1.305089,3.17785603e-05,19803.2
161320,1.363880,1.287579,3.17744783e-05,19804.3
161330,1.375037,1.356550,3.17704009e-05,19805.5
161340,1.244486,1.395385,3.17663282e-05,19806.7
161350,1.358970,1.363694,3.17622602e-05,19807.8
161360,1.348253,1.314059,3.17581968e-05,19809.0
161370,1.374607,1.281936,3.17541381e-05,19810.2
161380,1.255921,1.277416,3.17500841e-05,19811.3
161390,1.414202,1.336526,3.17460347e-05,19812.4
161400,1.258792,1.374062,3.17419899e-05,19813.6
161410,1.415532,1.344824,3.17379499e-05,19814.7
161420,1.306151,1.265467,3.17339145e-05,19815.9
161430,1.322272,1.334014,3.17298837e-05,19817.0
161440,1.382795,1.286697,3.17258576e-05,19818.2
161450,1.265008,1.338059,3.17218362e-05,19819.3
161460,1.372471,1.243728,3.17178194e-05,19820.5
161470,1.346694,1.334282,3.17138073e-05,19821.6
161480,1.353139,1.347124,3.17097998e-05,19822.8
161490,1.252270,1.330087,3.17057970e-05,19823.9
161500,1.355302,1.299744,3.17017989e-05,19825.0
161510,1.234796,1.296513,3.16978055e-05,19826.4
161520,1.304831,1.353153,3.16938166e-05,19827.6
161530,1.310640,1.276299,3.16898325e-05,19828.7
161540,1.310670,1.357112,3.16858530e-05,19829.9
161550,1.249494,1.264222,3.16818782e-05,19831.0
161560,1.333276,1.340344,3.16779080e-05,19832.1
161570,1.325076,1.350282,3.16739425e-05,19833.3
161580,1.335284,1.325871,3.16699817e-05,19834.4
161590,1.296768,1.364654,3.16660255e-05,19835.5
161600,1.202205,1.248339,3.16620740e-05,19836.7
161610,1.304476,1.400708,3.16581272e-05,19837.8
161620,1.274149,1.349203,3.16541850e-05,19838.9
161630,1.369325,1.368602,3.16502475e-05,19840.1
161640,1.266093,1.292674,3.16463146e-05,19841.2
161650,1.257504,1.188645,3.16423864e-05,19842.4
161660,1.288091,1.318504,3.16384629e-05,19843.6
161670,1.323255,1.277157,3.16345440e-05,19844.7
161680,1.305802,1.303422,3.16306298e-05,19845.9
161690,1.302588,1.299682,3.16267203e-05,19847.0
161700,1.345457,1.347702,3.16228154e-05,19848.2
161710,1.315070,1.303112,3.16189152e-05,19849.3
161720,1.320480,1.280536,3.16150196e-05,19850.5
161730,1.432767,1.291909,3.16111287e-05,19851.6
161740,1.343305,1.335276,3.16072425e-05,19852.7
161750,1.392215,1.336205,3.16033610e-05,19853.9
161760,1.366861,1.360586,3.15994841e-05,19855.0
161770,1.357240,1.297233,3.15956118e-05,19856.2
161780,1.273096,1.294053,3.15917443e-05,19857.4
161790,1.226514,1.464949,3.15878814e-05,19858.5
161800,1.326696,1.217940,3.15840232e-05,19859.6
161810,1.361744,1.282616,3.15801696e-05,19860.8
161820,1.295602,1.259264,3.15763207e-05,19861.9
161830,1.264286,1.332137,3.15724765e-05,19863.0
161840,1.212826,1.291579,3.15686369e-05,19864.2
161850,1.337565,1.312251,3.15648020e-05,19865.3
161860,1.324275,1.225150,3.15609718e-05,19866.5
161870,1.315060,1.426700,3.15571462e-05,19867.7
161880,1.273301,1.347640,3.15533253e-05,19868.8
161890,1.346515,1.344279,3.15495090e-05,19869.9
161900,1.388909,1.351527,3.15456975e-05,19871.1
161910,1.373601,1.215085,3.15418906e-05,19872.2
161920,1.295248,1.410997,3.15380883e-05,19873.3
161930,1.269496,1.326009,3.15342908e-05,19874.5
161940,1.339037,1.348865,3.15304979e-05,19875.6
161950,1.253573,1.393015,3.15267096e-05,19876.8
161960,1.358625,1.347711,3.15229261e-05,19877.9
161970,1.262768,1.282511,3.15191472e-05,19879.1
161980,1.371285,1.286356,3.15153729e-05,19880.2
161990,1.290827,1.323902,3.15116034e-05,19881.4
162000,1.296082,1.306480,3.15078385e-05,19882.5
162010,1.310063,1.303269,3.15040782e-05,19883.9
162020,1.305184,1.252395,3.15003227e-05,19885.1
162030,1.347475,1.377427,3.14965718e-05,19886.2
162040,1.278429,1.370487,3.14928256e-05,19887.3
162050,1.397748,1.318260,3.14890840e-05,19888.5
162060,1.205692,1.287273,3.14853471e-05,19889.6
162070,1.316799,1.271330,3.14816149e-05,19890.7
162080,1.285991,1.255816,3.14778873e-05,19891.9
162090,1.266514,1.229516,3.14741645e-05,19893.0
162100,1.262301,1.326750,3.14704463e-05,19894.1
162110,1.292931,1.349684,3.14667327e-05,19895.3
162120,1.264244,1.324944,3.14630238e-05,19896.5
162130,1.213961,1.334693,3.14593196e-05,19897.6
162140,1.370937,1.217847,3.14556201e-05,19898.7
162150,1.318457,1.377713,3.14519252e-05,19899.9
162160,1.243216,1.319319,3.14482350e-05,19901.0
162170,1.269965,1.283439,3.14445495e-05,19902.2
162180,1.282236,1.352864,3.14408687e-05,19903.3
162190,1.217350,1.245943,3.14371925e-05,19904.5
162200,1.308082,1.368854,3.14335210e-05,19905.6
162210,1.177131,1.376448,3.14298541e-05,19906.8
162220,1.304115,1.296836,3.14261920e-05,19907.9
162230,1.395229,1.300933,3.14225345e-05,19909.0
162240,1.215463,1.289325,3.14188816e-05,19910.2
162250,1.314932,1.390172,3.14152335e-05,19911.3
162260,1.259088,1.380937,3.14115900e-05,19912.5
162270,1.366241,1.294847,3.14079512e-05,19913.6
162280,1.264581,1.374765,3.14043170e-05,19914.7
162290,1.272785,1.273178,3.14006876e-05,19915.9
162300,1.262851,1.340848,3.13970628e-05,19917.0
162310,1.228889,1.265872,3.13934427e-05,19918.1
162320,1.342099,1.346460,3.13898272e-05,19919.3
162330,1.356382,1.328911,3.13862164e-05,19920.4
162340,1.391725,1.354929,3.13826103e-05,19921.6
162350,1.370522,1.268766,3.13790089e-05,19922.7
162360,1.249730,1.375797,3.13754121e-05,19923.9
162370,1.326678,1.320844,3.13718200e-05,19925.0
162380,1.168641,1.365639,3.13682326e-05,19926.2
162390,1.403673,1.384347,3.13646498e-05,19927.3
162400,1.279920,1.313516,3.13610718e-05,19928.5
162410,1.287127,1.338637,3.13574984e-05,19929.7
162420,1.357033,1.285514,3.13539296e-05,19930.8
162430,1.351089,1.298777,3.13503656e-05,19932.0
162440,1.375252,1.339908,3.13468062e-05,19933.2
162450,1.307523,1.326795,3.13432515e-05,19934.4
162460,1.331105,1.254220,3.13397015e-05,19935.5
162470,1.235540,1.254684,3.13361561e-05,19936.7
162480,1.244249,1.279942,3.13326154e-05,19937.9
162490,1.385410,1.412283,3.13290794e-05,19939.1
162500,1.337012,1.260092,3.13255481e-05,19940.3
162510,1.303191,1.294491,3.13220214e-05,19941.7
162520,1.258619,1.335341,3.13184994e-05,19942.9
162530,1.322669,1.276021,3.13149821e-05,19944.1
162540,1.352811,1.251606,3.13114695e-05,19945.3
162550,1.289839,1.385644,3.13079615e-05,19946.5
162560,1.276010,1.312261,3.13044582e-05,19947.7
162570,1.371644,1.235155,3.13009596e-05,19948.8
162580,1.296273,1.288968,3.12974657e-05,19950.0
162590,1.310996,1.345498,3.12939764e-05,19951.2
162600,1.424381,1.293946,3.12904918e-05,19952.4
162610,1.284905,1.393282,3.12870119e-05,19953.6
162620,1.248463,1.353402,3.12835367e-05,19954.8
162630,1.281247,1.253460,3.12800661e-05,19956.0
162640,1.322069,1.360187,3.12766002e-05,19957.2
162650,1.181420,1.464902,3.12731390e-05,19958.4
162660,1.310321,1.264462,3.12696825e-05,19959.6
162670,1.313679,1.234142,3.12662307e-05,19960.8
162680,1.281657,1.348223,3.12627835e-05,19962.0
162690,1.235269,1.370743,3.12593410e-05,19963.2
162700,1.310987,1.171016,3.12559032e-05,19964.4
162710,1.292834,1.294091,3.12524700e-05,19965.5
162720,1.316230,1.296031,3.12490415e-05,19966.7
162730,1.200402,1.311559,3.12456177e-05,19967.9
162740,1.260293,1.355969,3.12421986e-05,19969.0
162750,1.389442,1.341988,3.12387842e-05,19970.2
162760,1.230689,1.292860,3.12353744e-05,19971.4
162770,1.227824,1.344502,3.12319693e-05,19972.6
162780,1.227610,1.366033,3.12285689e-05,19973.7
162790,1.230277,1.239093,3.12251732e-05,19974.8
162800,1.316404,1.234517,3.12217822e-05,19976.0
162810,1.316072,1.335409,3.12183958e-05,19977.1
162820,1.292548,1.347616,3.12150141e-05,19978.2
162830,1.253193,1.434949,3.12116371e-05,19979.4
162840,1.398077,1.339068,3.12082647e-05,19980.5
162850,1.316624,1.364071,3.12048971e-05,19981.7
162860,1.335420,1.331033,3.12015341e-05,19982.8
162870,1.340241,1.302936,3.11981758e-05,19984.0
162880,1.291857,1.246442,3.11948222e-05,19985.2
162890,1.240259,1.284373,3.11914732e-05,19986.4
162900,1.391661,1.277438,3.11881290e-05,19987.5
162910,1.214283,1.363226,3.11847894e-05,19988.7
162920,1.269514,1.273539,3.11814545e-05,19989.8
162930,1.289022,1.384480,3.11781243e-05,19990.9
162940,1.293269,1.264269,3.11747987e-05,19992.1
162950,1.310513,1.361381,3.11714778e-05,19993.2
162960,1.404767,1.363287,3.11681617e-05,19994.3
162970,1.338568,1.330423,3.11648502e-05,19995.5
162980,1.424002,1.354226,3.11615433e-05,19996.6
162990,1.294189,1.409982,3.11582412e-05,19997.7
163000,1.215234,1.296466,3.11549437e-05,19998.9
163010,1.338411,1.287471,3.11516509e-05,20000.2
163020,1.351443,1.361790,3.11483628e-05,20001.3
163030,1.264933,1.294214,3.11450794e-05,20002.4
163040,1.275515,1.259537,3.11418007e-05,20003.6
163050,1.276269,1.332933,3.11385266e-05,20004.7
163060,1.271746,1.257639,3.11352572e-05,20005.8
163070,1.268281,1.262258,3.11319925e-05,20006.9
163080,1.474744,1.471523,3.11287325e-05,20008.1
163090,1.298438,1.303190,3.11254772e-05,20009.2
163100,1.248169,1.261403,3.11222265e-05,20010.3
163110,1.332443,1.246525,3.11189805e-05,20011.4
163120,1.353887,1.361182,3.11157392e-05,20012.6
163130,1.305447,1.367778,3.11125026e-05,20013.7
163140,1.239855,1.426276,3.11092707e-05,20014.9
163150,1.339212,1.339695,3.11060434e-05,20016.0
163160,1.248836,1.299265,3.11028209e-05,20017.1
163170,1.336756,1.359047,3.10996030e-05,20018.3
163180,1.315419,1.256786,3.10963898e-05,20019.4
163190,1.329136,1.343529,3.10931813e-05,20020.5
163200,1.319497,1.286910,3.10899774e-05,20021.7
163210,1.264390,1.334484,3.10867783e-05,20022.8
163220,1.259938,1.292295,3.10835838e-05,20023.9
163230,1.279917,1.362275,3.10803940e-05,20025.1
163240,1.290705,1.300318,3.10772089e-05,20026.2
163250,1.322038,1.345714,3.10740285e-05,20027.4
163260,1.348144,1.286043,3.10708527e-05,20028.5
163270,1.205920,1.334253,3.10676817e-05,20029.6
163280,1.389099,1.380869,3.10645153e-05,20030.8
163290,1.347711,1.327906,3.10613536e-05,20031.9
163300,1.222537,1.325558,3.10581966e-05,20033.1
163310,1.258801,1.309455,3.10550443e-05,20034.2
163320,1.255163,1.328588,3.10518967e-05,20035.4
163330,1.257877,1.281116,3.10487537e-05,20036.5
163340,1.432261,1.349220,3.10456155e-05,20037.7
163350,1.321027,1.370869,3.10424819e-05,20038.9
163360,1.244825,1.346609,3.10393530e-05,20040.0
163370,1.227324,1.245040,3.10362287e-05,20041.1
163380,1.167390,1.248510,3.10331092e-05,20042.2
163390,1.328179,1.329308,3.10299944e-05,20043.4
163400,1.301322,1.309479,3.10268842e-05,20044.5
163410,1.358715,1.205610,3.10237787e-05,20045.6
163420,1.391724,1.335899,3.10206779e-05,20046.8
163430,1.153609,1.341236,3.10175818e-05,20047.9
163440,1.422433,1.277534,3.10144904e-05,20049.1
163450,1.200742,1.260048,3.10114037e-05,20050.2
163460,1.274414,1.411744,3.10083216e-05,20051.3
163470,1.209643,1.394636,3.10052443e-05,20052.5
163480,1.369266,1.394455,3.10021716e-05,20053.6
163490,1.266172,1.275324,3.09991036e-05,20054.7
163500,1.359630,1.251651,3.09960403e-05,20055.9
163510,1.236804,1.357255,3.09929817e-05,20057.2
163520,1.253665,1.216852,3.09899277e-05,20058.3
163530,1.302084,1.399685,3.09868785e-05,20059.4
163540,1.413161,1.256081,3.09838339e-05,20060.6
163550,1.212986,1.343594,3.09807940e-05,20061.7
163560,1.267780,1.252189,3.09777588e-05,20062.9
163570,1.328158,1.478781,3.09747283e-05,20064.0
163580,1.276488,1.345398,3.09717025e-05,20065.1
163590,1.262517,1.280620,3.09686814e-05,20066.3
163600,1.260477,1.273605,3.09656649e-05,20067.4
163610,1.228505,1.292682,3.09626532e-05,20068.6
163620,1.349347,1.330026,3.09596461e-05,20069.7
163630,1.273921,1.196786,3.09566437e-05,20070.8
163640,1.270930,1.275100,3.09536460e-05,20072.0
163650,1.275908,1.330295,3.09506530e-05,20073.1
163660,1.319706,1.333206,3.09476647e-05,20074.2
163670,1.232698,1.222791,3.09446811e-05,20075.3
163680,1.350036,1.264659,3.09417021e-05,20076.5
163690,1.371427,1.176031,3.09387279e-05,20077.6
163700,1.194090,1.408371,3.09357583e-05,20078.7
163710,1.342465,1.310831,3.09327934e-05,20079.9
163720,1.254771,1.283897,3.09298332e-05,20081.0
163730,1.369620,1.324690,3.09268777e-05,20082.2
163740,1.289688,1.301492,3.09239269e-05,20083.3
163750,1.289288,1.356712,3.09209808e-05,20084.5
163760,1.329701,1.333306,3.09180394e-05,20085.7
163770,1.358543,1.299499,3.09151026e-05,20086.8
163780,1.398440,1.413914,3.09121705e-05,20087.9
163790,1.274572,1.274917,3.09092432e-05,20089.1
163800,1.296253,1.268217,3.09063205e-05,20090.2
163810,1.286023,1.294881,3.09034025e-05,20091.4
163820,1.297305,1.339434,3.09004892e-05,20092.5
163830,1.362216,1.247326,3.08975806e-05,20093.6
163840,1.242395,1.341524,3.08946766e-05,20094.8
163850,1.315388,1.316359,3.08917774e-05,20095.9
163860,1.293409,1.374394,3.08888829e-05,20097.0
163870,1.452181,1.255331,3.08859930e-05,20098.2
163880,1.223338,1.274760,3.08831078e-05,20099.3
163890,1.251424,1.313916,3.08802274e-05,20100.4
163900,1.399451,1.265820,3.08773516e-05,20101.5
163910,1.286767,1.300499,3.08744805e-05,20102.7
163920,1.318769,1.242560,3.08716141e-05,20103.8
163930,1.377176,1.343657,3.08687523e-05,20104.9
163940,1.295128,1.170988,3.08658953e-05,20106.0
163950,1.366414,1.474725,3.08630430e-05,20107.2
163960,1.317934,1.239911,3.08601953e-05,20108.3
163970,1.350771,1.277028,3.08573524e-05,20109.5
163980,1.388548,1.344686,3.08545141e-05,20110.6
163990,1.281892,1.340224,3.08516805e-05,20111.8
164000,1.280373,1.303452,3.08488517e-05,20112.9
164010,1.299768,1.280824,3.08460275e-05,20114.2
164020,1.347904,1.399428,3.08432080e-05,20115.4
164030,1.216584,1.206739,3.08403932e-05,20116.5
164040,1.380889,1.478360,3.08375830e-05,20117.7
164050,1.279912,1.258138,3.08347776e-05,20118.8
164060,1.425817,1.338294,3.08319769e-05,20119.9
164070,1.204571,1.271235,3.08291808e-05,20121.1
164080,1.269572,1.300477,3.08263895e-05,20122.2
164090,1.334566,1.250764,3.08236028e-05,20123.3
164100,1.207236,1.315019,3.08208209e-05,20124.5
164110,1.290070,1.258304,3.08180436e-05,20125.6
164120,1.313914,1.343438,3.08152710e-05,20126.7
164130,1.324930,1.390097,3.08125031e-05,20127.9
164140,1.360290,1.346037,3.08097399e-05,20129.0
164150,1.271681,1.435941,3.08069814e-05,20130.2
164160,1.325655,1.331223,3.08042276e-05,20131.3
164170,1.367700,1.255195,3.08014785e-05,20132.5
164180,1.339197,1.322114,3.07987341e-05,20133.6
164190,1.192910,1.345239,3.07959943e-05,20134.7
164200,1.224195,1.369488,3.07932593e-05,20135.9
164210,1.244403,1.406088,3.07905289e-05,20137.0
164220,1.337376,1.351174,3.07878033e-05,20138.1
164230,1.294624,1.341767,3.07850823e-05,20139.3
164240,1.308214,1.305891,3.07823661e-05,20140.5
164250,1.333039,1.330530,3.07796545e-05,20141.7
164260,1.259470,1.335826,3.07769476e-05,20142.9
164270,1.259651,1.330884,3.07742454e-05,20144.0
164280,1.260703,1.329344,3.07715479e-05,20145.2
164290,1.399183,1.288709,3.07688551e-05,20146.3
164300,1.315715,1.345579,3.07661670e-05,20147.4
164310,1.295377,1.341088,3.07634836e-05,20148.6
164320,1.293424,1.326710,3.07608049e-05,20149.7
164330,1.307323,1.276075,3.07581309e-05,20150.8
164340,1.414900,1.405577,3.07554615e-05,20152.0
164350,1.265638,1.282585,3.07527969e-05,20153.1
164360,1.343174,1.377814,3.07501369e-05,20154.2
164370,1.276926,1.452614,3.07474817e-05,20155.3
164380,1.361660,1.292839,3.07448311e-05,20156.4
164390,1.372978,1.250315,3.07421853e-05,20157.6
164400,1.282867,1.291666,3.07395441e-05,20158.7
164410,1.248118,1.389719,3.07369077e-05,20159.8
164420,1.204284,1.377585,3.07342759e-05,20161.0
164430,1.372494,1.346217,3.07316488e-05,20162.1
164440,1.225767,1.369699,3.07290264e-05,20163.2
164450,1.367114,1.371438,3.07264087e-05,20164.4
164460,1.267837,1.341267,3.07237957e-05,20165.5
164470,1.301799,1.333764,3.07211875e-05,20166.7
164480,1.265641,1.342154,3.07185839e-05,20167.8
164490,1.400633,1.217788,3.07159849e-05,20169.0
164500,1.333984,1.317133,3.07133907e-05,20170.1
164510,1.328979,1.404164,3.07108012e-05,20171.4
164520,1.311538,1.304360,3.07082164e-05,20172.5
164530,1.236584,1.251942,3.07056363e-05,20173.6
164540,1.259962,1.272016,3.07030609e-05,20174.7
164550,1.204594,1.301281,3.07004901e-05,20175.9
164560,1.295285,1.290038,3.06979241e-05,20177.0
164570,1.366372,1.328646,3.06953628e-05,20178.1
164580,1.269141,1.278484,3.06928061e-05,20179.3
164590,1.249322,1.398612,3.06902542e-05,20180.4
164600,1.285476,1.329205,3.06877069e-05,20181.5
164610,1.256921,1.265522,3.06851644e-05,20182.6
164620,1.205614,1.330268,3.06826265e-05,20183.8
164630,1.332300,1.314354,3.06800934e-05,20184.9
164640,1.312383,1.262213,3.06775649e-05,20186.0
164650,1.209429,1.262080,3.06750412e-05,20187.2
164660,1.373926,1.258788,3.06725221e-05,20188.3
164670,1.370091,1.271960,3.06700077e-05,20189.4
164680,1.345334,1.352217,3.06674981e-05,20190.5
164690,1.338727,1.335591,3.06649931e-05,20191.6
164700,1.324764,1.256607,3.06624928e-05,20192.8
164710,1.258081,1.351527,3.06599972e-05,20193.9
164720,1.433989,1.315561,3.06575064e-05,20195.0
164730,1.292299,1.327544,3.06550202e-05,20196.1
164740,1.316306,1.255529,3.06525387e-05,20197.3
164750,1.314515,1.363179,3.06500619e-05,20198.4
164760,1.295937,1.309261,3.06475898e-05,20199.5
164770,1.316211,1.361306,3.06451224e-05,20200.7
164780,1.244637,1.259222,3.06426597e-05,20201.8
164790,1.270949,1.322326,3.06402017e-05,20202.9
164800,1.319162,1.428598,3.06377484e-05,20204.0
164810,1.289581,1.278859,3.06352998e-05,20205.2
164820,1.285820,1.278510,3.06328559e-05,20206.3
164830,1.325757,1.309003,3.06304167e-05,20207.4
164840,1.253706,1.344954,3.06279822e-05,20208.6
164850,1.333916,1.288717,3.06255524e-05,20209.7
164860,1.314635,1.335023,3.06231273e-05,20210.8
164870,1.343906,1.324235,3.06207069e-05,20211.9
164880,1.378086,1.341586,3.06182912e-05,20213.1
164890,1.388406,1.245040,3.06158802e-05,20214.2
164900,1.280268,1.275357,3.06134739e-05,20215.3
164910,1.338492,1.351271,3.06110723e-05,20216.4
164920,1.308985,1.382198,3.06086754e-05,20217.5
164930,1.276567,1.344383,3.06062832e-05,20218.7
164940,1.266806,1.309996,3.06038957e-05,20219.8
164950,1.247087,1.316206,3.06015129e-05,20220.9
164960,1.301875,1.406617,3.05991348e-05,20222.0
164970,1.309202,1.273057,3.05967614e-05,20223.2
164980,1.339956,1.343587,3.05943927e-05,20224.3
164990,1.264138,1.281231,3.05920287e-05,20225.4
165000,1.168130,1.346438,3.05896693e-05,20226.6
165010,1.259378,1.353060,3.05873147e-05,20227.9
165020,1.285960,1.235670,3.05849648e-05,20229.0
165030,1.428506,1.357638,3.05826196e-05,20230.1
165040,1.320797,1.284849,3.05802791e-05,20231.3
165050,1.305724,1.398487,3.05779433e-05,20232.4
165060,1.231457,1.323796,3.05756122e-05,20233.5
165070,1.291806,1.288470,3.05732858e-05,20234.6
165080,1.413857,1.295151,3.05709641e-05,20235.8
165090,1.271605,1.310598,3.05686471e-05,20236.9
165100,1.281755,1.246883,3.05663348e-05,20238.1
165110,1.323135,1.325904,3.05640272e-05,20239.2
165120,1.372624,1.254048,3.05617243e-05,20240.3
165130,1.185588,1.250475,3.05594261e-05,20241.4
165140,1.214924,1.309962,3.05571326e-05,20242.5
165150,1.372606,1.376375,3.05548438e-05,20243.7
165160,1.307134,1.323381,3.05525597e-05,20244.8
165170,1.376499,1.281953,3.05502803e-05,20245.9
165180,1.348812,1.325638,3.05480056e-05,20247.0
165190,1.203408,1.332029,3.05457356e-05,20248.2
165200,1.378267,1.356596,3.05434703e-05,20249.3
165210,1.250713,1.244701,3.05412097e-05,20250.4
165220,1.330971,1.346775,3.05389538e-05,20251.6
165230,1.362226,1.287554,3.05367027e-05,20252.7
165240,1.292509,1.297040,3.05344562e-05,20253.9
165250,1.290484,1.365130,3.05322144e-05,20255.0
165260,1.320587,1.275169,3.05299773e-05,20256.1
165270,1.325674,1.327453,3.05277449e-05,20257.3
165280,1.216042,1.269848,3.05255173e-05,20258.5
165290,1.376356,1.244505,3.05232943e-05,20259.7
165300,1.222662,1.256614,3.05210760e-05,20260.9
165310,1.260751,1.292693,3.05188625e-05,20262.1
165320,1.192581,1.245241,3.05166536e-05,20263.3
165330,1.259236,1.356455,3.05144494e-05,20264.5
165340,1.310415,1.283742,3.05122500e-05,20265.7
165350,1.264518,1.236954,3.05100552e-05,20266.9
165360,1.301106,1.422930,3.05078652e-05,20268.1
165370,1.318991,1.249813,3.05056798e-05,20269.3
165380,1.247145,1.342170,3.05034992e-05,20270.5
165390,1.344391,1.332358,3.05013232e-05,20271.7
165400,1.271412,1.293308,3.04991520e-05,20272.9
165410,1.253573,1.376282,3.04969855e-05,20274.1
165420,1.395537,1.232153,3.04948236e-05,20275.3
165430,1.319059,1.334747,3.04926665e-05,20276.5
165440,1.232792,1.286880,3.04905141e-05,20277.7
165450,1.251820,1.302872,3.04883663e-05,20278.9
165460,1.423891,1.305388,3.04862233e-05,20280.1
165470,1.454819,1.314478,3.04840850e-05,20281.3
165480,1.225910,1.384413,3.04819514e-05,20282.5
165490,1.361829,1.224736,3.04798225e-05,20283.7
165500,1.290510,1.400707,3.04776983e-05,20284.9
165510,1.388336,1.328296,3.04755788e-05,20286.3
165520,1.256472,1.300575,3.04734640e-05,20287.5
165530,1.355350,1.351904,3.04713539e-05,20288.7
165540,1.297442,1.361206,3.04692485e-05,20289.9
165550,1.288283,1.319657,3.04671478e-05,20291.1
165560,1.285191,1.298006,3.04650519e-05,20292.3
165570,1.327845,1.362524,3.04629606e-05,20293.4
165580,1.269793,1.344481,3.04608740e-05,20294.6
165590,1.327873,1.380946,3.04587922e-05,20295.8
165600,1.333935,1.323411,3.04567150e-05,20297.0
165610,1.170178,1.263213,3.04546426e-05,20298.2
165620,1.338858,1.292155,3.04525748e-05,20299.4
165630,1.314461,1.198536,3.04505118e-05,20300.6
165640,1.334919,1.297201,3.04484534e-05,20301.8
165650,1.285468,1.310654,3.04463998e-05,20303.0
165660,1.277059,1.147734,3.04443509e-05,20304.2
165670,1.445716,1.408013,3.04423066e-05,20305.4
165680,1.245937,1.433861,3.04402671e-05,20306.5
165690,1.288735,1.241180,3.04382323e-05,20307.7
165700,1.313544,1.270477,3.04362022e-05,20308.9
165710,1.347070,1.307232,3.04341768e-05,20310.1
165720,1.252704,1.355092,3.04321561e-05,20311.3
165730,1.334575,1.297622,3.04301401e-05,20312.5
165740,1.309085,1.397075,3.04281288e-05,20313.7
165750,1.294026,1.354527,3.04261222e-05,20314.9
165760,1.221493,1.295501,3.04241204e-05,20316.1
165770,1.287666,1.266411,3.04221232e-05,20317.3
165780,1.358070,1.194526,3.04201307e-05,20318.5
165790,1.312144,1.276158,3.04181430e-05,20319.7
165800,1.308143,1.297043,3.04161599e-05,20320.9
165810,1.339875,1.436324,3.04141816e-05,20322.1
165820,1.312266,1.337877,3.04122080e-05,20323.3
165830,1.342533,1.216327,3.04102390e-05,20324.5
165840,1.352225,1.325252,3.04082748e-05,20325.7
165850,1.290934,1.293164,3.04063153e-05,20326.9
165860,1.359216,1.232662,3.04043605e-05,20328.1
165870,1.292878,1.419883,3.04024104e-05,20329.3
165880,1.371134,1.370793,3.04004650e-05,20330.5
165890,1.213519,1.384210,3.03985243e-05,20331.7
165900,1.316918,1.296005,3.03965883e-05,20332.9
165910,1.259530,1.399486,3.03946570e-05,20334.1
165920,1.282182,1.242464,3.03927305e-05,20335.3
165930,1.406513,1.317486,3.03908086e-05,20336.5
165940,1.271409,1.288126,3.03888915e-05,20337.7
165950,1.286982,1.398945,3.03869790e-05,20338.9
165960,1.353851,1.333436,3.03850713e-05,20340.1
165970,1.275528,1.371466,3.03831682e-05,20341.3
165980,1.302142,1.250631,3.03812699e-05,20342.5
165990,1.383593,1.288637,3.03793763e-05,20343.6
166000,1.314348,1.264080,3.03774874e-05,20344.8
166010,1.337980,1.315281,3.03756032e-05,20346.2
166020,1.363397,1.323968,3.03737237e-05,20347.4
166030,1.218709,1.342871,3.03718489e-05,20348.6
166040,1.353424,1.374240,3.03699788e-05,20349.8
166050,1.277772,1.267821,3.03681134e-05,20351.0
166060,1.253860,1.408647,3.03662528e-05,20352.2
166070,1.404594,1.351845,3.03643968e-05,20353.4
166080,1.316136,1.328597,3.03625456e-05,20354.6
166090,1.233543,1.317985,3.03606990e-05,20355.8
166100,1.304297,1.303415,3.03588572e-05,20357.0
166110,1.344822,1.273312,3.03570201e-05,20358.2
166120,1.313540,1.249664,3.03551877e-05,20359.4
166130,1.280712,1.264344,3.03533600e-05,20360.6
166140,1.332688,1.318327,3.03515370e-05,20361.8
166150,1.389618,1.300039,3.03497187e-05,20363.0
166160,1.346897,1.256818,3.03479051e-05,20364.2
166170,1.230295,1.322940,3.03460962e-05,20365.4
166180,1.211971,1.424131,3.03442921e-05,20366.6
166190,1.350590,1.282957,3.03424926e-05,20367.8
166200,1.341276,1.258075,3.03406978e-05,20369.1
166210,1.334092,1.305126,3.03389078e-05,20370.2
166220,1.307051,1.324450,3.03371225e-05,20371.4
166230,1.263406,1.250813,3.03353419e-05,20372.7
166240,1.310687,1.270950,3.03335660e-05,20373.9
166250,1.189602,1.299839,3.03317948e-05,20375.1
166260,1.404304,1.190621,3.03300283e-05,20376.3
166270,1.271412,1.440297,3.03282665e-05,20377.4
166280,1.306677,1.364888,3.03265094e-05,20378.6
166290,1.225366,1.318495,3.03247570e-05,20379.8
166300,1.341432,1.291130,3.03230094e-05,20381.0
166310,1.285716,1.379423,3.03212664e-05,20382.2
166320,1.122258,1.257415,3.03195282e-05,20383.4
166330,1.305304,1.283109,3.03177947e-05,20384.6
166340,1.314592,1.388904,3.03160659e-05,20385.8
166350,1.322299,1.311875,3.03143418e-05,20387.0
166360,1.344399,1.444068,3.03126224e-05,20388.2
166370,1.328055,1.289833,3.03109077e-05,20389.4
166380,1.355997,1.271546,3.03091977e-05,20390.6
166390,1.259172,1.363470,3.03074924e-05,20391.8
166400,1.345962,1.314468,3.03057919e-05,20393.0
166410,1.257660,1.219611,3.03040960e-05,20394.2
166420,1.284479,1.323174,3.03024049e-05,20395.4
166430,1.245536,1.254734,3.03007185e-05,20396.6
166440,1.262692,1.267335,3.02990367e-05,20397.9
166450,1.343901,1.300104,3.02973597e-05,20399.1
166460,1.239922,1.299552,3.02956874e-05,20400.3
166470,1.237697,1.293654,3.02940199e-05,20401.5
166480,1.354047,1.272221,3.02923570e-05,20402.6
166490,1.277624,1.388680,3.02906988e-05,20403.8
166500,1.280279,1.294134,3.02890454e-05,20405.0
166510,1.275138,1.235047,3.02873966e-05,20406.4
166520,1.394280,1.285545,3.02857526e-05,20407.6
166530,1.388161,1.363536,3.02841133e-05,20408.9
166540,1.291089,1.335334,3.02824787e-05,20410.1
166550,1.418358,1.232256,3.02808488e-05,20411.2
166560,1.369186,1.304270,3.02792236e-05,20412.5
166570,1.264735,1.350267,3.02776031e-05,20413.7
166580,1.293236,1.315321,3.02759873e-05,20414.9
166590,1.310894,1.307498,3.02743763e-05,20416.1
166600,1.340330,1.353832,3.02727699e-05,20417.3
166610,1.307307,1.329939,3.02711683e-05,20418.5
166620,1.278925,1.412986,3.02695714e-05,20419.7
166630,1.252686,1.276179,3.02679792e-05,20420.9
166640,1.316889,1.318088,3.02663917e-05,20422.1
166650,1.268107,1.355613,3.02648089e-05,20423.3
166660,1.254804,1.350199,3.02632308e-05,20424.5
166670,1.322252,1.244030,3.02616574e-05,20425.7
166680,1.311072,1.327594,3.02600888e-05,20426.9
166690,1.256038,1.210556,3.02585248e-05,20428.1
166700,1.328782,1.222814,3.02569656e-05,20429.3
166710,1.228069,1.248853,3.02554111e-05,20430.5
166720,1.245711,1.296354,3.02538613e-05,20431.7
166730,1.291053,1.339069,3.02523162e-05,20432.9
166740,1.328739,1.328986,3.02507758e-05,20434.1
166750,1.233123,1.317143,3.02492401e-05,20435.2
166760,1.259246,1.311522,3.02477092e-05,20436.4
166770,1.463858,1.234085,3.02461829e-05,20437.6
166780,1.290532,1.341237,3.02446614e-05,20438.8
166790,1.298332,1.341551,3.02431446e-05,20440.0
166800,1.364485,1.270008,3.02416325e-05,20441.2
166810,1.301974,1.333450,3.02401251e-05,20442.4
166820,1.352834,1.375111,3.02386224e-05,20443.6
166830,1.234742,1.305348,3.02371244e-05,20444.8
166840,1.136445,1.313494,3.02356312e-05,20446.0
166850,1.220078,1.258391,3.02341426e-05,20447.2
166860,1.291337,1.276477,3.02326588e-05,20448.4
166870,1.374989,1.263180,3.02311797e-05,20449.6
166880,1.281151,1.379066,3.02297053e-05,20450.9
166890,1.288528,1.309268,3.02282356e-05,20452.1
166900,1.344808,1.418756,3.02267706e-05,20453.2
166910,1.287646,1.445366,3.02253103e-05,20454.4
166920,1.366611,1.267225,3.02238548e-05,20455.6
166930,1.336293,1.299413,3.02224039e-05,20456.8
166940,1.269935,1.355965,3.02209578e-05,20458.0
166950,1.252947,1.355174,3.02195164e-05,20459.2
166960,1.427210,1.357884,3.02180797e-05,20460.4
166970,1.396511,1.433007,3.02166477e-05,20461.5
166980,1.309946,1.335328,3.02152204e-05,20462.7
166990,1.192916,1.266170,3.02137978e-05,20463.9
167000,1.347065,1.330963,3.02123800e-05,20465.1
167010,1.382889,1.397821,3.02109668e-05,20466.6
167020,1.368108,1.252797,3.02095584e-05,20467.8
167030,1.188653,1.368767,3.02081547e-05,20469.0
167040,1.342793,1.377971,3.02067557e-05,20470.2
167050,1.329056,1.339586,3.02053614e-05,20471.4
167060,1.239718,1.304381,3.02039718e-05,20472.6
167070,1.359389,1.278602,3.02025870e-05,20473.8
167080,1.232651,1.232762,3.02012068e-05,20475.0
167090,1.415542,1.404004,3.01998314e-05,20476.2
167100,1.266916,1.220190,3.01984607e-05,20477.4
167110,1.341698,1.333504,3.01970947e-05,20478.6
167120,1.337850,1.404482,3.01957334e-05,20479.8
167130,1.272838,1.249829,3.01943768e-05,20481.0
167140,1.304412,1.332849,3.01930250e-05,20482.1
167150,1.339203,1.335092,3.01916778e-05,20483.4
167160,1.398439,1.264353,3.01903354e-05,20484.6
167170,1.306189,1.340596,3.01889977e-05,20485.8
167180,1.376846,1.277715,3.01876647e-05,20487.0
167190,1.240465,1.262934,3.01863364e-05,20488.3
167200,1.282898,1.270366,3.01850128e-05,20489.5
167210,1.284731,1.190970,3.01836939e-05,20490.8
167220,1.408321,1.306180,3.01823798e-05,20492.0
167230,1.331127,1.282997,3.01810704e-05,20493.1
167240,1.485168,1.268400,3.01797657e-05,20494.3
167250,1.211498,1.261063,3.01784656e-05,20495.5
167260,1.288462,1.374272,3.01771704e-05,20496.7
167270,1.372507,1.357925,3.01758798e-05,20498.0
167280,1.315030,1.215907,3.01745939e-05,20499.2
167290,1.337798,1.430678,3.01733128e-05,20500.4
167300,1.261712,1.331517,3.01720364e-05,20501.6
167310,1.307249,1.303629,3.01707646e-05,20502.9
167320,1.331630,1.343632,3.01694976e-05,20504.1
167330,1.328414,1.289745,3.01682353e-05,20505.4
167340,1.306606,1.380456,3.01669778e-05,20506.6
167350,1.362616,1.338915,3.01657249e-05,20507.8
167360,1.404100,1.400620,3.01644768e-05,20509.0
167370,1.376559,1.351669,3.01632334e-05,20510.2
167380,1.318043,1.337511,3.01619946e-05,20511.4
167390,1.330524,1.270408,3.01607607e-05,20512.6
167400,1.317743,1.447605,3.01595314e-05,20513.8
167410,1.436780,1.277199,3.01583068e-05,20515.0
167420,1.313025,1.314756,3.01570870e-05,20516.2
167430,1.474572,1.294491,3.01558718e-05,20517.5
167440,1.230141,1.396082,3.01546614e-05,20518.7
167450,1.252849,1.264392,3.01534557e-05,20519.9
167460,1.331162,1.231738,3.01522547e-05,20521.1
167470,1.218463,1.270337,3.01510584e-05,20522.2
167480,1.297024,1.260092,3.01498669e-05,20523.4
167490,1.349080,1.418355,3.01486800e-05,20524.6
167500,1.300304,1.339295,3.01474979e-05,20525.8
167510,1.372411,1.271677,3.01463205e-05,20527.3
167520,1.301396,1.346370,3.01451478e-05,20528.5
167530,1.335919,1.284866,3.01439798e-05,20529.7
167540,1.184212,1.281483,3.01428166e-05,20530.9
167550,1.284798,1.286219,3.01416580e-05,20532.1
167560,1.225708,1.305411,3.01405042e-05,20533.3
167570,1.343366,1.289358,3.01393551e-05,20534.5
167580,1.242162,1.346608,3.01382107e-05,20535.7
167590,1.240558,1.341572,3.01370710e-05,20536.9
167600,1.357459,1.337516,3.01359360e-05,20538.1
167610,1.360283,1.219857,3.01348058e-05,20539.3
167620,1.326670,1.223291,3.01336802e-05,20540.6
167630,1.379526,1.331846,3.01325594e-05,20541.9
167640,1.191748,1.350584,3.01314433e-05,20543.1
167650,1.272720,1.274233,3.01303319e-05,20544.3
167660,1.301249,1.276439,3.01292252e-05,20545.5
167670,1.290488,1.223224,3.01281233e-05,20546.7
167680,1.417218,1.355385,3.01270261e-05,20547.9
167690,1.343149,1.369869,3.01259335e-05,20549.1
167700,1.334089,1.288520,3.01248457e-05,20550.3
167710,1.321167,1.328733,3.01237626e-05,20551.4
167720,1.296111,1.290918,3.01226843e-05,20552.6
167730,1.315147,1.284742,3.01216106e-05,20553.8
167740,1.304472,1.327304,3.01205417e-05,20555.0
167750,1.278454,1.338683,3.01194774e-05,20556.2
167760,1.263112,1.338759,3.01184179e-05,20557.4
167770,1.304922,1.323010,3.01173631e-05,20558.6
167780,1.376078,1.292211,3.01163131e-05,20559.8
167790,1.408588,1.332952,3.01152677e-05,20561.1
167800,1.315476,1.220825,3.01142271e-05,20562.3
167810,1.394287,1.274158,3.01131912e-05,20563.6
167820,1.308832,1.237470,3.01121599e-05,20564.8
167830,1.315204,1.208988,3.01111335e-05,20566.0
167840,1.259263,1.284688,3.01101117e-05,20567.3
167850,1.264452,1.296537,3.01090946e-05,20568.6
167860,1.313332,1.268268,3.01080823e-05,20569.8
167870,1.235181,1.182406,3.01070747e-05,20571.0
167880,1.263531,1.348543,3.01060718e-05,20572.2
167890,1.244171,1.323612,3.01050736e-05,20573.4
167900,1.270492,1.324161,3.01040801e-05,20574.6
167910,1.278901,1.332194,3.01030914e-05,20575.8
167920,1.289217,1.310003,3.01021073e-05,20577.0
167930,1.274220,1.319813,3.01011280e-05,20578.3
167940,1.298869,1.242831,3.01001534e-05,20579.5
167950,1.308928,1.360729,3.00991835e-05,20580.7
167960,1.285789,1.255557,3.00982183e-05,20581.9
167970,1.306435,1.283777,3.00972579e-05,20583.2
167980,1.237219,1.251002,3.00963022e-05,20584.4
167990,1.306653,1.360362,3.00953512e-05,20585.6
168000,1.304440,1.306272,3.00944049e-05,20586.8
168010,1.252678,1.303919,3.00934633e-05,20588.3
168020,1.296992,1.296606,3.00925264e-05,20589.5
168030,1.296541,1.298823,3.00915943e-05,20590.7
168040,1.336597,1.427455,3.00906668e-05,20591.8
168050,1.251131,1.383686,3.00897441e-05,20593.0
168060,1.263005,1.371549,3.00888261e-05,20594.2
168070,1.334450,1.366020,3.00879129e-05,20595.4
168080,1.307164,1.478576,3.00870043e-05,20596.6
168090,1.278772,1.292510,3.00861005e-05,20597.8
168100,1.296875,1.259667,3.00852013e-05,20599.1
168110,1.341069,1.339538,3.00843069e-05,20600.3
168120,1.407917,1.462339,3.00834173e-05,20601.5
168130,1.351197,1.233735,3.00825323e-05,20602.7
168140,1.262575,1.260306,3.00816520e-05,20604.0
168150,1.285024,1.338072,3.00807765e-05,20605.3
168160,1.384318,1.265342,3.00799057e-05,20606.5
168170,1.344498,1.296867,3.00790396e-05,20607.7
168180,1.217576,1.342090,3.00781782e-05,20608.9
168190,1.391682,1.373699,3.00773216e-05,20610.1
168200,1.375664,1.270629,3.00764696e-05,20611.4
168210,1.335863,1.278706,3.00756224e-05,20612.6
168220,1.433416,1.299943,3.00747799e-05,20613.9
168230,1.355618,1.271429,3.00739421e-05,20615.1
168240,1.304160,1.286819,3.00731090e-05,20616.3
168250,1.343075,1.333010,3.00722807e-05,20617.5
168260,1.259943,1.391135,3.00714571e-05,20618.8
168270,1.323158,1.332727,3.00706381e-05,20619.9
168280,1.228585,1.248804,3.00698239e-05,20621.1
168290,1.259123,1.380056,3.00690145e-05,20622.4
168300,1.302237,1.275077,3.00682097e-05,20623.6
168310,1.354264,1.266054,3.00674097e-05,20624.8
168320,1.296092,1.385866,3.00666144e-05,20626.0
168330,1.346426,1.290380,3.00658237e-05,20627.2
168340,1.282366,1.316744,3.00650379e-05,20628.4
168350,1.253694,1.355619,3.00642567e-05,20629.6
168360,1.311472,1.217226,3.00634802e-05,20630.9
168370,1.285979,1.399627,3.00627085e-05,20632.1
168380,1.111939,1.419440,3.00619415e-05,20633.3
168390,1.249466,1.311671,3.00611792e-05,20634.6
168400,1.297223,1.348913,3.00604216e-05,20635.9
168410,1.483120,1.304483,3.00596688e-05,20637.1
168420,1.268353,1.419291,3.00589207e-05,20638.4
168430,1.275213,1.296021,3.00581772e-05,20639.7
168440,1.316039,1.276757,3.00574385e-05,20640.9
168450,1.268432,1.307565,3.00567046e-05,20642.2
168460,1.216602,1.357213,3.00559753e-05,20643.5
168470,1.338600,1.272051,3.00552508e-05,20645.0
168480,1.305769,1.275882,3.00545309e-05,20646.3
168490,1.282476,1.322134,3.00538158e-05,20647.6
168500,1.316856,1.240818,3.00531054e-05,20648.8
168510,1.332871,1.282409,3.00523998e-05,20650.3
168520,1.265810,1.279485,3.00516988e-05,20651.6
168530,1.324018,1.167521,3.00510026e-05,20652.8
168540,1.264207,1.227115,3.00503111e-05,20654.1
168550,1.228051,1.304325,3.00496243e-05,20655.4
168560,1.472152,1.359607,3.00489422e-05,20656.6
168570,1.273967,1.319582,3.00482649e-05,20657.8
168580,1.290374,1.383950,3.00475922e-05,20659.1
168590,1.242699,1.336684,3.00469243e-05,20660.3
168600,1.265244,1.228017,3.00462611e-05,20661.5
168610,1.209993,1.364750,3.00456027e-05,20662.7
168620,1.341345,1.333105,3.00449489e-05,20663.9
168630,1.324806,1.334359,3.00442999e-05,20665.1
168640,1.248476,1.356775,3.00436555e-05,20666.3
168650,1.264390,1.340359,3.00430159e-05,20667.6
168660,1.410389,1.220278,3.00423811e-05,20668.8
168670,1.253395,1.375310,3.00417509e-05,20670.0
168680,1.279308,1.254799,3.00411255e-05,20671.3
168690,1.286251,1.376364,3.00405047e-05,20672.6
168700,1.266397,1.233277,3.00398887e-05,20673.8
168710,1.263915,1.259286,3.00392775e-05,20675.0
168720,1.386062,1.273645,3.00386709e-05,20676.2
168730,1.305534,1.239942,3.00380690e-05,20677.4
168740,1.311378,1.336576,3.00374719e-05,20678.6
168750,1.195959,1.322590,3.00368795e-05,20679.8
168760,1.320225,1.258236,3.00362918e-05,20681.0
168770,1.367531,1.270247,3.00357089e-05,20682.3
168780,1.225402,1.374126,3.00351306e-05,20683.5
168790,1.339290,1.396667,3.00345571e-05,20684.6
168800,1.258491,1.343690,3.00339883e-05,20685.8
168810,1.296637,1.407638,3.00334242e-05,20686.9
168820,1.290170,1.386128,3.00328648e-05,20688.0
168830,1.258329,1.325287,3.00323102e-05,20689.2
168840,1.337621,1.305279,3.00317602e-05,20690.4
168850,1.367249,1.252416,3.00312150e-05,20691.7
168860,1.335829,1.468289,3.00306746e-05,20692.9
168870,1.273798,1.321273,3.00301388e-05,20694.1
168880,1.292428,1.332708,3.00296077e-05,20695.3
168890,1.275796,1.363302,3.00290814e-05,20696.5
168900,1.411831,1.442954,3.00285598e-05,20697.7
168910,1.426143,1.248825,3.00280429e-05,20699.0
168920,1.318541,1.367667,3.00275307e-05,20700.2
168930,1.431092,1.425568,3.00270233e-05,20701.4
168940,1.212466,1.322076,3.00265205e-05,20702.6
168950,1.284788,1.357837,3.00260225e-05,20703.8
168960,1.359863,1.252264,3.00255292e-05,20705.1
168970,1.372142,1.345172,3.00250407e-05,20706.3
168980,1.432591,1.396399,3.00245568e-05,20707.5
168990,1.310823,1.375034,3.00240777e-05,20708.7
169000,1.258683,1.279235,3.00236033e-05,20709.9
169010,1.236823,1.367935,3.00231336e-05,20711.4
169020,1.427033,1.233121,3.00226686e-05,20712.6
169030,1.310476,1.316115,3.00222084e-05,20713.8
169040,1.289982,1.229917,3.00217528e-05,20715.1
169050,1.407071,1.383837,3.00213020e-05,20716.3
169060,1.400068,1.299682,3.00208559e-05,20717.5
169070,1.321032,1.361977,3.00204146e-05,20718.7
169080,1.324582,1.404044,3.00199779e-05,20719.9
169090,1.230148,1.355036,3.00195460e-05,20721.1
169100,1.344039,1.267389,3.00191188e-05,20722.3
169110,1.342658,1.316937,3.00186963e-05,20723.5
169120,1.325099,1.290000,3.00182785e-05,20724.8
169130,1.412673,1.364806,3.00178654e-05,20726.0
169140,1.350376,1.381649,3.00174571e-05,20727.2
169150,1.266544,1.306892,3.00170535e-05,20728.4
169160,1.247979,1.265140,3.00166546e-05,20729.7
169170,1.310210,1.258856,3.00162604e-05,20730.9
169180,1.417738,1.332931,3.00158710e-05,20732.1
169190,1.269762,1.423269,3.00154863e-05,20733.3
169200,1.347519,1.308368,3.00151063e-05,20734.6
169210,1.356457,1.335909,3.00147310e-05,20735.8
169220,1.264930,1.280212,3.00143604e-05,20737.0
169230,1.283780,1.257373,3.00139945e-05,20738.2
169240,1.209744,1.360915,3.00136334e-05,20739.4
169250,1.369652,1.328751,3.00132770e-05,20740.6
169260,1.350114,1.404233,3.00129253e-05,20741.9
169270,1.395976,1.329634,3.00125784e-05,20743.1
169280,1.279251,1.322322,3.00122361e-05,20744.4
169290,1.242118,1.253380,3.00118986e-05,20745.6
169300,1.366387,1.332732,3.00115658e-05,20746.9
169310,1.281330,1.280843,3.00112377e-05,20748.1
169320,1.259303,1.239130,3.00109143e-05,20749.4
169330,1.321089,1.306915,3.00105957e-05,20750.6
169340,1.214856,1.435191,3.00102818e-05,20751.8
169350,1.300066,1.382717,3.00099726e-05,20753.0
169360,1.350373,1.339402,3.00096681e-05,20754.3
169370,1.380941,1.309363,3.00093683e-05,20755.5
169380,1.362145,1.263220,3.00090733e-05,20756.7
169390,1.251123,1.423947,3.00087829e-05,20757.9
169400,1.337055,1.350703,3.00084973e-05,20759.1
169410,1.306441,1.264784,3.00082165e-05,20760.3
169420,1.294578,1.283405,3.00079403e-05,20761.6
169430,1.236199,1.305236,3.00076689e-05,20762.8
169440,1.361270,1.263097,3.00074021e-05,20764.0
169450,1.248945,1.281897,3.00071401e-05,20765.3
169460,1.320789,1.430675,3.00068829e-05,20766.5
169470,1.213798,1.385997,3.00066303e-05,20767.8
169480,1.260664,1.304274,3.00063825e-05,20769.0
169490,1.281806,1.289591,3.00061393e-05,20770.2
169500,1.259695,1.335694,3.00059009e-05,20771.5
169510,1.239694,1.330977,3.00056673e-05,20772.9
169520,1.351443,1.253598,3.00054383e-05,20774.1
169530,1.241937,1.302830,3.00052141e-05,20775.4
169540,1.298458,1.339084,3.00049946e-05,20776.6
169550,1.229725,1.473786,3.00047798e-05,20777.9
169560,1.193567,1.315269,3.00045697e-05,20779.1
169570,1.247693,1.260162,3.00043643e-05,20780.3
169580,1.241096,1.256528,3.00041637e-05,20781.6
169590,1.342454,1.342817,3.00039678e-05,20782.8
169600,1.200018,1.353954,3.00037766e-05,20784.0
169610,1.262368,1.292459,3.00035901e-05,20785.2
169620,1.287729,1.335789,3.00034084e-05,20786.5
169630,1.283869,1.327040,3.00032314e-05,20787.7
169640,1.256814,1.284111,3.00030591e-05,20788.9
169650,1.315677,1.385571,3.00028915e-05,20790.1
169660,1.374795,1.217438,3.00027286e-05,20791.3
169670,1.376530,1.265846,3.00025705e-05,20792.5
169680,1.398354,1.282818,3.00024170e-05,20793.7
169690,1.296651,1.286306,3.00022683e-05,20794.9
169700,1.233274,1.288981,3.00021244e-05,20796.1
169710,1.184153,1.341259,3.00019851e-05,20797.4
169720,1.254890,1.352825,3.00018505e-05,20798.6
169730,1.336551,1.304959,3.00017207e-05,20799.8
169740,1.405761,1.363760,3.00015956e-05,20801.1
169750,1.268209,1.300371,3.00014752e-05,20802.3
169760,1.168422,1.290695,3.00013596e-05,20803.6
169770,1.272898,1.303590,3.00012486e-05,20804.8
169780,1.241212,1.392238,3.00011424e-05,20806.1
169790,1.334366,1.283691,3.00010409e-05,20807.3
169800,1.243329,1.294454,3.00009442e-05,20808.5
169810,1.181082,1.396260,3.00008521e-05,20809.7
169820,1.294596,1.236308,3.00007648e-05,20811.1
169830,1.280022,1.280469,3.00006822e-05,20812.3
169840,1.296843,1.385306,3.00006043e-05,20813.5
169850,1.277695,1.277522,3.00005311e-05,20814.8
169860,1.330301,1.359101,3.00004626e-05,20816.0
169870,1.328584,1.230448,3.00003989e-05,20817.2
169880,1.258120,1.232106,3.00003399e-05,20818.5
169890,1.416072,1.460495,3.00002856e-05,20819.7
169900,1.297949,1.297594,3.00002360e-05,20821.0
169910,1.337979,1.324015,3.00001912e-05,20822.2
169920,1.283484,1.343876,3.00001511e-05,20823.4
169930,1.305890,1.250050,3.00001157e-05,20824.6
169940,1.299927,1.397475,3.00000850e-05,20825.8
169950,1.378219,1.223946,3.00000590e-05,20827.0
169960,1.277017,1.318280,3.00000378e-05,20828.3
169970,1.277266,1.273740,3.00000212e-05,20829.5
169980,1.242157,1.339188,3.00000094e-05,20830.7
169990,1.266585,1.370745,3.00000024e-05,20831.9
169999,1.327955,1.315475,3.00000000e-05,20833.1
